t_s,rojo,verde,azul,claro
0.0000,38,33,13,79
0.0211,38,33,13,79
0.0412,38,34,13,78
0.0585,38,34,13,78
0.0741,39,33,13,78
0.0879,39,33,13,78
0.1059,39,33,13,78
0.1346,38,33,13,78
0.1504,38,33,13,78
0.1733,39,34,14,79
0.1905,39,34,14,79
0.2087,38,34,14,79
0.2304,38,34,14,79
0.2441,38,34,14,79
0.2616,38,34,13,78
0.2752,38,34,13,78
0.2921,38,34,13,78
0.3074,38,34,14,79
0.3214,38,34,14,79
0.3351,38,34,14,79
0.3491,39,33,13,79
0.3630,39,33,13,79
0.3779,39,33,13,79
0.3933,38,33,13,78
0.4094,38,33,13,78
0.4247,38,33,13,78
0.4377,38,34,14,79
0.4552,38,34,14,79
0.4699,38,34,14,79
0.4840,38,34,14,78
0.4991,38,34,14,78
0.5133,38,34,14,78
0.5278,39,33,14,78
0.5426,39,33,14,78
0.5583,39,33,14,78
0.5733,38,33,14,79
0.5864,38,33,14,79
0.6043,39,33,13,79
0.6187,39,33,13,78
0.6331,39,33,13,78
0.6462,39,33,13,78
0.6626,39,34,14,78
0.6762,39,34,14,78
0.6936,39,34,14,78
0.7092,38,33,13,79
0.7234,38,33,13,79
0.7356,39,33,13,78
0.7531,39,33,13,78
0.7691,39,33,13,78
0.7829,38,33,14,79
0.7983,38,33,14,79
0.8132,38,33,14,79
0.8276,39,33,13,78
0.8423,39,33,13,78
0.8581,39,33,13,78
0.8746,38,34,13,78
0.8883,38,34,13,78
0.9048,38,34,13,78
0.9258,38,33,13,78
0.9515,38,33,13,78
0.9690,39,33,13,78
0.9849,39,33,13,78
1.0022,39,34,14,78
1.0222,39,34,14,78
1.0346,39,34,14,78
1.0546,38,34,14,79
1.0727,38,34,14,79
1.0883,38,34,14,79
1.1037,16,71,20,99
1.1300,15,74,21,99
1.1547,15,74,21,99
1.1699,15,74,21,99
1.1850,15,73,22,98
1.2023,15,73,22,98
1.2218,15,73,22,98
1.2357,15,73,22,98
1.2493,15,73,22,98
1.2629,15,73,22,98
1.2780,16,74,20,98
1.2942,16,74,20,98
1.3093,16,74,20,98
1.3229,16,73,21,99
1.3372,16,73,21,99
1.3492,16,73,21,99
1.3656,15,73,22,98
1.3781,15,73,22,98
1.3920,15,73,22,98
1.4081,15,73,22,98
1.4231,15,73,22,98
1.4366,15,73,22,98
1.4524,16,73,22,99
1.4691,16,73,22,99
1.4832,16,73,22,99
1.4966,16,74,22,98
1.5126,16,74,22,98
1.5267,16,74,22,98
1.5432,16,73,22,99
1.5589,16,73,22,99
1.5733,16,73,22,99
1.5853,16,73,23,98
1.6055,16,73,23,98
1.6194,16,73,23,98
1.6334,16,74,22,98
1.6481,16,74,22,98
1.6638,16,74,22,98
1.6781,15,73,23,98
1.6920,15,73,23,98
1.7082,15,73,23,98
1.7238,15,73,22,98
1.7368,15,73,22,98
1.7524,15,73,22,98
1.7650,16,74,22,98
1.7804,16,74,22,98
1.7952,16,74,22,98
1.8123,16,73,22,99
1.8266,16,73,22,99
1.8436,16,73,22,99
1.8580,16,73,23,98
1.8728,16,73,23,98
1.8850,16,73,23,98
1.9023,16,74,22,98
1.9165,16,74,22,98
1.9342,15,75,23,98
1.9491,15,75,23,98
1.9692,15,75,23,98
1.9842,15,73,22,98
2.0028,15,73,22,98
2.0176,15,73,22,98
2.0349,16,74,20,99
2.0488,16,74,20,99
2.0655,16,74,22,99
2.0817,16,74,22,99
2.1017,16,74,22,99
2.1225,15,73,22,99
2.1425,15,73,22,99
2.1598,16,74,22,99
2.1773,16,74,22,99
2.1921,16,74,22,99
2.2087,16,74,22,99
2.2239,16,74,22,99
2.2372,16,74,22,99
2.2519,15,73,20,99
2.2660,15,73,20,99
2.2840,15,73,20,99
2.2971,16,74,23,99
2.3132,16,74,23,99
2.3270,16,74,23,99
2.3432,15,73,23,99
2.3606,15,73,23,99
2.3754,15,73,23,99
2.3893,15,73,20,99
2.4046,15,73,20,99
2.4194,15,73,20,99
2.4338,15,73,21,99
2.4486,15,73,21,99
2.4632,15,73,21,99
2.4781,16,74,22,98
2.4921,16,74,22,98
2.5059,16,74,22,98
2.5232,16,74,23,98
2.5368,16,74,23,98
2.5533,15,73,23,99
2.5696,15,73,23,99
2.5846,15,73,23,99
2.6003,15,73,23,98
2.6146,15,73,23,98
2.6291,15,73,23,98
2.6431,15,73,22,98
2.6610,15,73,22,98
2.6741,15,73,22,98
2.6914,16,74,22,98
2.7055,16,74,22,98
2.7239,16,74,22,98
2.7371,16,73,22,99
2.7531,16,73,22,99
2.7690,16,73,22,99
2.7837,16,73,23,98
2.7971,16,73,23,98
2.8139,16,73,23,98
2.8264,16,74,20,99
2.8439,16,74,20,99
2.8592,16,74,20,99
2.8732,16,73,22,98
2.8901,16,73,22,98
2.9057,16,73,22,98
2.9219,15,73,20,98
2.9422,15,73,20,98
2.9633,16,74,22,98
2.9782,16,74,22,98
2.9922,16,74,22,98
3.0102,15,73,23,99
3.0293,15,73,23,99
3.0509,15,74,23,98
3.0678,15,74,23,98
3.0843,15,74,23,98
3.1011,15,48,42,98
3.1212,15,48,42,98
3.1419,15,41,51,99
3.1595,15,41,51,99
3.1723,15,41,51,99
3.1893,15,40,51,99
3.2114,15,40,51,99
3.2263,16,41,52,98
3.2427,16,41,52,98
3.2580,16,41,52,98
3.2751,15,40,52,99
3.2888,15,40,52,99
3.3029,15,40,52,99
3.3200,15,40,51,98
3.3337,15,40,51,98
3.3476,15,40,51,98
3.3626,15,40,51,98
3.3751,15,40,51,98
3.3921,15,40,51,98
3.4052,13,40,51,98
3.4201,13,40,51,98
3.4354,13,40,51,98
3.4489,15,40,52,99
3.4636,15,40,52,99
3.4772,15,40,52,99
3.4951,16,40,51,99
3.5098,16,40,51,99
3.5231,16,40,51,99
3.5364,16,41,51,98
3.5523,16,41,51,98
3.5682,16,41,51,98
3.5849,15,40,51,98
3.6004,15,40,51,98
3.6155,15,40,51,98
3.6276,15,40,51,99
3.6430,15,40,51,99
3.6580,15,40,51,99
3.6723,15,40,52,99
3.6862,15,40,52,99
3.7031,15,40,52,99
3.7162,16,40,51,99
3.7333,16,40,51,99
3.7494,16,40,51,99
3.7632,15,40,52,98
3.7772,15,40,52,98
3.7923,15,40,52,98
3.8082,16,41,52,98
3.8229,16,41,52,98
3.8359,16,41,52,98
3.8525,16,40,52,99
3.8693,16,40,52,99
3.8847,16,41,52,98
3.8981,16,41,52,98
3.9151,16,41,52,98
3.9293,16,41,52,99
3.9503,16,41,52,99
3.9728,16,41,52,99
3.9881,16,41,52,99
4.0031,16,41,52,99
4.0183,16,41,52,99
4.0350,16,41,52,99
4.0509,16,41,52,99
4.0673,16,41,52,99
4.0833,16,41,52,99
4.1034,14,41,52,99
4.1323,14,41,52,99
4.1475,14,41,52,99
4.1641,15,40,51,99
4.1785,15,40,51,99
4.1946,13,40,52,99
4.2084,13,40,52,99
4.2273,13,40,52,99
4.2415,16,41,51,98
4.2554,16,41,51,98
4.2704,16,41,51,98
4.2834,16,41,51,98
4.2957,16,41,51,98
4.3140,16,41,51,98
4.3269,15,40,51,99
4.3442,15,40,51,99
4.3595,15,40,51,99
4.3731,15,41,51,99
4.3865,15,41,51,99
4.4022,15,41,51,99
4.4150,15,41,51,99
4.4305,16,40,51,98
4.4439,16,40,51,98
4.4606,15,40,51,99
4.4765,15,40,51,99
4.4947,15,40,51,99
4.5092,16,41,52,98
4.5233,16,41,52,98
4.5400,16,41,52,98
4.5538,15,40,52,99
4.5694,15,40,52,99
4.5832,15,40,52,99
4.5979,15,40,51,98
4.6142,15,40,51,98
4.6275,15,40,51,98
4.6431,15,40,51,98
4.6596,15,40,51,98
4.6730,15,40,51,98
4.6864,16,41,51,98
4.7020,16,41,51,98
4.7150,16,41,51,98
4.7306,15,40,52,99
4.7438,15,40,52,99
4.7623,15,40,52,99
4.7762,16,41,51,99
4.7935,16,41,51,99
4.8096,16,41,51,99
4.8238,16,40,52,99
4.8386,16,40,52,99
4.8533,16,40,52,99
4.8677,14,41,51,99
4.8827,14,41,51,99
4.8970,14,41,51,99
4.9152,15,40,52,98
4.9313,15,40,52,98
4.9519,13,40,52,99
4.9737,13,40,52,99
4.9884,13,40,52,99
5.0037,13,40,52,99
5.0178,13,40,52,99
5.0346,13,40,52,99
5.0486,13,41,51,98
5.0640,13,41,51,98
5.0800,24,41,51,98
5.0938,24,49,33,97
5.1243,31,56,18,97
5.1423,31,56,18,97
5.1611,31,56,18,97
5.1751,31,55,19,95
5.1928,31,55,19,95
5.2082,31,55,19,95
5.2238,31,55,19,95
5.2372,31,55,19,95
5.2518,31,55,19,95
5.2661,31,55,19,95
5.2843,31,55,19,95
5.2980,31,55,19,95
5.3132,31,56,19,95
5.3306,31,56,19,95
5.3443,31,56,19,95
5.3602,30,56,18,97
5.3753,30,56,18,97
5.3893,30,56,19,97
5.4044,30,56,19,97
5.4195,30,56,19,97
5.4332,30,56,19,97
5.4480,31,55,19,95
5.4630,31,55,19,95
5.4769,31,55,19,95
5.4923,31,55,19,95
5.5097,31,55,19,95
5.5245,31,56,19,95
5.5379,31,56,19,95
5.5533,31,56,19,95
5.5715,30,56,18,97
5.5854,30,56,18,97
5.5998,30,56,18,97
5.6211,30,56,19,97
5.6405,30,56,19,97
5.6539,31,55,19,95
5.6732,31,55,19,95
5.6866,31,55,19,95
5.7053,31,56,19,95
5.7201,31,56,19,95
5.7347,31,56,19,95
5.7501,31,55,19,95
5.7633,31,55,19,95
5.7762,31,55,19,95
5.7933,31,56,19,95
5.8104,31,56,19,95
5.8241,31,56,19,95
5.8375,31,55,19,97
5.8534,31,55,19,97
5.8689,31,55,19,97
5.8832,30,56,19,95
5.8977,30,56,19,95
5.9140,30,56,19,95
5.9314,31,55,19,97
5.9500,31,55,19,97
5.9705,30,56,18,97
5.9880,30,56,18,97
6.0032,30,56,18,97
6.0202,30,56,19,95
6.0357,30,56,19,95
6.0512,30,56,19,95
6.0662,30,56,19,97
6.0826,30,56,19,97
6.1003,30,55,19,95
6.1248,30,55,19,95
6.1511,34,56,19,95
6.1693,34,56,19,95
6.1906,30,56,18,97
6.2052,30,56,18,97
6.2250,30,56,18,97
6.2385,30,56,18,97
6.2548,30,56,18,97
6.2696,30,56,18,97
6.2839,30,56,19,95
6.3001,30,56,19,95
6.3160,30,56,19,95
6.3297,31,56,19,97
6.3437,31,56,19,97
6.3594,31,56,19,97
6.3746,31,56,19,95
6.3887,31,56,19,95
6.4048,31,56,19,95
6.4199,31,55,19,97
6.4338,31,55,19,97
6.4472,31,55,19,97
6.4627,31,56,19,97
6.4770,31,56,19,97
6.4929,31,56,19,97
6.5059,30,56,18,97
6.5224,30,56,18,97
6.5361,30,56,18,97
6.5530,30,56,18,97
6.5669,30,56,18,97
6.5823,30,56,18,97
6.6001,30,56,19,95
6.6169,30,56,19,95
6.6307,30,56,19,95
6.6446,34,56,18,97
6.6596,34,56,18,97
6.6729,34,56,18,97
6.6882,31,56,18,97
6.7021,31,56,18,97
6.7159,31,56,18,97
6.7330,30,56,19,97
6.7469,30,56,19,97
6.7620,30,56,19,97
6.7769,30,55,19,95
6.7929,30,55,19,95
6.8059,30,55,19,95
6.8243,31,55,18,97
6.8380,31,55,18,97
6.8529,31,55,18,97
6.8667,30,56,19,95
6.8822,30,56,19,95
6.8965,31,55,18,97
6.9137,31,55,18,97
6.9267,31,55,18,97
6.9487,30,56,18,97
6.9628,30,56,18,97
6.9809,30,56,18,97
7.0001,30,55,18,97
7.0171,30,55,18,97
7.0331,31,55,18,97
7.0482,31,55,18,97
7.0643,31,55,18,97
7.0819,34,54,17,93
7.0989,34,54,17,93
7.1222,36,45,15,85
7.1416,36,45,15,85
7.1582,36,45,15,85
7.1728,35,45,15,85
7.1910,35,45,15,85
7.2106,36,46,17,86
7.2260,36,46,17,86
7.2439,36,46,17,86
7.2594,36,46,17,85
7.2729,36,46,17,85
7.2866,36,46,17,85
7.3035,36,46,17,86
7.3151,36,46,17,86
7.3328,36,46,17,86
7.3461,36,46,17,85
7.3618,36,46,17,85
7.3741,36,46,17,85
7.3899,36,46,15,86
7.4036,36,46,15,86
7.4212,36,46,15,86
7.4349,35,45,15,86
7.4536,35,45,15,86
7.4686,35,45,15,86
7.4830,36,46,17,85
7.4972,36,46,17,85
7.5135,36,46,17,85
7.5285,36,46,17,85
7.5432,36,46,17,85
7.5581,36,46,17,85
7.5733,36,46,17,86
7.5864,36,46,17,86
7.6029,36,46,17,85
7.6210,36,46,17,85
7.6348,36,46,17,85
7.6477,36,46,17,85
7.6623,36,46,15,86
7.6759,36,46,15,86
7.6933,36,46,15,86
7.7082,35,45,15,86
7.7226,35,45,15,86
7.7362,35,45,15,86
7.7532,36,46,17,85
7.7671,36,46,17,85
7.7819,36,46,17,85
7.7958,36,46,17,86
7.8132,36,46,17,86
7.8269,36,46,17,86
7.8419,36,46,17,85
7.8587,36,46,17,85
7.8731,35,46,17,85
7.8863,35,45,15,86
7.9043,35,45,15,86
7.9211,36,45,17,86
7.9390,36,45,17,86
7.9525,36,45,17,86
7.9753,36,46,17,85
7.9932,36,46,17,85
8.0080,35,45,17,85
8.0253,35,45,17,85
8.0409,35,45,17,85
8.0577,35,46,15,86
8.0725,35,46,15,86
8.0913,35,46,15,86
8.1114,35,46,15,85
8.1324,35,46,15,85
8.1562,35,45,15,86
8.1730,35,45,15,86
8.1858,35,45,17,85
8.2043,35,45,17,85
8.2242,35,45,17,85
8.2402,35,43,15,86
8.2531,35,43,15,86
8.2702,35,43,15,86
8.2830,36,45,15,85
8.3001,36,45,15,85
8.3140,36,45,15,85
8.3311,36,46,17,85
8.3453,36,46,17,85
8.3608,35,45,17,85
8.3742,35,45,17,85
8.3877,35,45,17,85
8.4033,36,46,17,85
8.4190,36,46,17,85
8.4320,36,46,17,85
8.4480,36,46,17,85
8.4618,33,45,15,86
8.4802,33,45,15,86
8.4927,33,45,15,86
8.5107,35,45,15,85
8.5252,35,45,15,85
8.5439,35,45,15,85
8.5581,35,45,15,85
8.5732,35,45,15,85
8.5877,35,45,17,85
8.6047,35,45,17,85
8.6189,35,45,17,85
8.6338,35,45,15,85
8.6474,35,45,15,85
8.6641,35,45,15,85
8.6778,36,45,17,86
8.6914,36,45,17,86
8.7051,36,45,17,86
8.7201,36,46,17,85
8.7341,36,46,17,85
8.7474,36,46,17,85
8.7630,35,45,17,86
8.7772,35,45,17,86
8.7926,35,45,17,86
8.8051,36,46,17,85
8.8250,36,46,17,85
8.8387,36,46,17,85
8.8548,36,46,17,86
8.8701,36,46,17,86
8.8848,36,46,17,86
8.8985,36,46,17,85
8.9139,36,46,17,85
8.9286,36,46,17,85
8.9498,36,46,15,86
8.9719,36,46,15,86
8.9886,35,45,15,86
9.0031,35,45,15,86
9.0200,35,45,15,86
9.0353,36,44,15,85
9.0509,36,44,15,85
9.0721,34,45,19,89
9.0901,34,45,19,89
9.1069,15,68,43,113
9.1341,15,68,43,113
9.1532,15,68,43,113
9.1731,15,68,43,113
9.1905,15,68,43,113
9.2050,15,65,42,110
9.2232,15,65,42,110
9.2393,15,65,42,110
9.2536,15,68,43,113
9.2683,15,68,43,113
9.2832,15,68,43,113
9.2986,15,68,43,113
9.3128,15,68,43,113
9.3269,15,68,43,113
9.3420,16,69,43,113
9.3582,16,69,43,113
9.3731,16,69,43,113
9.3862,16,69,42,113
9.4021,16,69,42,113
9.4185,16,69,42,113
9.4349,15,68,42,113
9.4492,15,68,42,113
9.4632,15,68,42,113
9.4783,15,68,43,114
9.4930,15,68,43,114
9.5090,15,68,43,114
9.5259,15,68,43,114
9.5391,15,68,43,114
9.5530,15,68,43,114
9.5667,15,69,43,113
9.5837,15,69,43,113
9.5979,15,69,43,113
9.6128,15,68,43,113
9.6270,15,68,43,113
9.6419,15,68,43,113
9.6541,16,69,42,114
9.6727,16,69,42,114
9.6866,16,69,42,114
9.7022,16,69,43,113
9.7157,16,69,43,113
9.7329,16,69,43,113
9.7464,16,68,42,113
9.7619,16,68,42,113
9.7767,16,69,43,113
9.7931,16,69,43,114
9.8078,16,69,43,114
9.8233,16,69,43,114
9.8363,15,69,43,113
9.8528,15,69,43,113
9.8664,15,69,43,113
9.8822,15,68,43,113
9.8963,15,68,43,113
9.9136,15,68,43,113
9.9296,15,68,43,113
9.9483,15,68,43,113
9.9717,16,69,42,114
9.9883,16,69,42,114
10.0033,16,69,43,114
10.0209,16,69,43,114
10.0380,16,69,43,114
10.0528,15,69,42,114
10.0733,15,69,42,114
10.0922,15,68,43,110
10.1051,15,68,43,110
10.1317,16,69,42,113
10.1527,16,69,42,113
10.1680,16,69,42,113
10.1845,15,68,42,114
10.2013,15,68,42,114
10.2202,15,68,42,114
10.2396,16,69,42,113
10.2536,16,69,42,113
10.2717,16,65,43,110
10.2850,16,65,43,110
10.3016,16,65,43,110
10.3172,16,69,43,114
10.3333,16,69,43,114
10.3463,16,69,43,114
10.3622,15,68,43,113
10.3770,15,68,43,113
10.3933,15,68,43,113
10.4080,15,68,43,113
10.4239,15,68,43,113
10.4376,15,68,43,113
10.4539,16,69,42,114
10.4683,16,69,42,114
10.4826,16,69,42,114
10.4961,16,69,42,114
10.5132,16,69,42,114
10.5282,16,69,42,114
10.5429,15,68,43,114
10.5546,15,68,43,114
10.5731,15,68,43,114
10.5864,15,68,42,113
10.6027,15,68,42,113
10.6222,15,68,42,114
10.6372,15,68,42,114
10.6518,15,68,42,114
10.6705,16,68,42,110
10.6897,16,68,42,110
10.7030,16,68,42,110
10.7204,15,68,43,113
10.7331,15,68,43,113
10.7496,15,68,43,113
10.7630,15,68,43,113
10.7796,15,68,43,113
10.7941,15,68,43,113
10.8102,16,69,43,113
10.8234,16,69,43,113
10.8413,16,69,43,113
10.8543,16,69,42,113
10.8741,16,69,42,113
10.8874,16,69,43,113
10.9014,16,69,43,113
10.9207,16,69,43,113
10.9370,16,69,43,114
10.9505,16,69,43,114
10.9689,16,69,43,114
10.9844,16,68,43,110
11.0003,16,68,43,110
11.0163,16,68,43,110
11.0332,16,69,43,114
11.0482,16,69,43,114
11.0633,16,69,43,114
11.0777,15,68,42,114
11.0923,15,68,42,114
11.1152,29,40,35,97
11.1367,29,40,35,97
11.1543,31,38,36,97
11.1711,31,38,36,97
11.1898,31,38,36,97
11.2044,30,39,35,95
11.2207,30,39,35,95
11.2342,30,39,35,95
11.2484,28,39,35,95
11.2619,28,39,35,95
11.2802,28,39,35,95
11.2951,29,39,35,97
11.3134,29,39,35,97
11.3267,29,39,35,97
11.3446,28,39,35,97
11.3593,28,39,35,97
11.3741,28,39,35,97
11.3874,31,39,35,97
11.4019,31,39,35,97
11.4191,29,38,36,97
11.4331,29,38,36,97
11.4460,29,38,36,97
11.4626,29,38,36,97
11.4767,31,38,36,97
11.4931,31,38,36,97
11.5079,30,39,35,97
11.5242,30,39,35,97
11.5374,30,39,35,97
11.5530,29,38,36,97
11.5664,29,38,36,97
11.5821,29,38,36,97
11.5962,31,38,35,97
11.6132,31,38,35,97
11.6262,31,38,35,97
11.6431,28,39,35,97
11.6595,28,39,35,97
11.6738,28,39,35,97
11.6885,31,39,35,95
11.7021,31,39,35,95
11.7210,31,39,35,95
11.7410,31,39,36,95
11.7547,31,39,36,95
11.7748,28,38,35,95
11.7897,28,38,35,95
11.8038,28,38,35,95
11.8184,31,38,36,95
11.8324,31,38,36,95
11.8469,31,38,36,95
11.8630,28,38,36,95
11.8760,28,38,36,95
11.8929,28,38,36,95
11.9060,31,38,35,97
11.9230,31,38,35,97
11.9374,31,38,35,97
11.9542,28,39,35,97
11.9700,28,39,35,97
11.9859,28,39,35,97
11.9994,29,39,35,95
12.0167,29,39,35,95
12.0327,29,39,35,95
12.0462,30,39,36,95
12.0610,30,39,36,95
12.0791,30,39,36,95
12.0930,29,39,36,95
12.1101,29,39,36,95
12.1343,29,38,36,97
12.1531,29,38,36,97
12.1739,31,39,36,97
12.1874,31,39,35,97
12.2030,31,39,35,97
12.2213,29,39,36,95
12.2406,29,39,36,95
12.2541,29,39,36,95
12.2691,30,39,36,95
12.2858,30,39,36,95
12.3002,30,39,36,95
12.3142,31,38,35,97
12.3280,31,38,35,97
12.3418,31,38,35,97
12.3545,30,39,36,95
12.3727,30,39,36,95
12.3859,30,39,36,95
12.4017,31,39,35,97
12.4166,31,39,35,97
12.4341,31,39,35,97
12.4475,28,39,35,95
12.4628,28,39,35,95
12.4780,28,39,35,95
12.4926,30,39,36,95
12.5093,30,39,36,95
12.5254,30,39,36,95
12.5402,31,38,36,97
12.5538,31,38,36,97
12.5676,31,38,36,97
12.5834,29,38,35,97
12.5980,29,38,35,97
12.6127,29,38,35,97
12.6269,28,38,36,97
12.6401,28,38,36,97
12.6545,28,38,36,97
12.6675,31,38,36,97
12.6829,31,38,36,97
12.6964,31,38,36,97
12.7123,29,38,36,97
12.7262,29,38,36,97
12.7426,29,38,36,97
12.7579,29,39,36,97
12.7718,29,39,36,97
12.7855,29,39,36,97
12.8028,28,38,36,95
12.8163,28,38,36,95
12.8314,28,38,36,95
12.8438,29,38,36,95
12.8606,29,38,36,95
12.8736,29,38,36,95
12.8904,28,39,35,97
12.9050,28,39,35,97
12.9202,28,39,35,97
12.9341,30,38,36,95
12.9498,30,38,36,95
12.9694,30,38,36,95
12.9827,28,38,35,95
12.9974,28,38,35,95
13.0194,29,39,36,97
13.0324,29,39,36,97
13.0486,29,39,36,97
13.0627,30,38,36,97
13.0811,30,38,36,97
13.0996,30,38,36,97
13.1191,26,38,40,97
13.1391,26,38,40,97
13.1606,24,39,43,99
13.1744,24,39,43,99
13.1921,24,39,43,98
13.2100,24,39,43,98
13.2251,24,39,43,98
13.2398,23,38,43,99
13.2538,23,38,43,99
13.2707,23,38,43,99
13.2832,23,39,42,99
13.2968,23,39,42,99
13.3131,23,39,42,99
13.3275,23,38,43,98
13.3431,23,38,43,98
13.3580,23,38,43,98
13.3715,23,39,42,99
13.3882,23,39,42,99
13.4031,23,39,42,99
13.4170,23,38,42,98
13.4333,23,38,42,98
13.4456,23,38,42,98
13.4597,23,39,42,99
13.4738,23,39,42,99
13.4870,23,39,42,99
13.5013,23,38,42,98
13.5181,23,38,42,98
13.5345,23,38,42,98
13.5478,23,38,42,98
13.5617,23,38,42,98
13.5767,23,38,42,98
13.5929,23,39,43,99
13.6088,23,39,43,99
13.6243,23,39,43,99
13.6400,24,39,42,98
13.6532,24,39,42,98
13.6678,24,39,42,98
13.6814,23,39,42,98
13.6953,23,39,42,98
13.7130,23,39,42,98
13.7269,24,39,43,99
13.7414,24,39,43,99
13.7582,24,39,43,99
13.7726,23,39,42,98
13.7857,23,39,42,98
13.8022,23,39,42,98
13.8158,23,38,43,99
13.8324,23,38,43,99
13.8454,23,38,43,99
13.8592,23,38,42,98
13.8752,23,38,42,98
13.8901,23,38,42,98
13.9052,23,39,43,98
13.9206,23,39,43,98
13.9370,23,39,43,98
13.9514,24,39,43,99
13.9732,24,39,43,99
13.9921,23,39,42,98
14.0111,23,39,42,98
14.0316,23,39,42,98
14.0452,23,38,43,99
14.0662,23,38,43,99
14.0814,24,38,42,98
14.0977,24,38,42,98
14.1220,24,38,43,99
14.1402,24,38,43,99
14.1556,24,38,43,99
14.1723,23,38,43,99
14.1897,23,38,43,99
14.2062,23,38,43,99
14.2246,23,39,42,98
14.2387,23,39,42,98
14.2532,23,39,42,98
14.2672,24,39,43,99
14.2810,24,39,43,99
14.2972,24,39,43,99
14.3113,23,39,42,98
14.3298,23,39,42,98
14.3436,23,39,42,98
14.3606,23,38,43,99
14.3751,23,38,43,99
14.3924,24,38,42,98
14.4081,24,38,42,98
14.4229,24,38,42,98
14.4360,24,38,43,99
14.4523,24,38,43,99
14.4687,24,38,43,99
14.4848,23,38,43,99
14.4982,23,38,43,99
14.5123,23,38,43,99
14.5271,23,39,42,98
14.5429,23,39,42,98
14.5559,23,39,42,98
14.5724,24,39,43,99
14.5875,24,39,43,99
14.6058,24,39,43,99
14.6211,23,39,42,98
14.6372,23,39,42,98
14.6506,23,39,42,98
14.6646,23,38,43,99
14.6795,23,38,43,99
14.6953,23,38,43,99
14.7093,24,38,42,98
14.7243,24,38,42,98
14.7373,24,38,42,98
14.7523,24,39,42,98
14.7681,24,39,42,98
14.7832,24,39,42,98
14.7967,23,38,43,99
14.8119,23,38,43,99
14.8281,23,38,43,99
14.8425,24,39,43,98
14.8555,24,39,43,98
14.8721,24,39,43,98
14.8859,23,38,43,99
14.9025,23,38,43,99
14.9170,23,38,43,99
14.9321,23,39,42,99
14.9468,23,39,42,99
14.9628,23,39,42,99
14.9783,24,39,42,99
14.9931,24,39,42,99
15.0127,23,39,42,98
15.0288,23,39,42,98
15.0430,23,39,42,98
15.0629,24,38,42,98
15.0783,24,38,42,98
15.0924,24,38,42,98
15.1057,24,56,31,98
15.1357,24,56,31,98
15.1541,24,68,20,99
15.1678,24,68,20,99
15.1821,24,68,20,99
15.2003,23,69,21,100
15.2167,23,69,21,100
15.2327,24,68,20,102
15.2463,24,68,20,102
15.2631,24,68,20,102
15.2748,24,68,20,102
15.2902,24,69,21,102
15.3037,24,69,21,102
15.3200,24,69,21,102
15.3353,24,69,20,100
15.3519,24,69,20,100
15.3638,24,69,20,100
15.3774,24,68,20,99
15.3930,24,68,20,99
15.4081,23,69,21,102
15.4237,23,69,21,102
15.4374,23,69,21,102
15.4525,23,69,21,102
15.4654,24,68,21,98
15.4828,24,68,21,98
15.4974,24,68,21,98
15.5120,23,68,21,102
15.5264,23,68,21,102
15.5422,23,68,21,102
15.5553,23,69,21,102
15.5723,23,69,21,102
15.5863,24,69,20,100
15.6043,24,69,20,100
15.6202,24,69,20,100
15.6362,24,68,20,102
15.6511,24,68,20,102
15.6648,24,68,20,102
15.6786,24,69,21,99
15.6939,24,69,21,99
15.7060,24,69,21,99
15.7229,23,69,20,102
15.7361,23,69,20,102
15.7514,23,69,20,102
15.7659,23,68,21,99
15.7824,23,68,21,99
15.7970,23,68,21,99
15.8133,23,68,20,99
15.8282,23,68,20,99
15.8423,23,68,20,99
15.8559,24,69,21,102
15.8733,24,69,21,102
15.8871,24,69,21,102
15.9032,24,69,20,100
15.9174,24,69,20,100
15.9353,24,69,20,100
15.9533,24,69,21,102
15.9693,24,69,21,102
15.9834,23,68,20,98
16.0013,23,68,20,98
16.0162,23,68,20,98
16.0335,24,68,20,102
16.0476,24,68,20,102
16.0636,24,68,20,102
16.0772,24,69,21,99
16.0925,24,69,21,99
16.1059,24,69,21,99
16.1336,23,69,20,102
16.1552,23,69,20,102
16.1706,23,68,21,99
16.1852,23,68,21,99
16.2046,23,68,20,99
16.2231,23,68,20,99
16.2403,23,68,20,99
16.2542,24,69,21,102
16.2699,24,69,21,102
16.2830,24,69,21,102
16.2996,23,68,21,102
16.3178,23,68,21,102
16.3328,23,68,21,102
16.3461,23,69,21,102
16.3630,23,69,21,102
16.3771,23,69,21,102
16.3903,24,68,21,100
16.4055,24,68,21,100
16.4203,24,68,21,100
16.4343,23,69,21,99
16.4489,23,69,21,99
16.4628,23,69,21,99
16.4768,23,69,21,102
16.4912,23,69,21,102
16.5051,23,69,21,102
16.5228,24,68,21,100
16.5366,24,68,21,100
16.5512,24,68,21,100
16.5652,23,68,21,100
16.5838,23,68,21,100
16.5976,23,68,21,100
16.6139,23,68,21,102
16.6291,23,68,21,102
16.6425,23,68,21,102
16.6580,24,68,20,99
16.6727,24,68,20,99
16.6865,24,68,20,99
16.7026,24,69,20,100
16.7164,24,69,20,100
16.7342,24,69,20,100
16.7463,23,68,21,100
16.7654,23,68,21,100
16.7786,23,68,21,100
16.7926,23,68,21,102
16.8051,23,68,21,102
16.8224,23,68,21,102
16.8353,24,68,21,102
16.8511,24,68,21,102
16.8654,24,68,21,102
16.8827,24,69,21,102
16.8961,24,69,21,102
16.9144,24,69,21,102
16.9301,24,69,21,100
16.9488,24,69,21,100
16.9723,24,69,21,99
16.9877,24,69,21,99
17.0051,23,68,20,102
17.0231,23,68,20,102
17.0406,23,68,20,102
17.0619,24,68,20,102
17.0763,24,68,20,102
17.0952,24,66,20,102
17.1151,24,66,22,100
17.1359,25,58,26,102
17.1558,25,58,26,102
17.1736,25,58,26,102
17.1903,26,59,29,102
17.2049,26,59,29,102
17.2205,26,59,29,102
17.2362,26,58,30,102
17.2527,26,58,30,102
17.2699,26,59,26,102
17.2853,26,59,26,102
17.2996,26,59,26,102
17.3157,26,58,26,102
17.3305,26,58,26,102
17.3461,26,58,26,102
17.3622,26,59,28,100
17.3768,26,59,28,100
17.3908,26,59,28,100
17.4062,25,58,28,100
17.4218,25,58,28,100
17.4358,25,58,28,100
17.4505,25,58,26,102
17.4647,25,58,26,102
17.4793,25,58,26,102
17.4933,25,58,30,102
17.5112,25,58,30,102
17.5278,25,58,30,102
17.5417,25,59,28,102
17.5579,25,59,28,102
17.5710,25,59,28,102
17.5849,26,58,26,102
17.5991,26,58,26,102
17.6183,26,58,26,102
17.6318,25,58,28,102
17.6482,25,58,28,102
17.6628,25,58,28,102
17.6780,26,58,30,102
17.6938,26,58,30,102
17.7101,26,58,30,102
17.7231,25,58,28,100
17.7380,25,58,28,100
17.7515,25,58,28,100
17.7718,25,58,28,100
17.7862,25,58,28,100
17.8024,26,59,28,102
17.8176,26,59,28,102
17.8320,26,59,28,102
17.8454,26,59,26,102
17.8624,26,59,26,102
17.8752,26,59,26,102
17.8924,25,58,28,102
17.9085,25,58,28,102
17.9243,25,58,28,102
17.9492,26,58,26,102
17.9730,26,58,26,102
17.9891,26,59,28,102
18.0027,26,59,28,102
18.0253,26,58,28,100
18.0416,26,58,28,100
18.0606,26,58,28,100
18.0796,26,58,28,100
18.0952,26,58,28,100
18.1253,26,58,26,102
18.1515,26,58,26,102
18.1722,26,59,28,102
18.1901,26,59,28,102
18.2129,25,58,30,102
18.2301,25,58,30,102
18.2438,25,58,30,102
18.2602,25,59,28,102
18.2763,25,59,28,102
18.2901,25,59,28,102
18.3038,26,58,26,102
18.3185,26,58,26,102
18.3324,26,58,26,102
18.3473,25,58,29,102
18.3624,25,58,29,102
18.3771,25,58,29,102
18.3912,26,59,30,102
18.4084,26,59,30,102
18.4223,26,59,30,102
18.4360,26,59,30,100
18.4522,26,59,30,100
18.4690,25,59,29,100
18.4820,25,59,29,102
18.4972,25,59,29,102
18.5109,25,58,30,102
18.5268,25,58,30,102
18.5409,25,58,30,102
18.5548,25,58,30,102
18.5694,26,59,30,100
18.5861,26,59,30,100
18.5997,26,59,29,100
18.6183,26,59,29,100
18.6320,26,59,29,100
18.6494,25,58,30,102
18.6632,25,58,30,102
18.6803,25,58,30,102
18.6936,25,58,29,100
18.7101,25,58,29,100
18.7244,25,58,29,100
18.7399,26,59,30,100
18.7531,26,59,30,100
18.7691,26,59,30,100
18.7831,25,59,29,104
18.8021,25,59,29,104
18.8159,25,59,29,104
18.8333,26,58,29,103
18.8456,26,58,29,103
18.8631,26,58,29,103
18.8780,26,59,30,104
18.8922,26,59,30,104
18.9058,26,59,30,104
18.9226,26,59,29,103
18.9381,26,59,29,103
18.9548,26,59,30,103
18.9733,26,59,30,103
18.9894,26,59,30,103
19.0138,25,59,29,104
19.0317,25,59,29,104
19.0486,25,58,29,103
19.0631,25,58,29,103
19.0839,25,58,29,103
19.1008,29,56,26,99
19.1199,29,56,26,99
19.1407,38,33,13,78
19.1610,38,33,13,78
19.1747,39,34,14,78
19.1922,39,34,14,78
19.2099,39,34,14,78
19.2242,39,33,13,78
19.2391,39,33,13,78
19.2529,39,33,13,78
19.2703,39,34,14,78
19.2840,39,34,14,78
19.3025,39,34,14,78
19.3166,39,33,14,78
19.3313,39,33,14,78
19.3475,39,33,14,78
19.3633,38,34,13,78
19.3764,38,34,13,78
19.3910,38,34,13,78
19.4057,38,33,13,78
19.4224,38,33,13,78
19.4361,38,33,13,78
19.4512,39,34,14,79
19.4676,39,34,14,79
19.4827,39,34,14,79
19.4962,39,34,14,79
19.5113,39,34,14,79
19.5239,39,34,14,79
19.5393,38,34,14,79
19.5523,38,34,14,79
19.5692,38,34,14,79
19.5836,39,33,14,79
19.6000,39,33,14,79
19.6149,39,33,14,79
19.6314,38,34,14,78
19.6462,38,34,14,78
19.6624,38,34,14,78
19.6764,39,33,14,78
19.6925,39,33,14,78
19.7086,39,33,14,78
19.7229,39,34,14,78
19.7360,39,34,14,78
19.7526,39,34,14,78
19.7662,38,34,14,79
19.7838,38,34,14,79
19.7972,38,34,14,79
19.8116,39,34,14,78
19.8263,39,34,14,78
19.8421,39,34,14,78
19.8573,38,34,14,79
19.8736,38,34,14,79
19.8876,39,34,14,78
19.9048,39,34,14,78
19.9200,39,34,14,78
19.9377,38,34,14,79
19.9516,38,34,14,79
19.9724,38,34,14,79
19.9931,39,34,14,78
20.0050,39,34,14,78
20.0223,39,33,13,78
20.0386,39,33,13,78
20.0522,39,33,13,78
20.0751,39,33,14,78
20.0938,39,33,14,78
20.1107,39,33,14,78
20.1409,39,33,14,78
20.1598,39,34,14,78
20.1823,39,34,14,78
20.1997,38,34,14,79
20.2176,38,34,14,79
20.2321,38,34,14,79
20.2486,39,34,14,78
20.2630,39,34,14,78
20.2818,39,34,14,78
20.2953,38,34,14,79
20.3120,38,34,14,79
20.3259,38,34,14,79
20.3424,39,34,14,78
20.3582,39,34,14,78
20.3720,39,34,14,78
20.3853,38,34,14,79
20.4042,38,34,14,79
20.4183,38,34,14,79
20.4331,38,34,14,79
20.4478,38,34,14,79
20.4632,38,34,14,79
20.4772,39,33,14,79
20.4912,39,33,14,79
20.5053,38,33,13,78
20.5240,38,33,13,78
20.5378,38,33,13,78
20.5519,38,34,14,78
20.5691,38,34,14,78
20.5841,38,34,14,78
20.5978,39,33,13,78
20.6132,39,33,13,78
20.6279,39,33,13,78
20.6422,39,33,13,78
20.6553,39,33,13,78
20.6719,39,33,13,78
20.6857,38,33,14,79
20.7024,38,33,14,79
20.7163,38,33,14,79
20.7316,39,33,13,79
20.7456,39,33,13,79
20.7622,39,33,13,79
20.7752,38,33,13,78
20.7914,38,33,13,78
20.8052,38,33,13,78
20.8237,39,33,13,78
20.8374,39,33,13,78
20.8514,39,33,13,78
20.8689,39,34,14,79
20.8821,39,34,14,79
20.8952,39,34,14,79
20.9126,39,34,14,79
20.9303,39,34,14,79
20.9504,38,34,14,79
20.9652,38,34,14,79
20.9829,38,34,14,79
20.9973,39,33,14,79
21.0135,39,33,14,79
21.0300,39,33,14,79
21.0429,38,34,14,78
21.0614,38,34,14,78
21.0767,38,34,14,78
21.0927,36,34,14,79
21.1061,36,34,14,79
21.1382,16,74,20,98
21.1541,16,74,20,98
21.1687,16,73,21,99
21.1914,16,73,21,99
21.2094,16,73,21,99
21.2250,16,74,20,98
21.2423,16,74,20,98
21.2562,16,74,20,98
21.2720,16,74,20,98
21.2862,16,74,20,98
21.3012,16,74,20,98
21.3150,16,73,21,99
21.3324,16,73,21,99
21.3456,16,73,21,99
21.3637,15,73,21,99
21.3771,15,73,21,99
21.3907,15,73,21,99
21.4079,15,73,21,98
21.4197,15,73,21,98
21.4392,15,73,20,99
21.4538,15,73,20,99
21.4734,15,73,20,99
21.4871,15,73,20,99
21.5031,15,73,20,99
21.5183,15,73,20,99
21.5321,15,73,20,98
21.5455,15,73,20,98
21.5612,15,73,20,98
21.5750,16,74,20,99
21.5921,16,74,20,99
21.6063,16,74,20,99
21.6234,15,73,20,98
21.6355,15,73,20,98
21.6520,15,73,20,98
21.6680,16,73,21,99
21.6825,16,73,21,99
21.6981,16,73,21,99
21.7124,16,73,20,98
21.7274,16,73,20,98
21.7418,16,73,20,98
21.7556,15,73,21,99
21.7737,15,73,21,99
21.7870,15,73,21,99
21.8010,15,73,20,99
21.8167,15,73,20,99
21.8321,15,73,20,99
21.8455,15,73,20,98
21.8612,15,73,20,98
21.8762,15,73,20,98
21.8927,16,73,21,99
21.9058,16,73,21,99
21.9249,16,73,21,99
21.9503,16,73,20,98
21.9684,16,73,20,98
21.9848,15,73,21,99
22.0002,15,73,21,99
22.0204,15,73,21,99
22.0402,15,73,21,99
22.0554,16,73,21,99
22.0758,16,73,21,99
22.0904,16,73,21,99
22.1053,16,73,20,98
22.1339,16,73,20,98
22.1512,15,73,21,99
22.1728,15,73,21,99
22.1867,15,73,21,99
22.2026,15,73,21,99
22.2190,15,73,21,99
22.2351,15,73,21,99
22.2499,16,73,21,99
22.2664,16,73,21,99
22.2822,16,73,20,98
22.2989,16,73,20,98
22.3126,16,73,20,98
22.3273,16,74,20,98
22.3414,16,74,20,98
22.3609,16,74,20,98
22.3790,15,73,20,99
22.3926,15,73,20,99
22.4099,15,73,20,99
22.4248,15,73,20,98
22.4437,15,73,20,98
22.4581,15,73,20,98
22.4724,15,74,20,99
22.4880,15,74,20,99
22.5026,15,74,20,99
22.5160,15,73,20,98
22.5311,15,73,20,98
22.5434,15,73,20,98
22.5598,16,74,20,98
22.5733,16,74,20,98
22.5890,16,74,20,98
22.6040,16,74,20,99
22.6221,16,74,20,99
22.6357,15,74,20,99
22.6511,15,74,20,99
22.6661,15,74,20,99
22.6820,16,74,21,98
22.6958,16,74,21,98
22.7117,16,74,21,98
22.7259,16,74,20,98
22.7431,16,74,20,98
22.7572,16,74,20,98
22.7722,15,73,20,99
22.7860,15,73,20,99
22.8027,15,73,20,99
22.8159,15,73,20,98
22.8315,15,73,20,98
22.8461,15,73,20,98
22.8644,15,74,20,99
22.8772,15,74,20,99
22.8920,15,74,20,99
22.9085,15,73,20,98
22.9291,15,73,20,98
22.9506,16,74,20,99
22.9646,16,74,20,99
22.9824,16,74,20,99
22.9968,16,74,21,99
23.0138,16,74,21,99
23.0310,16,74,21,99
23.0456,15,73,21,99
23.0602,15,73,21,99
23.0781,15,73,21,99
23.0918,16,73,21,99
23.1100,16,73,21,99
23.1366,14,44,46,95
23.1535,14,44,46,95
23.1729,14,38,52,95
23.1930,14,38,52,95
23.2100,14,38,52,95
23.2300,14,39,51,95
23.2430,14,39,51,95
23.2601,13,38,51,97
23.2741,13,38,51,97
23.2921,13,38,51,97
23.3052,13,38,51,97
23.3220,13,38,51,97
23.3364,13,38,51,97
23.3540,13,38,51,95
23.3689,13,38,51,95
23.3831,13,38,51,95
23.3980,14,39,52,95
23.4122,14,39,52,95
23.4275,14,39,52,95
23.4417,13,39,51,97
23.4560,13,39,51,97
23.4721,13,39,51,97
23.4865,14,39,52,97
23.5018,14,39,52,97
23.5139,14,39,52,97
23.5279,13,38,52,97
23.5428,13,38,52,97
23.5580,13,38,52,97
23.5739,13,38,52,95
23.5877,13,38,52,95
23.6027,13,38,52,95
23.6199,14,39,51,97
23.6355,14,39,51,97
23.6498,14,39,51,97
23.6661,13,40,51,95
23.6812,13,40,51,95
23.6975,13,40,51,95
23.7099,13,40,52,98
23.7234,13,40,52,98
23.7386,13,40,52,98
23.7524,13,38,52,97
23.7690,13,38,52,97
23.7827,13,38,52,97
23.7961,13,40,51,95
23.8116,13,40,51,95
23.8271,13,40,51,95
23.8434,14,40,51,99
23.8578,14,40,51,99
23.8722,14,40,51,99
23.8862,13,38,52,95
23.9020,13,38,52,95
23.9206,14,41,51,95
23.9443,14,41,51,95
23.9600,14,41,51,95
23.9759,14,41,51,97
23.9913,14,41,51,97
24.0087,14,41,51,97
24.0264,13,38,51,97
24.0399,13,38,51,97
24.0548,13,38,51,97
24.0798,13,38,51,97
24.0946,13,38,51,97
24.1161,13,38,51,97
24.1354,13,38,51,97
24.1520,13,38,51,97
24.1690,13,38,51,97
24.1893,13,38,51,97
24.2051,13,38,51,97
24.2220,13,38,51,97
24.2356,13,38,51,97
24.2522,13,38,51,97
24.2667,13,38,51,97
24.2820,13,38,51,95
24.2967,13,38,51,95
24.3119,13,38,51,95
24.3281,14,39,52,95
24.3418,14,39,52,95
24.3555,14,39,52,95
24.3708,13,39,51,97
24.3856,13,39,51,97
24.4033,13,39,51,97
24.4179,14,39,52,95
24.4320,14,39,52,95
24.4454,14,39,52,95
24.4619,13,39,51,97
24.4753,13,39,51,97
24.4908,13,39,51,97
24.5054,14,39,52,95
24.5231,14,39,52,95
24.5366,14,39,52,95
24.5522,14,39,52,95
24.5660,14,39,52,95
24.5822,14,39,52,95
24.5943,13,38,52,95
24.6139,13,38,52,95
24.6256,13,38,52,95
24.6435,13,38,52,97
24.6580,13,38,52,97
24.6720,13,38,52,97
24.6858,14,39,52,97
24.7027,14,39,52,97
24.7176,14,39,52,97
24.7321,13,38,51,97
24.7452,13,38,51,97
24.7618,13,38,51,97
24.7750,13,38,51,97
24.7909,13,38,51,97
24.8051,13,38,51,97
24.8228,13,38,51,97
24.8362,13,38,51,97
24.8523,13,38,51,97
24.8674,13,38,51,97
24.8824,13,38,51,97
24.8961,13,38,51,97
24.9133,13,38,51,97
24.9302,13,38,51,97
24.9484,13,38,51,95
24.9627,13,38,51,95
24.9793,13,38,51,95
24.9926,14,39,52,95
25.0082,14,39,52,95
25.0232,14,39,52,95
25.0409,13,39,51,97
25.0554,13,39,51,97
25.0733,13,39,51,97
25.0891,14,39,52,97
25.1042,14,39,52,97
25.1327,25,50,28,95
25.1474,25,50,28,95
25.1629,25,50,28,95
25.1779,30,55,18,93
25.1912,30,55,18,93
25.2084,31,56,17,93
25.2231,31,56,17,93
25.2403,31,56,17,93
25.2534,30,56,18,94
25.2716,30,56,18,94
25.2849,30,56,18,94
25.3028,31,55,19,93
25.3171,31,55,19,93
25.3321,31,55,19,93
25.3457,31,56,19,94
25.3627,31,56,19,94
25.3758,31,56,19,94
25.3933,30,55,15,93
25.4093,30,55,15,93
25.4252,30,55,15,93
25.4394,31,55,15,94
25.4532,31,55,15,94
25.4694,31,55,15,94
25.4834,30,56,19,93
25.4970,30,56,19,93
25.5121,30,56,19,93
25.5256,30,55,19,93
25.5421,30,55,19,93
25.5572,30,55,19,93
25.5720,30,55,18,94
25.5868,30,55,18,94
25.6023,30,55,18,94
25.6173,31,56,17,93
25.6319,31,56,17,93
25.6453,31,56,17,93
25.6618,31,55,17,93
25.6755,31,55,17,93
25.6940,31,55,17,93
25.7079,31,55,15,94
25.7217,31,55,15,94
25.7381,31,55,15,94
25.7519,30,56,17,94
25.7682,30,56,17,94
25.7829,30,56,17,94
25.7996,30,56,17,94
25.8132,30,56,17,94
25.8282,30,56,17,94
25.8416,30,56,15,94
25.8622,30,56,15,94
25.8752,30,56,17,93
25.8941,30,56,17,93
25.9084,30,56,17,93
25.9252,30,55,15,94
25.9493,30,55,15,94
25.9712,30,56,17,93
25.9932,30,56,17,93
26.0135,30,55,15,94
26.0280,30,55,15,94
26.0433,30,55,15,94
26.0603,30,56,17,93
26.0784,30,56,17,93
26.0906,30,56,17,93
26.1158,31,55,15,93
26.1383,31,55,15,93
26.1523,31,55,15,93
26.1736,31,55,15,93
26.1915,30,55,17,93
26.2083,30,55,17,93
26.2227,30,55,17,93
26.2393,30,56,18,97
26.2538,30,56,18,97
26.2737,30,55,15,93
26.2876,30,55,15,93
26.3023,30,55,15,93
26.3168,31,55,18,94
26.3319,31,55,18,94
26.3449,31,55,18,94
26.3611,31,55,18,94
26.3736,30,56,15,93
26.3936,30,56,15,93
26.4080,30,56,17,94
26.4224,30,56,17,94
26.4360,30,56,17,94
26.4490,30,56,17,94
26.4622,31,56,17,93
26.4753,31,56,17,93
26.4934,30,56,19,93
26.5092,30,56,19,93
26.5234,30,56,19,93
26.5372,30,56,19,93
26.5512,30,55,19,93
26.5659,30,55,19,93
26.5820,30,55,19,93
26.5959,30,56,19,93
26.6146,30,56,19,93
26.6289,31,56,18,94
26.6426,31,56,18,94
26.6593,31,56,18,94
26.6735,30,55,15,94
26.6898,30,55,15,94
26.7032,30,55,15,94
26.7177,30,56,19,94
26.7332,30,56,19,94
26.7448,30,56,19,94
26.7619,31,56,19,93
26.7771,31,56,19,93
26.7915,31,56,19,93
26.8057,31,55,19,93
26.8218,31,55,19,93
26.8348,31,55,19,93
26.8513,31,56,17,93
26.8672,31,56,17,93
26.8811,31,56,17,93
26.8958,31,55,18,93
26.9100,31,55,18,93
26.9300,31,55,18,93
26.9488,31,55,17,93
26.9684,31,55,17,93
26.9862,31,55,19,95
27.0010,31,55,19,95
27.0172,31,55,19,95
27.0306,30,56,15,94
27.0471,30,56,15,94
27.0637,30,56,15,94
27.0812,30,56,15,94
27.0941,30,56,15,94
27.1172,33,50,15,90
27.1403,33,50,15,90
27.1555,33,50,15,90
27.1718,34,44,15,86
27.1910,34,44,15,86
27.2082,34,44,15,85
27.2240,34,44,15,85
27.2428,34,44,15,85
27.2592,36,43,15,86
27.2736,36,43,15,86
27.2893,36,43,15,86
27.3042,35,44,17,85
27.3217,35,44,17,85
27.3358,33,43,17,85
27.3508,33,43,17,85
27.3631,33,43,17,85
27.3787,33,43,17,85
27.3919,35,43,15,85
27.4130,35,43,15,85
27.4277,36,44,17,85
27.4417,36,44,17,85
27.4551,36,44,17,85
27.4712,35,44,15,85
27.4851,35,44,15,85
27.5018,35,44,15,85
27.5151,33,43,17,85
27.5322,33,43,17,85
27.5463,33,43,17,85
27.5618,33,44,15,85
27.5764,33,44,15,85
27.5907,33,44,15,85
27.6104,35,44,17,85
27.6249,35,44,17,85
27.6386,35,44,17,85
27.6535,35,44,15,85
27.6688,35,44,15,85
27.6823,35,44,15,85
27.6964,33,43,17,86
27.7098,33,43,17,86
27.7284,33,43,17,86
27.7424,36,43,17,85
27.7591,36,43,17,85
27.7723,36,43,17,85
27.7888,36,44,15,86
27.8038,36,44,15,86
27.8221,36,44,15,86
27.8360,36,44,17,85
27.8521,36,44,17,85
27.8692,34,44,15,86
27.8833,34,44,15,86
27.8971,34,44,15,86
27.9141,33,44,15,85
27.9299,33,44,15,85
27.9482,33,44,15,85
27.9721,36,44,15,86
27.9859,36,44,15,86
28.0021,34,43,17,85
28.0168,34,43,17,85
28.0330,34,43,17,85
28.0459,33,43,17,86
28.0649,33,43,17,86
28.0797,33,43,17,86
28.0982,36,43,17,85
28.1142,36,43,17,85
28.1348,36,43,17,86
28.1508,36,43,17,86
28.1703,36,43,17,86
28.1898,35,43,17,85
28.2140,35,43,17,85
28.2294,35,43,17,86
28.2432,35,43,17,86
28.2599,35,43,17,86
28.2760,33,44,15,85
28.2883,33,44,15,85
28.3042,33,44,15,85
28.3192,33,44,15,85
28.3348,33,44,15,85
28.3481,33,44,15,85
28.3618,33,43,15,85
28.3759,33,43,15,85
28.3908,33,43,15,85
28.4030,34,44,17,85
28.4218,34,44,17,85
28.4358,34,44,17,85
28.4522,33,44,14,86
28.4668,33,44,14,86
28.4818,33,44,14,86
28.4966,34,44,14,86
28.5113,34,44,14,86
28.5256,34,44,14,86
28.5421,34,44,13,86
28.5552,34,44,13,86
28.5719,34,44,13,86
28.5847,33,43,17,86
28.6033,33,43,17,86
28.6190,33,43,17,86
28.6332,34,43,14,85
28.6478,34,43,14,85
28.6622,34,43,14,85
28.6751,33,43,13,85
28.6931,33,43,13,85
28.7053,33,43,13,85
28.7201,34,44,13,85
28.7340,34,44,13,85
28.7476,34,44,13,85
28.7646,34,44,13,85
28.7779,34,44,13,85
28.7939,34,44,13,85
28.8092,34,43,13,85
28.8238,34,43,13,85
28.8365,34,43,13,85
28.8519,33,44,14,86
28.8662,33,44,14,86
28.8813,33,44,14,86
28.8951,33,44,13,83
28.9152,33,44,13,83
28.9291,33,44,13,83
28.9489,33,43,13,83
28.9697,33,43,13,83
28.9848,34,44,14,84
29.0022,34,44,14,84
29.0189,34,43,14,84
29.0363,34,43,14,84
29.0503,34,43,14,84
29.0726,33,44,13,83
29.0877,33,44,13,83
29.1029,33,44,13,83
29.1257,29,49,23,92
29.1490,14,66,41,112
29.1726,14,66,41,112
29.1868,14,66,41,112
29.2045,13,65,41,112
29.2204,13,65,41,112
29.2353,13,65,41,112
29.2502,14,65,42,112
29.2678,14,65,42,112
29.2814,14,65,42,112
29.2970,13,65,43,112
29.3110,13,65,43,112
29.3284,13,65,43,112
29.3411,13,65,40,108
29.3606,13,65,40,108
29.3736,13,65,40,108
29.3872,14,65,41,112
29.4034,14,65,41,112
29.4207,13,65,41,109
29.4360,13,65,41,109
29.4493,13,65,41,109
29.4660,13,65,43,112
29.4809,13,65,43,112
29.4961,13,65,43,112
29.5094,13,66,40,109
29.5267,13,66,40,109
29.5407,13,66,40,109
29.5531,13,66,40,109
29.5667,14,65,41,108
29.5813,14,65,41,108
29.5957,13,66,41,108
29.6123,13,66,40,108
29.6272,13,66,40,108
29.6413,13,66,40,108
29.6602,13,65,41,109
29.6741,13,65,41,109
29.6881,13,66,40,109
29.7032,13,66,40,109
29.7169,13,66,40,109
29.7316,14,65,41,108
29.7461,14,65,41,108
29.7609,14,65,41,108
29.7746,13,66,40,108
29.7917,13,66,40,108
29.8053,13,66,40,108
29.8208,13,65,41,109
29.8343,13,65,41,109
29.8528,13,65,41,109
29.8660,13,66,40,109
29.8832,13,66,40,109
29.8970,13,66,40,109
29.9123,14,65,41,108
29.9268,14,65,41,108
29.9476,14,66,41,108
29.9697,14,66,41,109
29.9842,14,66,41,109
30.0007,14,66,41,109
30.0221,14,66,41,109
30.0393,14,66,41,109
30.0616,14,65,41,108
30.0818,14,65,41,108
30.0982,13,65,41,108
30.1208,13,65,41,108
30.1384,13,66,43,109
30.1531,13,66,43,109
30.1683,13,66,43,109
30.1834,14,65,40,108
30.1995,14,65,40,108
30.2141,14,65,40,108
30.2290,13,66,43,109
30.2454,13,66,43,109
30.2592,13,66,43,109
30.2750,14,65,40,108
30.2887,14,65,40,108
30.3053,13,65,40,108
30.3212,13,65,41,108
30.3361,13,65,41,108
30.3491,13,65,41,108
30.3644,13,66,41,109
30.3799,13,66,41,109
30.3937,13,66,41,109
30.4081,13,66,40,108
30.4241,13,66,40,108
30.4380,13,66,40,108
30.4529,14,65,41,109
30.4659,14,65,41,109
30.4807,14,65,41,109
30.4973,13,66,40,108
30.5124,13,66,40,108
30.5265,13,66,40,108
30.5404,13,65,43,109
30.5541,13,65,43,109
30.5722,13,65,43,109
30.5862,14,66,41,109
30.6013,14,66,41,109
30.6149,14,66,41,108
30.6322,14,66,41,108
30.6458,14,66,41,108
30.6613,14,66,41,108
30.6759,14,66,40,109
30.6921,14,66,40,109
30.7054,13,66,43,109
30.7220,13,66,43,109
30.7359,13,66,43,109
30.7520,13,66,41,108
30.7657,13,66,41,108
30.7809,13,66,41,108
30.7946,14,65,41,108
30.8121,14,65,41,108
30.8256,14,65,41,108
30.8422,13,66,40,108
30.8555,13,66,40,108
30.8719,13,66,40,108
30.8860,13,65,41,109
30.9022,13,65,41,109
30.9201,13,65,41,109
30.9383,13,66,40,109
30.9534,13,66,40,109
30.9731,14,65,41,108
30.9894,14,65,41,108
31.0032,14,65,41,108
31.0214,13,66,42,108
31.0404,13,66,42,108
31.0596,13,66,42,108
31.0762,14,65,40,108
31.0913,14,65,40,108
31.1130,15,63,40,108
31.1356,15,63,40,108
31.1539,29,36,33,90
31.1683,29,36,33,90
31.1868,29,36,33,90
31.2018,28,35,36,90
31.2208,28,35,36,90
31.2387,29,35,36,90
31.2520,29,36,35,92
31.2703,29,36,35,92
31.2853,29,35,33,92
31.3017,29,35,33,92
31.3154,29,35,33,92
31.3337,29,35,35,92
31.3468,29,35,35,92
31.3615,29,35,35,92
31.3764,29,35,34,90
31.3905,29,35,34,90
31.4054,29,35,34,90
31.4221,28,35,33,92
31.4355,28,35,33,92
31.4518,28,35,33,92
31.4664,29,35,34,90
31.4800,29,35,34,90
31.4951,29,35,34,90
31.5092,29,36,36,93
31.5231,29,36,36,93
31.5392,29,36,36,93
31.5527,28,35,34,90
31.5690,28,35,34,90
31.5829,28,35,34,90
31.6000,29,36,36,94
31.6163,29,36,36,94
31.6320,29,36,36,94
31.6454,29,36,34,92
31.6613,29,36,34,92
31.6751,29,36,34,92
31.6921,28,35,33,92
31.7051,28,35,33,92
31.7214,28,35,33,92
31.7350,29,35,33,90
31.7538,29,35,33,90
31.7676,29,35,33,90
31.7815,28,36,34,92
31.7974,28,36,34,92
31.8119,28,36,34,92
31.8257,28,36,36,90
31.8406,28,36,36,90
31.8548,28,36,36,90
31.8723,29,35,33,90
31.8853,29,35,33,90
31.8984,29,35,33,90
31.9183,28,35,34,90
31.9403,28,35,34,90
31.9551,29,36,35,93
31.9704,29,36,35,93
31.9902,29,36,35,93
32.0047,29,36,34,92
32.0213,29,36,34,92
32.0429,28,36,35,93
32.0610,28,36,35,93
32.0790,28,36,34,92
32.0983,28,36,34,92
32.1161,28,36,34,92
32.1374,28,36,34,90
32.1600,28,36,34,90
32.1721,29,35,35,93
32.1885,29,35,35,93
32.2134,29,35,35,92
32.2293,29,35,35,92
32.2487,29,35,35,92
32.2618,28,36,34,92
32.2798,28,36,34,92
32.2946,28,36,34,92
32.3082,29,36,35,93
32.3230,29,36,35,93
32.3370,29,36,35,93
32.3533,28,35,33,92
32.3667,28,35,33,92
32.3814,28,35,33,92
32.3948,29,35,36,90
32.4112,29,35,36,90
32.4255,29,35,36,90
32.4415,28,35,34,90
32.4545,28,35,34,90
32.4708,28,35,34,90
32.4856,29,35,33,92
32.5032,29,35,33,92
32.5172,29,35,33,92
32.5309,28,35,35,94
32.5455,28,35,35,94
32.5617,28,35,35,94
32.5746,28,36,34,90
32.5913,28,36,34,90
32.6030,28,36,34,90
32.6229,28,35,36,90
32.6364,28,35,36,90
32.6504,28,35,36,90
32.6678,28,36,34,90
32.6816,28,36,34,90
32.6951,28,36,34,90
32.7116,28,35,33,90
32.7252,28,35,33,90
32.7419,28,35,33,90
32.7551,29,35,35,94
32.7736,29,35,35,94
32.7868,29,35,35,94
32.8014,28,36,36,93
32.8152,28,36,36,93
32.8321,28,36,36,93
32.8438,29,36,35,94
32.8616,29,36,35,94
32.8750,29,36,35,94
32.8904,28,35,33,92
32.9052,28,35,33,92
32.9228,29,35,36,93
32.9483,29,35,36,93
32.9712,29,36,36,93
32.9871,29,36,36,93
33.0003,29,36,36,93
33.0242,28,36,34,90
33.0449,28,36,34,90
33.0590,28,35,33,92
33.0770,28,35,33,92
33.0901,28,35,33,92
33.1051,29,35,33,92
33.1318,29,35,33,92
33.1487,23,39,42,95
33.1650,23,39,42,95
33.1788,23,39,42,95
33.1990,23,38,42,97
33.2188,23,38,42,97
33.2327,23,38,42,97
33.2483,23,38,43,95
33.2623,23,38,43,95
33.2783,23,38,43,95
33.2921,23,38,43,97
33.3092,23,38,43,97
33.3250,24,39,42,95
33.3420,24,39,42,95
33.3558,24,39,42,95
33.3718,23,39,42,95
33.3849,23,39,42,95
33.4020,23,39,42,95
33.4157,24,38,42,97
33.4312,24,38,42,97
33.4449,24,38,42,97
33.4620,23,38,43,95
33.4760,23,38,43,95
33.4923,23,38,43,95
33.5081,23,39,43,95
33.5220,23,39,43,95
33.5362,23,39,43,95
33.5518,23,39,43,95
33.5671,23,39,43,95
33.5821,23,39,43,95
33.5958,23,39,42,97
33.6134,23,39,42,97
33.6261,23,39,42,97
33.6421,24,39,42,95
33.6580,24,39,42,95
33.6733,24,39,42,95
33.6871,23,39,42,95
33.7020,23,39,42,95
33.7155,23,39,42,95
33.7313,23,38,43,95
33.7455,23,38,43,95
33.7618,23,38,43,95
33.7754,24,39,42,97
33.7919,24,39,42,97
33.8058,24,39,42,97
33.8217,24,38,43,97
33.8356,24,38,43,97
33.8519,24,38,43,97
33.8682,24,38,42,95
33.8816,24,38,42,95
33.8956,24,38,42,95
33.9149,23,39,43,97
33.9301,23,39,43,97
33.9502,23,39,42,95
33.9703,23,39,42,95
33.9870,24,38,42,95
34.0016,24,38,42,97
34.0179,24,38,42,97
34.0371,23,38,43,95
34.0531,23,38,43,95
34.0669,23,38,43,95
34.0792,23,39,43,95
34.0917,23,39,43,95
34.1132,23,39,43,95
34.1357,23,39,43,95
34.1531,23,39,43,95
34.1722,23,39,42,97
34.1857,23,39,42,97
34.2016,23,39,42,97
34.2182,23,38,43,97
34.2373,23,38,43,97
34.2512,23,38,43,97
34.2663,24,39,42,95
34.2799,24,39,42,95
34.2940,24,39,42,95
34.3096,23,39,42,95
34.3239,23,39,42,95
34.3375,23,39,42,95
34.3516,24,38,42,97
34.3653,24,38,42,97
34.3819,24,38,42,97
34.3951,23,38,43,95
34.4133,23,38,43,95
34.4274,23,38,43,95
34.4424,23,38,42,97
34.4579,23,38,42,97
34.4722,23,38,42,97
34.4849,24,38,42,97
34.5020,24,38,42,97
34.5150,24,38,42,97
34.5313,23,38,42,97
34.5451,23,38,42,97
34.5637,24,38,42,97
34.5773,24,38,42,97
34.5914,24,38,42,97
34.6109,23,38,42,97
34.6248,23,38,42,97
34.6386,23,38,42,97
34.6541,24,38,42,97
34.6701,24,38,42,97
34.6837,24,38,42,97
34.6973,23,38,42,99
34.7134,23,38,42,99
34.7259,23,38,42,99
34.7394,23,38,42,99
34.7535,24,38,43,98
34.7684,24,38,43,98
34.7824,24,38,43,98
34.7974,24,39,43,99
34.8118,24,39,43,99
34.8249,24,39,43,99
34.8410,23,39,42,98
34.8549,23,39,42,98
34.8718,23,39,42,98
34.8849,24,38,42,97
34.9002,24,38,42,97
34.9163,24,38,42,97
34.9315,24,38,42,95
34.9464,24,38,42,95
34.9618,24,38,43,97
34.9772,24,38,43,97
34.9933,24,38,43,97
35.0079,24,39,43,97
35.0257,24,39,43,97
35.0413,24,39,43,97
35.0589,23,38,42,98
35.0791,23,38,42,98
35.0949,23,39,43,99
35.1168,23,39,43,99
35.1408,24,61,25,99
35.1590,24,61,25,99
35.1732,24,61,25,99
35.1889,23,68,20,98
35.2094,23,68,20,98
35.2287,23,68,20,98
35.2418,24,69,20,98
35.2602,24,69,20,98
35.2757,23,68,20,99
35.2916,23,68,20,99
35.3054,23,68,20,99
35.3220,23,68,21,98
35.3366,23,68,21,98
35.3512,23,68,21,98
35.3644,24,68,21,99
35.3806,24,68,21,99
35.3952,24,68,21,99
35.4116,23,69,21,100
35.4253,23,69,21,100
35.4405,23,69,21,100
35.4527,23,68,20,99
35.4700,23,68,20,99
35.4839,23,68,20,99
35.5006,24,69,21,99
35.5177,24,69,21,99
35.5315,24,69,21,99
35.5464,24,69,21,99
35.5606,24,69,21,99
35.5752,24,69,21,99
35.5913,23,68,20,98
35.6046,23,68,20,98
35.6212,23,68,20,98
35.6351,24,68,21,98
35.6486,24,68,21,98
35.6662,24,68,21,98
35.6791,23,68,21,99
35.6932,23,68,21,99
35.7082,23,68,21,99
35.7224,23,69,21,102
35.7361,23,69,21,102
35.7513,23,69,21,102
35.7629,24,68,21,99
35.7786,24,68,21,99
35.7917,24,68,21,99
35.8111,23,69,21,98
35.8278,23,69,21,98
35.8412,23,69,21,98
35.8596,23,69,21,100
35.8718,23,69,21,100
35.8840,23,69,21,100
35.9014,23,69,21,99
35.9143,23,69,21,99
35.9323,23,69,21,99
35.9479,24,69,21,98
35.9642,24,69,21,98
35.9785,24,69,21,98
35.9943,24,69,21,99
36.0124,24,69,21,99
36.0290,23,69,20,102
36.0486,23,69,20,102
36.0641,23,69,20,102
36.0828,23,68,21,99
36.0972,23,68,21,99
36.1216,24,69,20,98
36.1432,24,69,20,98
36.1581,23,68,20,98
36.1754,23,68,20,98
36.1909,23,68,20,98
36.2085,24,68,21,99
36.2221,24,68,21,99
36.2400,24,68,21,99
36.2595,23,68,20,98
36.2731,23,68,20,98
36.2894,23,68,20,98
36.3034,23,68,20,99
36.3218,23,68,20,99
36.3349,24,69,21,99
36.3514,24,69,21,99
36.3660,24,69,21,99
36.3818,24,68,20,102
36.3968,24,68,20,102
36.4111,24,68,20,102
36.4261,24,69,21,99
36.4417,24,69,21,99
36.4569,24,69,21,99
36.4711,23,69,20,99
36.4858,23,69,20,99
36.5016,23,69,20,99
36.5153,23,68,21,99
36.5302,23,68,21,99
36.5455,23,68,21,99
36.5618,24,69,21,98
36.5753,24,69,21,98
36.5905,24,69,21,98
36.6049,24,69,21,99
36.6217,24,69,21,99
36.6352,24,69,21,99
36.6501,23,69,20,99
36.6641,23,69,20,99
36.6817,23,69,20,99
36.6954,23,68,20,98
36.7122,23,68,20,98
36.7252,23,68,20,98
36.7394,24,69,21,99
36.7530,24,69,21,99
36.7673,24,69,21,99
36.7810,24,69,20,98
36.7953,24,69,20,98
36.8128,24,69,20,98
36.8263,24,69,21,99
36.8402,24,69,21,99
36.8552,24,69,21,99
36.8714,23,68,20,98
36.8866,23,68,20,98
36.9002,23,68,20,98
36.9148,24,69,21,98
36.9315,24,69,21,98
36.9440,24,69,21,98
36.9630,23,68,20,99
36.9789,23,68,20,99
36.9946,23,68,20,99
37.0103,24,69,21,99
37.0306,24,69,21,99
37.0485,23,68,20,99
37.0611,23,68,20,98
37.0798,23,68,20,98
37.0975,23,68,20,99
37.1210,23,68,20,99
37.1449,24,64,25,100
37.1597,24,64,25,100
37.1793,25,58,29,102
37.1948,25,58,29,102
37.2129,25,58,29,102
37.2278,25,58,26,102
37.2420,25,58,26,102
37.2551,25,58,26,102
37.2698,26,59,30,100
37.2862,26,59,30,100
37.3000,26,59,30,100
37.3188,25,59,29,102
37.3325,25,59,29,102
37.3487,25,59,29,102
37.3622,25,58,30,102
37.3788,25,58,30,102
37.3921,25,58,30,102
37.4101,26,59,30,102
37.4260,26,59,30,102
37.4417,26,59,30,102
37.4547,26,59,30,100
37.4711,26,59,30,100
37.4834,25,59,30,100
37.5034,25,58,29,102
37.5170,25,58,29,102
37.5319,25,58,29,102
37.5462,25,59,29,102
37.5623,25,59,29,102
37.5781,26,59,30,100
37.5948,26,59,30,100
37.6094,26,59,30,100
37.6243,26,59,30,100
37.6373,26,59,30,100
37.6510,26,59,30,100
37.6694,26,59,30,102
37.6832,26,59,30,102
37.6982,26,59,30,102
37.7121,26,59,30,100
37.7260,26,59,30,100
37.7395,26,59,30,100
37.7531,26,59,30,100
37.7669,26,59,30,102
37.7809,26,59,30,102
37.7947,26,59,30,102
37.8126,26,59,30,100
37.8257,26,59,30,100
37.8400,26,59,30,100
37.8531,26,59,30,102
37.8691,26,59,30,102
37.8833,26,59,30,102
37.8967,26,59,30,100
37.9132,26,59,30,100
37.9292,26,59,30,100
37.9509,25,59,29,102
37.9724,25,59,29,102
37.9879,25,58,30,102
38.0048,25,58,30,102
38.0211,26,58,30,102
38.0402,26,58,30,102
38.0602,26,58,30,102
38.0757,26,59,30,102
38.0910,26,59,30,102
38.1102,25,58,30,100
38.1373,25,58,30,100
38.1547,26,58,30,102
38.1729,26,58,30,102
38.1897,26,58,30,102
38.2029,26,59,30,102
38.2234,26,59,30,102
38.2355,26,59,30,102
38.2513,26,58,29,100
38.2642,26,58,29,100
38.2809,26,58,29,100
38.2951,25,58,29,100
38.3113,25,58,29,100
38.3252,25,58,29,100
38.3404,25,58,29,102
38.3541,25,58,29,102
38.3712,25,58,29,102
38.3831,25,59,29,102
38.3988,25,59,29,102
38.4138,25,59,29,102
38.4312,25,58,30,100
38.4449,25,58,30,100
38.4623,25,58,30,100
38.4764,26,58,29,100
38.4911,26,58,29,100
38.5048,26,58,29,100
38.5213,25,59,29,100
38.5350,25,59,29,100
38.5484,25,59,29,100
38.5632,25,58,30,102
38.5763,25,58,30,102
38.5911,25,58,30,102
38.6100,25,58,30,102
38.6286,25,58,30,102
38.6422,25,58,30,100
38.6582,25,58,30,100
38.6723,25,58,30,100
38.6886,26,58,30,102
38.7022,26,58,30,102
38.7192,26,58,30,102
38.7330,26,59,30,102
38.7512,26,59,30,102
38.7647,26,59,30,102
38.7818,26,58,29,102
38.7958,26,58,29,102
38.8112,26,58,29,102
38.8249,26,59,30,100
38.8418,26,59,30,100
38.8536,26,59,30,100
38.8713,26,59,30,100
38.8874,26,59,30,100
38.9012,26,59,30,100
38.9149,25,59,29,102
38.9327,25,59,29,102
38.9470,25,59,29,102
38.9629,25,58,30,102
38.9789,25,58,30,102
38.9991,26,58,29,100
39.0119,26,58,29,100
39.0337,26,58,29,100
39.0508,26,59,30,100
39.0722,26,59,30,100
39.0918,26,59,30,102
39.1092,26,59,30,102
39.1348,31,49,22,93
39.1502,31,49,22,93
39.1695,39,49,22,93
39.1896,39,33,14,79
39.2083,39,33,14,79
39.2282,38,34,14,78
39.2418,38,34,14,78
39.2586,38,34,14,79
39.2770,38,34,14,79
39.2917,38,34,14,79
39.3060,36,34,13,78
39.3207,36,34,13,78
39.3371,36,34,13,78
39.3515,38,33,14,79
39.3681,38,33,14,79
39.3830,38,33,14,79
39.3993,39,33,13,79
39.4180,39,33,13,79
39.4315,39,33,13,79
39.4488,38,33,13,78
39.4627,38,33,13,78
39.4782,38,33,13,78
39.4928,39,33,13,78
39.5100,39,33,13,78
39.5258,39,33,13,78
39.5414,39,34,14,78
39.5551,39,34,14,78
39.5715,39,33,13,78
39.5865,39,33,13,78
39.6026,39,33,13,78
39.6172,39,34,14,79
39.6317,39,34,14,79
39.6449,39,34,14,79
39.6613,39,34,14,79
39.6751,39,34,14,79
39.6900,39,34,14,79
39.7060,38,34,14,79
39.7221,38,34,14,79
39.7351,38,34,14,79
39.7488,38,34,14,79
39.7633,39,33,14,79
39.7767,39,33,14,79
39.7930,39,33,14,79
39.8079,38,34,14,78
39.8211,38,34,14,78
39.8376,38,34,14,78
39.8499,39,33,14,78
39.8661,39,33,14,78
39.8791,39,33,14,78
39.8932,38,33,14,79
39.9081,38,33,14,79
39.9261,39,33,14,79
39.9500,39,33,13,78
39.9676,39,33,13,78
39.9891,39,34,14,78
40.0037,39,34,14,78
40.0204,38,33,13,79
40.0390,38,33,13,79
40.0537,38,33,13,79
40.0675,39,33,13,78
40.0830,39,33,13,78
40.0985,39,33,13,78
40.1184,38,33,14,79
40.1443,38,33,14,79
40.1598,39,33,13,78
40.1742,39,33,13,78
40.1898,39,33,13,78
40.2049,38,34,13,78
40.2285,38,34,13,78
40.2419,38,33,13,78
40.2601,38,33,13,78
40.2748,38,33,13,78
40.2884,38,34,14,78
40.3022,38,34,14,78
40.3157,38,34,14,78
40.3302,39,33,14,78
40.3442,39,33,14,78
40.3620,39,33,14,78
40.3750,38,33,14,79
40.3912,38,33,14,79
40.4047,38,33,14,79
40.4213,39,33,13,78
40.4344,39,33,13,78
40.4510,39,33,13,78
40.4675,36,33,13,78
40.4831,36,33,13,78
40.4969,36,33,13,78
40.5121,38,34,13,78
40.5269,38,34,13,78
40.5412,38,34,13,78
40.5543,38,33,13,78
40.5718,38,33,13,78
40.5856,38,33,13,78
40.6031,38,33,14,79
40.6192,38,33,14,79
40.6324,38,33,14,79
40.6471,39,33,13,79
40.6610,39,33,13,79
40.6754,39,33,13,79
40.6918,38,33,13,78
40.7056,38,33,13,78
40.7214,38,33,13,78
40.7353,39,33,13,78
40.7499,39,33,13,78
40.7621,39,33,13,78
40.7781,39,34,14,79
40.7929,39,34,14,79
40.8100,39,34,14,79
40.8265,39,34,14,79
40.8401,39,34,14,79
40.8540,39,34,14,79
40.8701,38,34,14,79
40.8868,38,34,14,79
40.9013,38,34,14,79
40.9157,39,33,14,79
40.9304,39,33,14,79
40.9480,38,34,14,78
40.9663,38,34,14,78
40.9822,38,34,14,78
40.9973,39,33,14,78
41.0138,39,33,14,78
41.0267,39,33,14,78
41.0445,38,33,14,79
41.0600,38,33,14,79
41.0798,38,33,13,79
41.0941,38,33,13,79
41.1204,38,33,13,79
41.1413,33,41,13,80
41.1551,33,41,13,80
41.1724,16,74,20,99
41.1917,16,74,20,99
41.2117,16,74,20,99
41.2288,16,74,20,99
41.2449,16,74,20,99
41.2602,16,74,20,98
41.2750,16,74,20,98
41.2911,16,74,20,98
41.3085,15,73,21,98
41.3227,15,73,21,98
41.3373,15,73,21,98
41.3525,15,73,20,98
41.3660,15,73,20,98
41.3818,15,73,20,98
41.3963,16,74,20,98
41.4111,16,74,20,98
41.4259,16,74,20,98
41.4404,16,74,20,99
41.4548,16,74,20,99
41.4710,16,74,20,99
41.4846,15,73,20,98
41.5005,15,73,20,98
41.5133,15,73,20,98
41.5309,16,73,21,99
41.5451,16,73,21,99
41.5603,16,73,21,99
41.5748,16,73,20,98
41.5914,16,73,20,98
41.6045,16,73,20,98
41.6214,16,74,20,98
41.6370,16,74,20,98
41.6512,16,74,20,98
41.6646,16,74,20,98
41.6816,16,74,20,98
41.6959,16,74,20,98
41.7111,16,73,21,99
41.7246,16,73,21,99
41.7413,16,73,21,99
41.7533,15,73,20,99
41.7723,15,73,20,99
41.7862,15,73,20,99
41.7999,16,73,21,98
41.8132,16,73,21,98
41.8288,16,73,21,98
41.8421,15,73,20,98
41.8581,15,73,20,98
41.8741,15,73,20,98
41.8871,15,73,21,98
41.9009,15,73,21,98
41.9153,15,73,21,98
41.9298,15,73,21,98
41.9434,15,73,21,98
41.9619,15,73,21,98
41.9768,16,74,20,98
41.9921,16,74,20,98
42.0109,15,73,21,98
42.0272,15,73,21,98
42.0507,15,73,21,98
42.0681,15,73,21,99
42.0852,15,73,21,99
42.0992,16,73,21,99
42.1274,16,73,21,99
42.1451,16,73,20,98
42.1597,16,73,20,98
42.1780,16,73,20,98
42.1982,15,73,21,99
42.2121,15,73,21,99
42.2289,15,73,21,99
42.2427,15,73,21,99
42.2602,15,73,21,99
42.2745,15,73,21,99
42.2897,16,73,21,99
42.3044,16,73,21,99
42.3214,16,73,20,98
42.3354,16,73,20,98
42.3499,16,73,20,98
42.3639,15,73,21,99
42.3813,15,73,21,99
42.3949,15,73,21,99
42.4102,15,73,21,99
42.4253,15,73,21,99
42.4411,15,73,21,99
42.4541,16,74,20,98
42.4700,16,74,20,98
42.4839,16,74,20,98
42.5012,15,73,20,98
42.5142,15,73,20,98
42.5301,15,73,20,98
42.5423,15,73,20,98
42.5603,15,73,21,98
42.5738,15,73,21,98
42.5916,15,73,21,98
42.6048,15,73,21,98
42.6220,15,73,21,98
42.6360,15,73,21,99
42.6513,15,73,21,99
42.6661,15,73,21,99
42.6810,15,73,21,99
42.6942,15,73,21,99
42.7113,15,73,21,99
42.7256,16,74,20,99
42.7418,16,74,20,99
42.7549,16,74,20,99
42.7699,15,73,20,98
42.7867,15,73,20,98
42.8017,15,73,20,98
42.8184,16,74,20,99
42.8321,16,74,20,99
42.8484,16,74,20,99
42.8621,15,73,21,98
42.8774,15,73,21,98
42.8908,15,73,21,98
42.9102,15,73,21,98
42.9285,15,73,21,98
42.9506,15,73,21,99
42.9732,15,73,21,99
42.9883,15,73,21,99
43.0033,15,73,21,99
43.0233,15,73,21,99
43.0412,16,74,20,99
43.0619,16,74,20,99
43.0772,15,73,20,98
43.0950,15,73,20,98
43.1127,15,73,20,98
43.1353,16,73,21,99
43.1552,16,73,21,99
43.1724,14,40,52,95
43.1897,14,40,52,95
43.2037,14,40,52,95
43.2219,14,40,52,98
43.2403,14,40,52,98
43.2594,14,40,52,97
43.2780,14,40,52,97
43.2941,14,41,51,98
43.3114,14,41,51,98
43.3248,14,41,51,98
43.3399,14,41,51,98
43.3541,13,41,51,98
43.3711,13,41,51,98
43.3843,13,40,52,97
43.4013,13,40,52,97
43.4157,13,40,52,97
43.4311,14,40,51,97
43.4453,14,40,51,97
43.4602,14,40,51,97
43.4764,13,41,52,95
43.4909,13,41,52,95
43.5040,13,41,52,95
43.5213,14,40,52,95
43.5352,14,40,52,95
43.5529,14,40,52,95
43.5664,13,41,52,97
43.5810,13,41,52,97
43.5953,13,41,52,97
43.6092,14,41,52,98
43.6260,14,41,52,98
43.6391,14,41,52,98
43.6595,14,41,51,97
43.6752,14,41,51,97
43.6913,14,41,51,97
43.7050,13,40,51,97
43.7205,13,40,51,97
43.7342,13,40,51,97
43.7508,13,41,51,97
43.7639,13,41,51,97
43.7802,13,41,51,97
43.7950,13,40,52,95
43.8126,13,40,52,95
43.8260,13,40,52,95
43.8402,13,40,52,99
43.8551,13,40,52,99
43.8708,13,40,52,99
43.8839,13,40,52,97
43.9001,13,40,52,97
43.9178,14,40,52,97
43.9313,14,40,51,97
43.9452,14,40,51,97
43.9618,14,41,52,95
43.9780,14,41,52,95
43.9930,14,41,52,95
44.0099,14,41,51,95
44.0230,14,41,51,95
44.0407,14,41,51,95
44.0549,14,40,51,97
44.0748,14,40,51,97
44.0886,14,40,51,97
44.1014,13,41,51,95
44.1321,13,41,51,95
44.1497,14,41,52,98
44.1732,14,41,52,98
44.1924,14,40,52,97
44.2060,14,40,52,97
44.2233,14,40,52,97
44.2391,13,41,51,97
44.2524,13,41,51,97
44.2657,13,41,51,97
44.2814,13,40,52,98
44.2947,13,40,52,98
44.3127,13,40,52,98
44.3262,14,40,52,95
44.3413,14,40,52,95
44.3552,14,40,52,95
44.3708,13,41,51,97
44.3862,13,41,51,97
44.3997,13,41,51,97
44.4170,14,41,52,97
44.4308,14,41,52,97
44.4443,14,41,52,97
44.4611,14,41,51,95
44.4732,14,41,51,95
44.4918,14,41,51,95
44.5048,13,40,52,98
44.5220,13,40,52,98
44.5358,13,40,52,98
44.5509,14,41,51,99
44.5642,14,41,51,99
44.5803,14,41,51,99
44.5934,14,40,52,95
44.6118,14,40,52,95
44.6268,14,40,51,97
44.6419,14,40,51,97
44.6552,14,40,51,97
44.6724,13,41,51,98
44.6856,13,41,51,98
44.6996,13,41,51,98
44.7157,13,40,52,97
44.7318,13,40,52,97
44.7461,13,40,52,97
44.7601,13,41,52,99
44.7745,13,41,52,99
44.7924,13,41,52,99
44.8054,13,40,52,97
44.8233,13,40,52,97
44.8371,13,40,52,97
44.8515,14,41,52,99
44.8657,14,41,52,99
44.8797,14,41,52,99
44.8941,13,40,52,98
44.9120,13,40,52,98
44.9266,13,40,52,98
44.9486,14,41,51,97
44.9622,14,41,51,97
44.9841,14,41,52,98
44.9995,14,41,52,98
45.0250,14,40,52,97
45.0415,14,40,52,97
45.0558,14,40,52,97
45.0711,14,41,52,97
45.0841,14,41,51,95
45.1022,14,41,51,95
45.1312,14,41,51,95
45.1478,14,41,51,95
45.1618,29,53,23,97
45.1779,29,53,23,97
45.1958,29,53,23,97
45.2114,30,56,18,97
45.2262,30,56,18,97
45.2399,30,56,18,97
45.2583,30,56,19,95
45.2724,30,56,19,95
45.2876,30,56,19,95
45.3011,31,55,18,97
45.3177,31,55,18,97
45.3312,31,55,18,97
45.3477,30,56,19,95
45.3629,30,56,19,95
45.3779,30,56,19,95
45.3923,30,55,19,95
45.4089,30,55,19,95
45.4224,30,55,19,95
45.4379,30,55,18,95
45.4528,30,55,18,95
45.4691,30,55,18,95
45.4823,30,56,18,97
45.4987,30,56,18,97
45.5127,30,55,18,97
45.5272,30,55,18,97
45.5408,30,55,18,97
45.5538,30,55,18,97
45.5698,30,55,18,95
45.5836,30,55,18,95
45.6022,30,55,18,95
45.6164,30,55,18,95
45.6322,30,55,18,95
45.6458,31,56,19,95
45.6610,31,56,19,95
45.6758,31,56,19,95
45.6895,34,55,18,97
45.7057,34,55,18,97
45.7208,34,55,18,97
45.7343,31,55,18,97
45.7496,31,55,18,97
45.7656,31,55,18,97
45.7814,30,56,18,97
45.7948,30,56,18,97
45.8110,30,56,18,97
45.8256,30,55,18,97
45.8414,30,55,18,97
45.8543,30,55,18,97
45.8714,30,55,18,95
45.8857,30,55,18,95
45.9032,30,55,18,95
45.9213,30,55,18,95
45.9436,30,55,18,95
45.9634,31,56,19,95
45.9781,31,56,19,95
45.9948,31,56,19,95
46.0109,31,55,19,97
46.0237,31,55,19,97
46.0372,31,55,19,97
46.0624,31,56,19,97
46.0792,31,56,19,97
46.0944,30,56,18,97
46.1171,30,56,18,97
46.1391,30,56,18,97
46.1560,30,56,18,97
46.1715,30,56,18,97
46.1885,30,56,18,97
46.2095,30,56,18,97
46.2242,30,56,19,95
46.2407,30,56,19,95
46.2542,30,56,19,95
46.2689,30,56,19,97
46.2828,30,56,19,97
46.2964,30,56,19,97
46.3114,30,56,18,97
46.3276,30,56,18,97
46.3411,30,56,18,97
46.3541,30,55,18,95
46.3705,30,55,18,95
46.3851,30,55,18,95
46.4027,31,56,19,95
46.4177,31,56,19,95
46.4305,31,56,19,95
46.4456,30,56,18,97
46.4608,30,56,18,97
46.4742,30,56,18,97
46.4903,30,56,19,95
46.5038,30,56,19,95
46.5226,30,56,19,95
46.5363,31,55,18,97
46.5503,31,55,18,97
46.5676,31,55,18,97
46.5827,30,56,19,95
46.5986,30,56,19,95
46.6125,30,56,19,95
46.6318,30,55,19,95
46.6449,30,55,19,95
46.6610,30,55,19,95
46.6748,30,55,18,95
46.6901,30,55,18,95
46.7023,30,55,18,95
46.7183,30,55,19,95
46.7316,30,55,19,95
46.7484,30,55,19,95
46.7623,31,56,19,95
46.7791,31,56,19,95
46.7924,31,56,19,95
46.8099,31,55,19,97
46.8253,31,55,19,97
46.8407,31,55,19,97
46.8535,31,56,18,97
46.8699,31,56,18,97
46.8839,31,56,18,97
46.9004,31,55,19,95
46.9161,31,55,19,95
46.9299,31,55,19,95
46.9501,34,56,18,97
46.9660,34,56,18,97
46.9822,30,56,18,97
46.9981,30,56,18,97
47.0154,30,56,18,97
47.0289,30,56,18,97
47.0467,30,56,18,97
47.0605,30,56,18,97
47.0793,30,56,18,97
47.0980,30,56,18,97
47.1172,30,56,19,95
47.1401,30,56,19,95
47.1618,33,48,15,88
47.1780,33,48,15,88
47.1919,33,48,15,88
47.2107,36,45,17,86
47.2269,36,45,17,86
47.2404,36,45,17,86
47.2581,36,44,17,86
47.2717,36,44,17,86
47.2861,36,44,17,86
47.2995,35,45,15,85
47.3186,35,45,15,85
47.3310,35,45,15,85
47.3442,36,44,15,85
47.3618,36,44,15,85
47.3754,35,43,17,85
47.3898,35,43,17,85
47.4046,35,43,17,85
47.4216,35,43,15,85
47.4347,35,43,15,85
47.4494,35,43,15,85
47.4631,35,43,15,86
47.4808,35,43,15,86
47.4941,35,43,15,86
47.5107,36,46,17,86
47.5242,36,46,17,86
47.5419,36,46,17,86
47.5551,36,44,17,86
47.5703,36,44,17,86
47.5843,36,44,17,86
47.6013,36,45,15,85
47.6160,36,45,15,85
47.6319,36,45,15,85
47.6456,35,43,15,85
47.6622,35,43,15,85
47.6763,35,43,15,85
47.6904,36,46,17,85
47.7050,36,46,17,85
47.7206,36,46,17,85
47.7348,36,46,17,85
47.7504,36,46,17,85
47.7644,36,46,17,85
47.7814,36,46,17,85
47.7949,36,46,17,85
47.8101,36,46,17,85
47.8252,35,43,17,85
47.8412,35,43,17,85
47.8550,35,43,17,85
47.8706,36,46,15,86
47.8841,36,46,15,86
47.9012,36,46,15,86
47.9156,36,46,17,86
47.9304,36,46,17,86
47.9462,36,46,17,86
47.9629,36,46,17,85
47.9793,36,46,17,85
47.9955,36,44,15,85
48.0132,36,44,15,85
48.0292,36,44,15,85
48.0480,35,46,17,85
48.0629,35,46,17,85
48.0834,35,46,17,85
48.0973,35,45,15,86
48.1210,35,46,17,85
48.1488,35,46,17,85
48.1713,35,46,17,85
48.1872,36,45,15,85
48.2048,36,45,15,85
48.2223,35,46,17,85
48.2387,35,46,17,85
48.2522,35,46,17,85
48.2719,36,44,17,85
48.2864,36,44,17,85
48.3010,36,44,17,85
48.3158,36,43,15,86
48.3308,36,43,15,86
48.3437,36,43,15,86
48.3607,36,44,17,86
48.3744,36,44,17,86
48.3918,36,44,17,86
48.4047,36,43,15,86
48.4216,36,43,15,86
48.4357,36,43,15,86
48.4506,35,43,15,85
48.4669,35,43,15,85
48.4811,35,43,15,85
48.4971,35,44,15,85
48.5109,35,44,15,85
48.5247,35,44,15,85
48.5410,36,44,15,86
48.5548,36,44,15,86
48.5708,36,44,15,86
48.5857,36,44,15,85
48.5994,36,44,15,85
48.6136,35,43,15,86
48.6312,35,43,15,86
48.6454,35,43,15,86
48.6608,35,43,15,86
48.6744,36,44,15,86
48.6914,36,44,15,86
48.7043,36,44,15,85
48.7206,36,44,15,85
48.7336,36,44,15,85
48.7519,35,43,15,86
48.7653,35,43,15,86
48.7793,35,43,15,86
48.7955,36,45,15,86
48.8106,36,45,15,86
48.8264,36,45,15,86
48.8402,35,45,15,85
48.8545,35,45,15,85
48.8694,35,45,15,85
48.8831,35,45,15,85
48.8979,35,45,15,85
48.9150,35,45,15,85
48.9321,35,45,17,85
48.9478,35,45,17,85
48.9693,35,45,17,85
48.9845,35,43,15,85
49.0030,35,43,15,85
49.0204,36,44,15,86
49.0402,36,44,15,86
49.0586,36,46,17,85
49.0789,36,46,17,85
49.0930,36,46,17,85
49.1128,35,45,15,86
49.1388,35,45,15,86
49.1569,26,55,26,98
49.1730,26,55,26,98
49.1870,26,55,26,98
49.2041,16,69,43,114
49.2219,16,69,43,114
49.2379,15,68,42,114
49.2526,15,68,42,114
49.2726,15,68,42,114
49.2866,16,68,43,114
49.3002,16,68,43,114
49.3199,16,68,43,114
49.3339,16,69,43,113
49.3475,16,69,43,113
49.3613,16,69,43,113
49.3763,15,68,43,112
49.3906,15,68,43,112
49.4037,15,68,43,112
49.4208,15,68,43,113
49.4336,15,68,43,113
49.4504,15,68,43,113
49.4649,16,69,42,114
49.4800,16,69,42,114
49.4927,16,69,42,114
49.5102,16,68,42,112
49.5234,16,68,42,112
49.5371,16,68,42,112
49.5512,15,68,43,113
49.5649,15,68,43,113
49.5808,15,68,43,113
49.5946,16,69,43,113
49.6110,16,69,43,113
49.6259,16,69,43,113
49.6406,15,68,43,113
49.6538,15,68,43,113
49.6698,15,68,43,113
49.6837,15,68,43,114
49.7004,15,68,43,114
49.7146,15,68,43,114
49.7309,15,68,42,114
49.7446,15,68,42,114
49.7607,15,68,42,114
49.7748,15,68,43,113
49.7896,15,68,43,113
49.8023,15,68,43,113
49.8204,15,68,43,113
49.8344,15,68,43,113
49.8496,15,68,43,113
49.8643,16,69,43,113
49.8819,16,69,43,113
49.8957,16,69,43,113
49.9121,16,69,43,112
49.9302,16,69,43,112
49.9435,15,68,43,112
49.9622,15,68,43,114
49.9780,15,68,43,114
49.9941,16,69,42,114
50.0102,16,69,42,114
50.0265,16,69,42,114
50.0423,16,69,43,113
50.0615,16,69,43,113
50.0770,16,69,43,113
50.0926,16,69,43,114
50.1057,16,69,43,114
50.1389,16,69,43,113
50.1546,16,69,43,113
50.1691,15,68,43,114
50.1887,15,68,43,114
50.2122,15,68,43,113
50.2277,15,68,43,113
50.2455,15,68,43,113
50.2602,16,68,42,113
50.2742,16,68,42,113
50.2876,16,68,42,113
50.3031,16,69,42,114
50.3154,16,69,42,114
50.3305,16,69,42,114
50.3451,15,69,42,114
50.3601,15,68,43,113
50.3740,15,68,43,113
50.3907,16,69,42,113
50.4039,16,69,42,113
50.4197,16,69,42,113
50.4351,15,68,43,113
50.4504,15,68,43,113
50.4638,15,68,43,113
50.4794,15,65,42,112
50.4939,15,65,42,112
50.5114,15,65,42,112
50.5250,15,68,43,113
50.5403,15,68,43,113
50.5527,15,68,43,113
50.5699,16,69,43,110
50.5839,16,69,43,110
50.5974,16,69,43,110
50.6135,15,68,43,113
50.6300,15,68,43,113
50.6450,15,68,43,113
50.6592,15,68,43,112
50.6754,15,68,43,112
50.6901,15,68,43,112
50.7051,16,69,42,113
50.7197,16,69,42,113
50.7378,16,69,42,113
50.7512,16,69,43,114
50.7676,16,69,43,114
50.7811,16,69,43,114
50.7973,15,68,43,114
50.8099,15,68,43,114
50.8275,15,68,43,114
50.8421,15,68,43,114
50.8596,15,68,43,114
50.8734,15,68,43,114
50.8909,15,69,43,113
50.9041,15,69,43,113
50.9221,15,68,43,113
50.9498,15,68,43,113
50.9656,15,68,43,113
50.9806,15,68,43,113
50.9971,15,68,43,113
51.0115,16,69,42,114
51.0266,16,69,42,114
51.0453,16,69,42,114
51.0604,16,69,42,114
51.0775,16,69,42,114
51.0919,16,69,42,114
51.1169,16,68,43,113
51.1322,16,68,43,113
51.1497,18,60,41,109
51.1617,18,60,41,109
51.1857,18,60,41,109
51.2032,30,39,36,95
51.2195,30,39,36,95
51.2331,28,39,35,97
51.2509,28,39,35,97
51.2661,28,39,35,97
51.2807,31,38,35,95
51.2942,31,38,35,95
51.3120,31,38,35,95
51.3268,29,39,36,95
51.3405,29,39,36,95
51.3541,29,39,36,95
51.3707,31,38,35,97
51.3842,31,38,35,97
51.4020,31,38,35,97
51.4157,31,38,35,97
51.4292,31,38,35,97
51.4453,31,38,35,97
51.4604,30,38,36,97
51.4757,30,38,36,97
51.4900,30,38,36,97
51.5040,30,39,35,97
51.5217,30,39,35,97
51.5353,30,39,35,97
51.5522,31,38,36,97
51.5640,31,38,36,97
51.5778,31,38,36,97
51.5930,30,39,35,95
51.6078,30,39,35,95
51.6229,30,39,35,95
51.6389,28,39,35,95
51.6529,28,39,35,95
51.6665,28,39,35,95
51.6810,29,38,36,97
51.6944,29,38,36,97
51.7113,29,38,36,97
51.7243,31,38,35,97
51.7402,31,38,35,97
51.7582,31,38,35,97
51.7727,30,39,35,95
51.7877,30,39,35,95
51.8015,30,39,35,95
51.8177,30,38,36,95
51.8317,30,38,36,95
51.8450,30,38,36,95
51.8621,30,39,36,97
51.8762,30,39,36,97
51.8908,30,39,36,97
51.9053,31,39,35,97
51.9212,31,39,35,97
51.9373,31,39,35,97
51.9518,30,39,35,95
51.9641,30,39,35,95
51.9803,30,39,35,95
51.9976,31,39,36,95
52.0163,31,39,36,95
52.0311,28,38,35,95
52.0489,28,38,35,95
52.0614,28,38,35,95
52.0783,31,38,36,95
52.0939,31,38,36,95
52.1211,30,39,35,97
52.1410,30,39,35,97
52.1555,30,39,35,97
52.1755,28,39,35,97
52.2007,28,39,35,97
52.2151,31,38,36,95
52.2299,31,38,36,95
52.2456,31,38,36,95
52.2603,30,38,36,97
52.2735,30,38,36,97
52.2899,30,38,36,97
52.3021,31,39,36,95
52.3191,31,39,36,95
52.3323,31,39,36,95
52.3459,30,38,35,97
52.3609,30,38,35,97
52.3751,30,38,35,97
52.3883,28,39,35,97
52.4036,28,39,35,97
52.4183,28,39,35,97
52.4350,31,39,35,97
52.4482,31,39,35,97
52.4623,31,39,35,97
52.4757,31,38,35,97
52.4902,31,38,35,97
52.5044,31,38,35,97
52.5206,28,39,36,97
52.5336,28,39,36,97
52.5497,28,39,36,97
52.5656,31,39,36,97
52.5820,31,39,36,97
52.5957,31,39,36,97
52.6101,30,38,36,97
52.6273,30,38,36,97
52.6407,30,38,36,97
52.6536,30,38,36,97
52.6701,30,38,36,97
52.6842,30,38,36,97
52.7017,30,39,35,97
52.7156,30,39,35,97
52.7302,30,39,35,97
52.7444,31,38,36,97
52.7603,31,38,36,97
52.7742,31,38,36,97
52.7911,30,39,35,95
52.8041,30,39,35,95
52.8207,30,39,35,95
52.8340,30,38,36,97
52.8508,30,38,36,97
52.8653,30,38,36,97
52.8804,31,39,36,95
52.8940,31,39,36,95
52.9132,31,39,36,95
52.9280,30,38,35,97
52.9471,30,38,35,97
52.9624,31,38,35,95
52.9811,31,38,35,95
52.9989,31,38,35,95
53.0167,29,39,36,95
53.0379,29,39,36,95
53.0516,30,39,35,97
53.0704,30,39,35,97
53.0857,30,39,35,97
53.1007,29,38,36,97
53.1293,29,38,36,97
53.1453,30,38,35,97
53.1653,30,38,35,97
53.1800,24,38,42,99
53.1967,24,38,42,99
53.2102,24,38,42,99
53.2289,24,39,42,98
53.2481,24,39,42,98
53.2613,24,39,42,98
53.2746,23,38,42,99
53.2893,23,38,42,99
53.3037,23,38,42,99
53.3211,23,38,43,98
53.3351,23,38,43,98
53.3501,23,38,43,98
53.3638,23,39,43,99
53.3804,23,39,43,99
53.3941,23,39,43,99
53.4100,24,39,42,98
53.4249,24,39,42,98
53.4410,24,39,42,98
53.4539,24,39,43,98
53.4693,24,39,43,98
53.4836,24,39,43,98
53.5016,24,39,42,99
53.5152,24,39,42,99
53.5310,24,39,42,99
53.5452,23,39,42,98
53.5610,23,39,42,98
53.5746,23,39,42,98
53.5892,24,38,42,98
53.6039,24,38,42,98
53.6223,24,38,42,98
53.6371,24,38,42,99
53.6509,24,38,42,99
53.6673,24,38,42,99
53.6812,23,39,43,98
53.6961,23,39,43,98
53.7094,23,39,43,98
53.7275,23,38,42,99
53.7409,23,38,42,99
53.7589,23,38,42,99
53.7736,23,38,42,99
53.7909,23,38,42,99
53.8043,24,39,42,98
53.8207,24,39,42,98
53.8343,24,39,42,98
53.8493,23,38,43,99
53.8646,23,38,43,99
53.8807,23,38,43,99
53.8948,23,39,43,98
53.9108,23,39,43,98
53.9283,23,39,43,98
53.9471,24,38,42,99
53.9611,24,38,42,99
53.9800,23,38,42,99
53.9984,23,38,42,99
54.0127,23,38,42,99
54.0312,24,38,43,98
54.0459,24,38,43,98
54.0629,24,38,43,98
54.0772,24,39,43,99
54.0924,24,39,43,99
54.1129,23,38,43,98
54.1350,23,38,43,98
54.1544,23,38,43,98
54.1718,23,39,42,98
54.1902,23,39,42,98
54.2099,24,38,42,98
54.2257,24,38,42,98
54.2404,24,38,42,98
54.2541,24,38,42,99
54.2692,24,38,42,99
54.2829,24,38,42,99
54.3002,24,39,42,98
54.3139,24,39,42,98
54.3291,24,39,42,98
54.3415,23,39,43,98
54.3590,23,39,43,98
54.3729,23,39,43,98
54.3866,24,38,44,98
54.4022,24,38,44,98
54.4143,24,38,44,98
54.4309,23,38,43,99
54.4439,23,38,43,99
54.4617,23,38,43,99
54.4751,23,38,43,99
54.4888,23,38,43,99
54.5041,23,38,43,99
54.5187,24,38,42,99
54.5382,24,38,42,99
54.5512,24,38,42,99
54.5677,23,38,42,99
54.5819,23,38,42,99
54.5980,23,38,42,99
54.6112,24,38,43,98
54.6289,24,38,43,98
54.6426,24,38,43,98
54.6579,24,39,43,99
54.6718,24,39,43,99
54.6838,24,39,43,99
54.7006,23,38,43,98
54.7141,23,38,43,98
54.7311,23,38,43,98
54.7449,23,39,42,98
54.7606,23,39,42,98
54.7752,23,39,42,98
54.7900,24,38,42,98
54.8036,24,38,42,98
54.8205,24,38,42,98
54.8336,24,38,42,99
54.8523,24,38,42,99
54.8663,24,39,42,98
54.8822,24,39,42,98
54.8960,24,39,42,98
54.9102,23,39,43,98
54.9298,23,39,43,98
54.9427,23,39,43,98
54.9602,24,38,42,99
54.9766,24,38,42,99
54.9918,24,38,42,99
55.0123,24,39,42,98
55.0278,24,39,42,98
55.0477,23,39,43,98
55.0636,23,39,43,98
55.0805,23,39,43,98
55.0959,24,39,43,99
55.1193,24,39,43,99
55.1382,23,38,43,98
55.1560,23,38,43,98
55.1763,23,66,22,102
55.1978,23,66,22,102
55.2125,23,66,22,102
55.2314,24,70,21,102
55.2449,24,70,21,102
55.2602,24,70,21,102
55.2745,24,69,21,102
55.2896,24,69,21,102
55.3047,24,69,21,102
55.3203,24,71,20,100
55.3333,24,71,20,100
55.3495,24,71,20,100
55.3619,24,68,21,100
55.3780,24,68,21,100
55.3910,24,68,21,100
55.4071,23,69,21,102
55.4217,23,69,21,102
55.4379,23,69,21,102
55.4512,24,69,21,102
55.4671,24,69,21,102
55.4810,24,69,21,102
55.4973,23,69,20,102
55.5104,23,69,20,102
55.5293,23,69,20,102
55.5429,23,68,21,102
55.5602,23,68,21,102
55.5741,23,68,21,102
55.5902,23,68,20,100
55.6035,23,68,20,100
55.6202,23,71,20,102
55.6354,23,71,20,102
55.6504,23,71,20,102
55.6626,24,69,20,100
55.6802,24,69,20,100
55.6952,24,69,20,100
55.7102,23,68,21,100
55.7243,23,68,21,100
55.7404,23,68,21,100
55.7538,23,68,21,102
55.7696,23,68,21,102
55.7840,23,68,21,102
55.8004,24,70,21,100
55.8151,24,70,21,100
55.8315,24,70,21,100
55.8452,24,68,20,102
55.8602,24,68,20,102
55.8754,24,68,20,102
55.8892,23,69,20,102
55.9028,23,69,20,102
55.9215,23,69,20,102
55.9480,24,71,21,102
55.9641,24,71,21,102
55.9805,24,69,21,102
55.9950,24,69,21,102
56.0118,24,69,21,102
56.0292,24,69,21,102
56.0455,24,69,21,102
56.0584,24,69,21,102
56.0766,23,69,20,102
56.0973,23,69,20,102
56.1168,24,69,21,100
56.1370,24,69,21,100
56.1620,24,69,21,102
56.1766,24,69,21,102
56.1933,24,69,21,102
56.2100,23,68,21,102
56.2274,23,68,21,102
56.2409,23,69,21,102
56.2586,23,69,21,102
56.2733,23,69,21,102
56.2912,24,71,21,100
56.3046,24,71,21,100
56.3199,24,71,21,100
56.3346,23,69,21,102
56.3501,23,69,21,102
56.3633,23,69,21,102
56.3797,24,68,20,100
56.3933,24,68,20,100
56.4119,24,68,20,100
56.4257,24,69,21,100
56.4406,24,69,21,100
56.4547,24,69,21,100
56.4707,23,68,20,100
56.4846,23,68,20,100
56.5003,23,68,20,100
56.5158,23,68,21,102
56.5321,23,68,21,102
56.5456,23,68,21,102
56.5593,23,69,20,102
56.5769,23,69,20,102
56.5908,23,69,20,102
56.6058,24,69,21,100
56.6208,24,69,21,100
56.6395,24,68,21,100
56.6588,24,68,21,100
56.6721,24,68,21,100
56.6886,23,69,21,100
56.7009,23,69,21,100
56.7160,23,69,21,100
56.7306,24,68,20,102
56.7443,24,68,20,102
56.7612,24,68,20,102
56.7742,24,71,21,100
56.7916,24,71,21,100
56.8056,24,71,21,100
56.8209,23,68,20,100
56.8358,23,68,20,100
56.8503,23,68,20,100
56.8635,23,68,20,102
56.8806,23,68,20,102
56.8942,23,68,20,102
56.9138,24,68,20,102
56.9272,24,68,20,102
56.9492,24,68,20,102
56.9681,24,71,21,100
56.9836,24,71,21,100
56.9999,23,68,21,100
57.0193,23,68,21,100
57.0357,23,68,21,100
57.0492,23,69,20,102
57.0712,23,69,20,102
57.0875,23,68,21,102
57.1002,23,68,21,102
57.1199,23,68,21,102
57.1359,23,68,20,100
57.1514,23,68,20,100
57.1716,23,68,20,100
57.1855,25,60,24,102
57.2007,25,60,24,102
57.2182,25,58,30,103
57.2327,25,58,30,103
57.2475,25,58,30,103
57.2614,25,58,30,104
57.2754,25,58,30,104
57.2928,25,58,30,104
57.3077,25,58,30,104
57.3217,25,58,30,104
57.3367,25,58,30,104
57.3507,25,58,30,104
57.3650,25,58,30,104
57.3802,25,58,30,104
57.3942,26,59,29,103
57.4107,26,59,29,103
57.4239,26,59,29,103
57.4402,25,58,30,104
57.4549,25,58,30,104
57.4706,25,58,30,104
57.4836,25,58,30,104
57.5001,25,58,30,104
57.5141,25,58,30,104
57.5309,25,58,30,104
57.5438,25,58,30,104
57.5610,25,58,30,104
57.5748,25,58,29,103
57.5907,25,58,29,103
57.6047,25,58,29,103
57.6201,26,59,30,104
57.6351,26,59,30,104
57.6503,26,59,30,104
57.6633,25,58,30,104
57.6793,25,58,30,104
57.6931,25,58,30,104
57.7124,25,58,30,104
57.7260,25,58,30,104
57.7401,25,58,30,104
57.7547,25,58,30,104
57.7703,25,58,30,104
57.7835,25,58,30,104
57.7998,25,58,29,103
57.8135,25,58,29,103
57.8310,25,58,29,103
57.8444,26,59,30,104
57.8603,26,59,30,104
57.8749,26,59,30,104
57.8902,25,58,30,104
57.9047,25,58,30,104
57.9279,25,58,30,104
57.9479,25,58,30,104
57.9635,25,58,30,104
57.9797,25,58,29,103
57.9999,25,58,29,103
58.0160,26,59,30,104
58.0321,26,59,30,104
58.0488,26,59,30,104
58.0681,26,59,30,104
58.0854,26,59,30,104
58.0995,26,58,30,104
58.1229,26,58,30,104
58.1431,26,58,30,104
58.1579,25,58,30,103
58.1817,25,58,30,103
58.2002,25,58,30,104
58.2184,25,58,30,104
58.2356,26,59,30,104
58.2502,26,59,30,104
58.2668,26,59,30,104
58.2820,26,59,30,103
58.2988,26,59,30,103
58.3121,26,59,30,103
58.3274,26,59,30,103
58.3406,26,59,30,103
58.3569,26,59,30,103
58.3727,25,58,30,104
58.3901,25,58,30,104
58.4040,25,58,30,104
58.4193,26,58,29,103
58.4330,26,58,29,103
58.4501,26,58,29,103
58.4631,25,58,30,103
58.4802,25,58,30,103
58.4929,25,58,30,103
58.5103,25,58,30,104
58.5252,25,58,30,104
58.5391,25,58,30,104
58.5527,25,58,30,104
58.5712,25,58,30,104
58.5847,25,58,30,104
58.5991,25,58,29,103
58.6138,25,58,29,103
58.6313,25,58,29,103
58.6449,26,59,30,104
58.6579,26,59,30,104
58.6746,26,59,30,104
58.6879,25,58,30,104
58.7015,25,58,30,104
58.7152,25,58,30,104
58.7291,25,58,30,104
58.7414,25,58,30,104
58.7587,25,58,30,104
58.7722,25,58,30,104
58.7891,25,58,30,104
58.8036,25,58,30,104
58.8203,25,58,30,104
58.8336,25,58,30,104
58.8490,25,58,30,104
58.8646,25,58,30,103
58.8802,25,58,30,103
58.8959,25,58,30,103
58.9112,26,59,30,103
58.9272,26,59,30,103
58.9468,25,58,30,104
58.9611,25,58,30,104
58.9792,25,58,30,104
59.0002,25,58,30,104
59.0145,25,58,30,104
59.0300,25,58,30,104
59.0465,26,59,30,104
59.0615,26,59,30,104
59.0760,26,59,30,104
59.0919,26,59,29,104
59.1051,26,59,29,104
59.1321,26,58,29,103
59.1491,26,58,29,103
59.1647,26,58,29,103
59.1812,31,45,20,92
59.1962,31,45,20,92
59.2152,39,33,14,79
59.2300,39,33,14,79
59.2444,39,33,14,79
59.2592,39,34,13,78
59.2751,39,34,13,78
59.2899,39,34,13,78
59.3043,38,34,13,78
59.3181,38,34,13,78
59.3321,38,34,13,78
59.3458,38,33,13,78
59.3619,38,33,13,78
59.3756,38,33,13,78
59.3897,38,34,14,79
59.4055,38,34,14,79
59.4207,38,34,14,79
59.4352,38,34,14,78
59.4490,38,34,14,78
59.4654,38,34,14,78
59.4805,39,33,14,78
59.4942,39,33,14,78
59.5102,39,33,14,78
59.5241,38,34,14,78
59.5403,38,34,14,78
59.5546,38,34,14,78
59.5703,38,34,14,79
59.5838,38,34,14,79
59.6003,38,34,14,79
59.6137,39,33,14,79
59.6292,39,33,14,79
59.6429,39,33,14,79
59.6606,38,33,14,79
59.6741,38,33,14,79
59.6891,38,33,14,79
59.7029,39,33,13,78
59.7202,39,33,13,78
59.7332,39,33,13,78
59.7503,38,34,13,78
59.7640,38,34,13,78
59.7813,38,34,13,78
59.7951,38,33,13,78
59.8101,38,33,13,78
59.8251,38,33,13,78
59.8404,39,33,13,78
59.8540,39,33,13,78
59.8689,39,33,13,78
59.8828,39,34,14,79
59.9012,39,34,14,79
59.9159,39,34,14,79
59.9303,39,34,14,79
59.9473,39,34,14,79
59.9609,39,34,14,79
59.9802,38,33,13,79
59.9942,38,33,13,79
60.0109,39,33,13,78
60.0266,39,33,13,78
60.0431,39,33,13,78
60.0583,39,34,14,78
60.0759,39,34,14,78
60.0973,39,34,14,78
60.1209,38,33,13,79
60.1416,38,33,13,79
60.1596,39,33,13,78
60.1745,39,33,13,78
60.1891,38,33,14,79
60.2039,38,33,14,79
60.2200,38,33,14,79
60.2348,39,33,13,78
60.2484,39,33,13,78
60.2646,39,33,13,78
60.2787,38,34,13,78
60.2973,38,34,13,78
60.3146,38,34,13,78
60.3299,38,33,13,78
60.3424,38,33,13,78
60.3611,38,33,13,78
60.3746,39,33,13,78
60.3920,39,33,13,78
60.4095,39,34,14,78
60.4239,39,34,14,78
60.4383,39,34,14,78
60.4539,38,34,14,78
60.4670,38,34,14,79
60.4806,38,34,14,79
60.4939,38,34,14,79
60.5102,39,34,14,78
60.5248,39,34,14,78
60.5421,38,34,14,79
60.5592,38,34,14,79
60.5775,38,34,14,79
60.5971,39,34,14,78
60.6108,39,34,14,78
60.6302,38,34,14,79
60.6469,38,34,14,79
60.6622,38,34,14,79
60.6757,39,34,14,78
60.6898,39,34,14,78
60.7047,39,34,14,78
60.7201,38,34,14,79
60.7338,38,34,14,79
60.7500,38,34,14,79
60.7671,39,34,14,78
60.7836,39,34,14,78
60.7968,39,34,14,78
60.8134,38,34,14,79
60.8256,38,34,14,79
60.8399,38,34,14,79
60.8541,39,34,14,78
60.8694,39,34,14,78
60.8832,39,34,14,78
60.8999,38,34,14,79
60.9142,38,34,14,79
60.9307,38,34,14,79
60.9467,38,34,13,79
60.9645,38,34,13,79
60.9784,38,34,13,79
60.9967,39,33,14,79
61.0103,39,33,14,79
61.0296,38,34,14,79
61.0442,38,34,14,78
61.0611,38,34,14,78
61.0793,39,33,14,78
61.0962,39,33,14,78
61.1142,39,34,14,78
61.1393,39,34,14,78
61.1540,39,34,14,78
61.1697,30,46,17,83
61.1900,30,46,17,83
61.2054,16,74,17,83
61.2229,16,74,20,99
61.2389,16,74,20,99
61.2578,16,74,22,99
61.2739,16,74,22,99
61.2875,16,74,22,99
61.3024,15,74,20,99
61.3163,15,74,20,99
61.3306,15,74,20,99
61.3451,15,73,20,98
61.3599,15,73,20,98
61.3737,15,73,20,98
61.3890,16,74,20,98
61.4061,16,74,20,98
61.4219,16,74,20,98
61.4353,15,73,21,98
61.4501,15,73,21,98
61.4661,15,73,21,98
61.4799,15,74,21,99
61.4936,15,74,21,99
61.5100,15,74,21,99
61.5242,16,74,21,98
61.5398,16,74,21,98
61.5534,16,74,21,98
61.5695,16,73,20,99
61.5836,16,73,20,99
61.5972,16,73,20,99
61.6124,16,74,20,99
61.6260,16,74,20,99
61.6415,16,74,20,99
61.6581,15,73,21,98
61.6722,15,73,21,98
61.6873,15,73,21,98
61.7036,15,73,23,99
61.7187,15,73,23,99
61.7334,15,73,23,99
61.7469,15,73,20,99
61.7642,15,73,20,99
61.7775,15,73,20,99
61.7917,15,73,21,99
61.8048,15,73,21,99
61.8202,15,73,21,99
61.8358,16,74,20,98
61.8501,16,74,20,98
61.8654,16,74,20,98
61.8798,16,74,20,98
61.8946,16,74,20,98
61.9120,16,74,20,98
61.9260,16,73,21,99
61.9482,16,73,21,99
61.9611,15,73,21,99
61.9782,15,73,21,99
61.9929,15,73,21,99
62.0116,16,74,20,99
62.0262,16,74,20,99
62.0419,16,74,20,99
62.0581,15,73,20,99
62.0764,15,73,20,99
62.0900,15,73,20,99
62.1055,16,73,21,98
62.1378,15,73,20,98
62.1572,15,73,20,98
62.1735,15,73,20,98
62.1912,15,73,21,98
62.2091,15,73,21,98
62.2246,15,73,21,98
62.2392,15,73,21,98
62.2536,15,73,21,98
62.2708,15,73,21,98
62.2843,15,73,21,99
62.2992,15,73,21,99
62.3173,15,73,21,99
62.3319,15,73,21,99
62.3472,15,73,21,99
62.3603,16,74,20,99
62.3768,16,74,20,99
62.3904,16,74,20,99
62.4091,15,73,21,98
62.4227,15,73,21,98
62.4357,15,73,21,98
62.4504,15,73,20,99
62.4644,15,73,20,99
62.4814,15,73,20,99
62.4951,15,73,20,98
62.5103,15,73,20,98
62.5244,15,73,20,98
62.5401,15,73,21,99
62.5532,15,73,21,99
62.5694,15,73,21,99
62.5829,16,74,20,98
62.6012,16,74,20,98
62.6142,16,74,20,98
62.6289,16,74,20,99
62.6451,16,74,20,99
62.6601,16,74,20,99
62.6740,15,73,20,98
62.6887,15,73,20,98
62.7089,15,73,20,98
62.7249,16,73,23,99
62.7381,16,73,23,99
62.7516,16,73,23,99
62.7674,15,73,21,98
62.7813,15,73,21,98
62.7961,15,73,21,98
62.8102,15,74,21,99
62.8249,15,74,21,99
62.8398,15,74,21,99
62.8527,16,74,21,98
62.8684,16,74,21,98
62.8816,16,74,21,98
62.8979,16,74,20,98
62.9134,16,74,20,98
62.9262,16,74,20,98
62.9463,16,73,21,99
62.9603,16,73,21,99
62.9766,16,73,21,99
62.9932,15,73,21,99
63.0131,15,73,21,99
63.0286,16,74,21,98
63.0438,16,74,21,98
63.0604,16,74,21,98
63.0793,16,73,20,99
63.0988,16,73,20,99
63.1210,16,74,20,99
63.1438,16,74,20,99
63.1603,15,70,24,98
63.1772,15,70,24,98
63.1916,15,70,24,98
63.2103,14,41,51,99
63.2261,14,41,51,99
63.2419,14,41,51,99
63.2598,14,40,51,99
63.2732,14,40,51,99
63.2902,14,40,51,99
63.3034,14,41,51,98
63.3190,14,41,51,98
63.3345,13,41,51,98
63.3502,13,41,51,98
63.3643,13,41,51,98
63.3803,13,41,51,98
63.3944,13,41,51,95
63.4101,13,41,51,95
63.4232,13,40,52,98
63.4402,13,40,52,98
63.4532,13,40,52,98
63.4699,14,41,51,99
63.4832,14,41,51,99
63.5003,14,41,51,99
63.5136,14,41,51,98
63.5300,14,41,51,98
63.5429,14,41,51,98
63.5614,13,40,52,98
63.5760,13,40,52,98
63.5922,13,40,52,98
63.6055,13,41,51,98
63.6211,13,41,51,98
63.6374,13,41,51,98
63.6516,13,41,51,99
63.6657,13,41,51,99
63.6793,13,41,51,99
63.6931,14,41,51,98
63.7104,14,41,51,98
63.7240,14,41,51,98
63.7388,14,40,52,98
63.7540,14,40,52,98
63.7706,14,40,52,98
63.7841,14,40,52,98
63.7994,14,40,52,98
63.8132,14,40,52,98
63.8298,14,40,52,99
63.8428,14,40,52,99
63.8595,14,40,52,99
63.8739,14,41,51,99
63.8899,14,41,51,99
63.9032,14,41,51,99
63.9214,14,40,51,99
63.9482,14,40,51,99
63.9632,14,41,51,98
63.9821,14,41,51,98
63.9979,13,41,51,98
64.0171,13,41,51,98
64.0372,13,41,51,98
64.0533,13,41,51,98
64.0714,13,41,51,98
64.0874,13,41,51,98
64.1021,13,41,51,98
64.1284,13,41,51,98
64.1474,13,41,51,98
64.1624,13,41,51,98
64.1773,13,41,51,98
64.1932,13,41,51,98
64.2101,13,41,51,98
64.2267,13,41,51,98
64.2467,13,41,51,98
64.2598,13,41,51,98
64.2777,13,41,51,98
64.2899,13,41,51,98
64.3067,13,41,51,98
64.3222,13,40,52,98
64.3389,13,40,52,98
64.3514,13,40,52,98
64.3699,13,40,52,98
64.3834,13,40,52,98
64.4017,13,40,52,98
64.4150,13,40,52,98
64.4297,13,40,52,98
64.4437,14,41,51,99
64.4613,14,41,51,99
64.4762,14,41,51,99
64.4897,14,40,52,98
64.5031,14,40,52,98
64.5193,14,40,52,98
64.5333,13,41,52,99
64.5500,13,41,52,99
64.5632,13,41,52,99
64.5809,14,41,51,99
64.5951,14,41,51,99
64.6098,14,41,51,99
64.6233,14,40,52,99
64.6398,14,40,52,99
64.6545,14,40,52,99
64.6708,13,40,52,98
64.6844,13,40,52,98
64.6987,13,40,52,98
64.7126,13,41,51,98
64.7297,13,41,51,98
64.7431,13,41,51,98
64.7587,13,40,52,99
64.7742,13,40,52,99
64.7905,13,40,52,99
64.8036,13,40,51,99
64.8199,13,40,51,99
64.8321,13,40,51,99
64.8474,13,40,52,98
64.8606,13,40,52,98
64.8767,13,40,52,98
64.8916,14,41,51,97
64.9101,14,41,51,97
64.9256,14,41,51,97
64.9460,13,40,52,99
64.9588,13,40,52,99
64.9776,13,40,52,97
64.9990,13,40,52,97
65.0156,13,40,52,97
65.0310,14,41,52,99
65.0472,14,41,52,99
65.0620,13,40,52,98
65.0812,13,40,52,98
65.0978,13,40,52,98
65.1278,14,41,51,99
65.1469,14,41,51,99
65.1610,14,40,52,98
65.1803,14,40,52,98
65.1948,14,40,52,98
65.2108,30,56,19,97
65.2253,30,56,19,97
65.2403,30,56,19,97
65.2546,30,56,19,95
65.2706,30,56,19,95
65.2852,30,56,19,95
65.2993,30,55,19,95
65.3167,30,55,19,95
65.3308,30,55,19,95
65.3440,31,56,19,97
65.3601,31,56,19,97
65.3741,30,56,18,97
65.3901,30,56,18,97
65.4051,30,56,18,97
65.4206,30,56,19,95
65.4350,30,56,19,95
65.4499,30,56,19,95
65.4631,31,56,19,97
65.4791,31,56,19,97
65.4918,31,56,19,97
65.5089,30,56,18,97
65.5224,30,56,18,97
65.5361,30,56,18,97
65.5531,30,55,18,97
65.5672,30,55,18,97
65.5812,30,55,18,97
65.5949,30,55,18,97
65.6103,34,56,18,97
65.6236,34,56,18,97
65.6399,34,56,18,97
65.6533,31,55,18,97
65.6693,31,55,18,97
65.6822,30,56,19,95
65.7013,30,56,19,95
65.7148,30,56,19,95
65.7304,30,56,19,95
65.7438,30,56,19,97
65.7599,30,56,19,97
65.7737,33,56,19,97
65.7886,33,56,19,95
65.8023,33,56,19,95
65.8197,33,55,18,97
65.8332,33,55,18,97
65.8483,33,55,18,97
65.8671,30,56,19,97
65.8812,30,56,19,97
65.8946,30,56,19,97
65.9120,31,55,19,95
65.9303,31,55,19,95
65.9472,31,55,19,95
65.9618,31,55,19,95
65.9821,31,55,19,95
66.0022,31,55,19,95
66.0202,31,55,19,95
66.0373,31,55,19,95
66.0596,31,55,19,95
66.0747,31,55,19,95
66.0906,31,55,19,95
66.1052,31,55,19,95
66.1309,31,55,19,95
66.1499,31,55,19,95
66.1682,31,55,19,95
66.1853,31,55,19,95
66.2012,31,55,19,95
66.2203,31,55,19,95
66.2378,31,55,19,95
66.2518,31,55,19,95
66.2711,31,55,19,95
66.2868,31,55,19,95
66.3002,31,55,19,95
66.3160,31,55,19,95
66.3292,31,55,19,95
66.3476,31,55,19,95
66.3618,31,56,19,95
66.3801,31,56,19,95
66.3941,31,56,19,95
66.4101,30,56,18,97
66.4252,30,56,18,97
66.4399,30,56,18,97
66.4529,30,56,19,97
66.4695,30,56,19,97
66.4817,31,55,19,95
66.5015,31,55,19,95
66.5164,31,55,19,95
66.5306,31,55,19,95
66.5456,31,55,19,95
66.5598,31,55,19,95
66.5739,31,55,19,95
66.5890,31,55,19,95
66.6029,31,55,19,95
66.6216,31,55,19,95
66.6356,31,55,19,95
66.6499,31,55,19,95
66.6664,34,56,18,97
66.6802,34,56,18,97
66.6950,34,56,18,97
66.7093,31,56,18,97
66.7264,31,56,18,97
66.7415,31,56,18,97
66.7587,31,55,19,95
66.7719,31,55,19,95
66.7882,31,55,19,95
66.8016,31,55,19,95
66.8197,31,55,19,95
66.8327,31,55,19,95
66.8490,31,55,19,95
66.8648,31,55,19,95
66.8811,31,55,19,95
66.8951,31,56,19,95
66.9109,31,56,19,95
66.9289,33,55,18,97
66.9462,33,55,18,97
66.9613,33,55,18,97
66.9791,33,55,19,97
66.9956,33,55,19,97
67.0110,33,55,19,97
67.0239,30,56,19,95
67.0403,30,56,19,95
67.0551,30,56,19,95
67.0705,30,56,18,97
67.0870,30,56,18,97
67.1033,31,55,19,95
67.1243,31,55,19,95
67.1425,31,55,19,95
67.1599,31,56,19,97
67.1748,31,56,19,97
67.1899,34,46,17,88
67.2084,34,46,17,88
67.2242,34,46,17,88
67.2386,35,45,15,86
67.2558,35,45,15,86
67.2710,35,45,15,86
67.2862,36,46,17,85
67.2995,36,46,17,85
67.3186,36,46,17,85
67.3322,36,46,17,85
67.3495,36,46,17,85
67.3646,36,46,17,85
67.3808,36,46,15,86
67.3945,36,46,15,86
67.4096,36,46,15,86
67.4242,35,45,15,86
67.4384,35,45,15,86
67.4532,35,45,15,86
67.4695,36,46,17,85
67.4830,36,46,17,85
67.4984,36,46,17,85
67.5124,36,46,17,86
67.5312,36,46,17,86
67.5442,36,46,17,86
67.5612,36,46,17,85
67.5766,36,46,17,85
67.5905,36,46,17,85
67.6042,36,46,15,86
67.6197,36,46,15,86
67.6351,35,45,15,86
67.6517,35,45,15,86
67.6678,35,45,15,86
67.6834,36,45,15,86
67.6978,36,45,15,86
67.7119,36,45,15,86
67.7252,36,45,15,86
67.7392,36,45,15,86
67.7553,36,45,15,86
67.7704,36,45,17,85
67.7844,36,45,17,85
67.7978,36,45,17,85
67.8121,36,45,17,85
67.8254,36,45,15,86
67.8394,36,45,15,86
67.8527,36,45,15,86
67.8703,35,45,15,85
67.8841,35,45,15,85
67.9001,35,45,15,85
67.9158,36,46,15,85
67.9319,36,46,15,85
67.9465,36,46,15,85
67.9619,35,46,15,85
67.9767,35,46,15,85
67.9942,36,46,17,86
68.0102,36,46,17,86
68.0290,36,46,17,86
68.0474,35,45,15,86
68.0611,35,45,15,86
68.0789,36,45,15,86
68.0941,36,45,15,86
68.1186,35,46,17,85
68.1422,35,46,17,85
68.1560,35,46,17,85
68.1772,36,46,17,85
68.1907,36,46,17,85
68.2102,36,46,17,85
68.2242,36,46,17,86
68.2401,36,46,17,86
68.2537,36,46,17,86
68.2702,35,45,15,85
68.2850,35,45,15,85
68.3001,36,45,17,85
68.3156,36,45,17,86
68.3298,36,45,17,86
68.3435,36,45,17,86
68.3586,36,46,17,85
68.3726,36,46,17,85
68.3901,36,46,17,85
68.4038,35,45,17,85
68.4200,35,45,17,85
68.4349,36,46,17,85
68.4497,36,46,17,85
68.4633,36,46,17,85
68.4792,36,46,17,85
68.4923,35,45,17,86
68.5097,35,45,17,86
68.5232,35,45,15,86
68.5391,35,45,15,86
68.5533,35,45,15,86
68.5697,36,46,17,85
68.5837,36,46,17,85
68.5984,36,46,17,85
68.6144,36,46,17,86
68.6296,36,46,17,86
68.6436,36,46,17,86
68.6611,36,46,17,85
68.6748,36,46,17,85
68.6897,36,46,17,85
68.7038,36,46,15,86
68.7196,36,46,15,86
68.7334,36,46,15,86
68.7500,35,45,15,86
68.7631,35,45,15,86
68.7790,35,45,15,86
68.7931,36,46,17,85
68.8106,36,46,17,85
68.8243,36,46,17,85
68.8401,36,46,17,85
68.8533,36,46,17,85
68.8700,36,46,17,85
68.8833,36,46,17,86
68.8989,36,46,17,86
68.9138,36,46,17,86
68.9302,36,46,17,85
68.9442,36,46,17,85
68.9649,36,46,17,86
68.9811,36,46,17,86
68.9969,36,46,17,86
69.0114,35,45,17,86
69.0284,35,45,15,85
69.0432,35,45,15,85
69.0588,36,45,17,86
69.0771,36,45,17,86
69.0910,36,45,17,86
69.1174,36,46,17,85
69.1392,36,46,17,85
69.1521,35,45,17,86
69.1692,35,45,17,86
69.1859,24,59,32,103
69.2088,24,59,32,103
69.2240,24,59,32,103
69.2384,15,68,43,113
69.2527,15,68,43,113
69.2708,15,68,43,113
69.2840,15,68,42,113
69.2978,15,68,42,113
69.3133,15,68,42,113
69.3277,16,69,42,113
69.3416,16,69,42,113
69.3553,16,69,42,113
69.3709,16,68,43,114
69.3862,16,68,43,114
69.3994,16,68,43,114
69.4127,16,68,42,114
69.4291,16,68,42,114
69.4418,16,68,42,114
69.4614,16,69,43,114
69.4750,16,69,43,114
69.4891,16,69,43,114
69.5042,16,68,42,114
69.5194,16,68,42,114
69.5330,16,68,42,114
69.5490,15,68,42,113
69.5652,15,68,42,113
69.5801,15,68,42,113
69.5938,16,69,43,114
69.6111,16,69,43,114
69.6248,16,69,43,114
69.6407,15,69,42,114
69.6539,15,69,42,114
69.6688,15,69,42,114
69.6824,15,68,43,113
69.6997,15,68,43,113
69.7128,15,68,43,113
69.7289,16,69,42,113
69.7428,16,69,42,113
69.7595,16,69,42,113
69.7733,15,68,43,113
69.7901,15,68,43,113
69.8057,15,68,43,113
69.8214,15,68,43,113
69.8358,15,68,43,113
69.8516,15,68,43,113
69.8648,15,68,43,114
69.8809,15,68,43,114
69.8926,15,68,43,114
69.9106,15,69,43,113
69.9273,15,69,43,113
69.9462,16,69,43,114
69.9625,16,69,43,114
69.9802,16,69,43,114
69.9980,16,69,43,114
70.0124,16,69,43,114
70.0313,16,69,43,113
70.0489,16,69,43,113
70.0633,16,69,43,113
70.0798,16,69,42,113
70.0959,16,69,42,113
70.1181,15,68,43,113
70.1419,15,68,43,113
70.1599,15,68,43,113
70.1786,15,68,43,113
70.1968,15,68,43,113
70.2109,16,69,43,114
70.2295,16,69,43,114
70.2437,16,69,43,114
70.2594,15,68,43,113
70.2733,15,68,43,113
70.2902,15,68,43,113
70.3042,15,68,43,114
70.3196,15,68,43,114
70.3347,15,68,43,114
70.3484,16,69,42,114
70.3621,16,69,42,114
70.3784,16,69,42,114
70.3917,15,68,43,113
70.4054,15,68,43,113
70.4187,15,68,43,113
70.4331,15,68,42,113
70.4506,15,68,42,113
70.4640,15,68,42,113
70.4782,16,69,42,113
70.4930,16,69,42,113
70.5094,16,69,42,113
70.5229,16,68,43,114
70.5383,16,68,43,114
70.5519,16,68,43,114
70.5698,15,68,43,113
70.5830,15,68,43,113
70.5984,15,68,43,113
70.6128,16,69,42,113
70.6294,16,69,42,113
70.6452,16,69,42,113
70.6602,15,68,43,113
70.6738,15,68,43,113
70.6901,15,68,43,113
70.7030,15,68,43,113
70.7202,15,68,43,113
70.7340,15,68,43,113
70.7507,15,68,43,114
70.7639,15,68,43,114
70.7783,15,68,43,114
70.7929,15,69,43,113
70.8100,15,69,43,113
70.8250,15,69,43,113
70.8401,16,69,43,114
70.8525,16,69,43,114
70.8700,16,69,43,114
70.8836,16,68,42,114
70.8981,16,68,42,114
70.9122,16,68,42,114
70.9278,15,68,42,113
70.9434,15,68,42,113
70.9591,15,68,43,113
70.9776,15,68,43,113
70.9966,15,68,43,113
71.0122,15,68,43,114
71.0284,15,68,43,114
71.0437,15,68,43,114
71.0613,15,69,43,113
71.0743,15,69,43,113
71.0923,15,69,43,113
71.1063,16,69,43,114
71.1322,16,69,43,114
71.1503,16,68,42,114
71.1642,16,68,42,114
71.1799,16,68,42,114
71.1952,20,56,38,107
71.2106,20,56,38,107
71.2277,30,39,35,95
71.2467,30,39,35,95
71.2598,30,39,35,95
71.2761,30,39,36,95
71.2912,30,39,36,95
71.3090,30,39,36,95
71.3229,30,39,35,97
71.3363,30,39,35,97
71.3507,30,39,35,97
71.3662,31,38,35,97
71.3808,31,38,35,97
71.3969,31,38,35,97
71.4136,30,39,35,95
71.4272,30,39,35,95
71.4407,30,39,35,95
71.4543,30,39,36,95
71.4696,30,39,36,95
71.4843,30,39,36,95
71.4997,30,39,35,97
71.5132,30,39,35,97
71.5282,30,39,35,97
71.5442,31,38,35,97
71.5594,31,38,35,97
71.5731,31,38,35,97
71.5898,30,39,35,95
71.6044,30,39,35,95
71.6199,30,39,35,95
71.6344,30,39,36,95
71.6496,30,39,36,95
71.6619,30,39,36,95
71.6798,30,38,36,95
71.6929,30,38,36,95
71.7103,30,38,36,95
71.7257,30,39,36,95
71.7399,30,39,36,95
71.7529,30,39,36,95
71.7696,31,38,35,97
71.7834,31,38,35,97
71.7967,31,38,35,97
71.8108,30,39,35,95
71.8252,30,39,35,95
71.8393,30,39,35,95
71.8564,30,38,36,95
71.8706,30,38,36,95
71.8840,30,38,36,95
71.9002,31,39,36,95
71.9148,31,39,36,95
71.9297,31,39,36,95
71.9448,30,38,35,97
71.9621,30,38,35,97
71.9802,30,39,35,97
71.9955,30,39,35,97
72.0117,30,39,35,97
72.0323,30,39,36,97
72.0508,30,39,36,97
72.0630,30,39,36,97
72.0803,30,39,36,95
72.0978,30,39,36,95
72.1197,30,38,36,95
72.1376,30,38,36,95
72.1542,30,38,36,95
72.1713,30,39,36,95
72.1842,30,39,36,95
72.1998,30,39,36,95
72.2142,31,38,35,97
72.2294,31,38,35,97
72.2440,31,38,35,97
72.2594,31,38,36,97
72.2724,31,38,36,97
72.2886,31,38,36,97
72.3025,31,39,35,97
72.3213,31,39,35,97
72.3350,31,39,35,97
72.3490,30,39,35,95
72.3660,30,39,35,95
72.3794,30,39,35,95
72.3929,31,39,36,95
72.4087,31,39,36,95
72.4228,30,39,36,97
72.4409,30,39,36,97
72.4539,30,39,36,97
72.4712,30,39,36,97
72.4851,30,39,36,97
72.4994,30,39,36,97
72.5136,30,39,35,95
72.5288,30,39,35,95
72.5438,30,39,35,95
72.5595,30,38,36,97
72.5724,30,38,36,97
72.5903,30,38,36,97
72.6046,31,38,35,95
72.6202,31,38,35,95
72.6333,31,38,35,95
72.6486,31,38,36,95
72.6619,31,38,36,95
72.6792,31,38,36,95
72.6923,30,38,36,95
72.7103,30,38,36,95
72.7243,30,38,36,95
72.7393,30,39,36,95
72.7524,30,39,36,95
72.7727,30,39,36,95
72.7846,31,38,35,97
72.8007,31,38,35,97
72.8143,31,38,35,97
72.8283,31,38,36,97
72.8444,31,38,36,97
72.8592,31,38,36,97
72.8730,30,39,36,95
72.8892,30,39,36,95
72.9024,30,39,36,95
72.9232,30,39,35,95
72.9467,30,39,35,95
72.9636,30,39,35,95
72.9796,30,39,35,95
72.9933,30,39,35,95
73.0154,31,39,36,95
73.0276,31,39,36,95
73.0431,31,39,36,95
73.0583,30,39,36,97
73.0769,30,39,36,97
73.0909,30,39,36,97
73.1148,30,39,36,97
73.1343,30,39,35,95
73.1520,30,39,35,95
73.1694,30,39,35,95
73.1863,29,38,38,95
73.2049,29,38,38,95
73.2284,24,41,43,98
73.2416,24,41,43,98
73.2588,24,41,43,98
73.2754,23,40,43,99
73.2880,23,40,43,99
73.3018,23,40,43,99
73.3152,24,41,42,98
73.3288,24,41,42,98
73.3453,24,41,42,98
73.3616,24,40,42,99
73.3766,24,40,42,99
73.3901,24,40,42,99
73.4079,24,40,43,98
73.4230,24,40,43,98
73.4401,24,40,43,98
73.4538,24,41,44,99
73.4692,24,41,44,99
73.4828,24,41,44,99
73.5000,24,40,43,99
73.5138,24,40,43,99
73.5281,24,40,43,99
73.5415,23,40,43,99
73.5593,23,40,43,99
73.5727,23,40,43,99
73.5893,24,41,43,99
73.6037,24,41,43,99
73.6191,24,41,43,99
73.6338,24,41,43,98
73.6489,24,41,43,98
73.6617,23,40,43,98
73.6798,23,40,43,99
73.6939,23,40,43,99
73.7120,23,40,43,98
73.7252,23,40,43,98
73.7386,23,40,43,98
73.7524,23,40,43,98
73.7663,24,41,43,98
73.7824,24,41,43,98
73.7959,24,41,43,98
73.8098,23,40,43,98
73.8231,23,40,43,98
73.8381,23,40,43,98
73.8501,24,41,42,98
73.8697,24,41,42,98
73.8833,24,41,42,98
73.8986,24,40,42,99
73.9131,24,40,42,99
73.9297,24,40,42,99
73.9436,23,41,43,98
73.9594,23,41,43,98
73.9727,23,41,43,98
73.9897,24,40,45,98
74.0036,24,40,45,98
74.0199,24,40,45,98
74.0336,23,41,42,99
74.0496,23,41,42,99
74.0626,24,41,42,99
74.0807,24,41,42,99
74.0983,24,41,42,99
74.1193,24,40,43,98
74.1426,24,40,43,98
74.1599,24,41,42,99
74.1772,24,41,42,99
74.1992,24,41,43,99
74.2219,24,41,43,99
74.2393,24,41,43,99
74.2531,24,40,43,99
74.2697,24,40,43,99
74.2833,24,40,43,99
74.2996,23,41,44,98
74.3156,23,41,44,98
74.3296,23,41,44,98
74.3465,23,40,43,98
74.3617,23,40,43,98
74.3766,24,40,43,99
74.3930,24,40,43,99
74.4060,24,40,43,99
74.4218,24,41,42,98
74.4354,24,41,42,98
74.4494,24,41,42,98
74.4643,23,41,42,99
74.4792,23,41,42,99
74.4944,23,41,42,99
74.5102,23,41,43,98
74.5230,23,41,43,98
74.5408,23,41,43,98
74.5540,24,41,42,98
74.5681,24,41,42,98
74.5866,24,41,42,98
74.6005,24,40,43,99
74.6154,24,40,43,99
74.6289,24,40,43,99
74.6417,24,40,43,99
74.6602,24,40,43,99
74.6739,24,40,43,99
74.6898,24,41,45,99
74.7028,24,41,45,99
74.7191,24,41,45,99
74.7330,23,41,42,99
74.7495,23,41,42,99
74.7627,23,41,42,99
74.7790,24,41,42,98
74.7928,24,41,42,98
74.8116,24,41,42,98
74.8252,24,41,44,99
74.8397,24,41,44,99
74.8538,24,41,44,99
74.8695,23,41,42,99
74.8840,23,41,42,99
74.8983,23,41,42,99
74.9163,24,41,42,98
74.9302,24,41,42,98
74.9451,24,41,42,98
74.9632,23,40,42,99
74.9788,23,40,42,99
74.9948,23,40,42,99
75.0097,24,41,45,98
75.0334,24,41,45,98
75.0516,24,41,43,98
75.0666,24,41,43,98
75.0824,24,41,43,98
75.0973,23,41,42,98
75.1160,23,41,42,98
75.1352,23,40,42,98
75.1493,23,40,42,98
75.1637,23,40,42,98
75.1796,24,41,42,98
75.1952,24,41,42,98
75.2130,24,41,42,98
75.2293,24,71,21,102
75.2469,24,71,21,102
75.2597,24,71,21,102
75.2764,24,71,21,102
75.2898,24,71,21,102
75.3061,24,71,20,100
75.3208,24,71,20,100
75.3386,24,71,20,100
75.3526,24,71,21,100
75.3708,24,71,21,100
75.3844,24,71,21,100
75.4006,23,71,21,102
75.4184,23,71,21,102
75.4322,23,71,21,102
75.4490,24,71,20,100
75.4621,24,71,20,100
75.4808,24,71,20,100
75.4956,24,71,21,100
75.5092,24,71,21,100
75.5231,24,71,21,100
75.5383,24,71,21,102
75.5506,24,71,21,102
75.5691,24,71,21,102
75.5822,24,71,21,102
75.6001,24,71,21,102
75.6143,23,70,21,102
75.6307,23,70,21,102
75.6448,23,70,21,102
75.6607,24,70,21,102
75.6749,24,70,20,100
75.6890,24,70,20,100
75.7019,23,70,20,102
75.7208,23,70,20,102
75.7348,23,70,20,102
75.7504,24,70,20,102
75.7636,24,70,21,102
75.7790,24,70,21,102
75.7929,24,70,21,102
75.8094,24,71,21,100
75.8253,24,71,21,100
75.8385,23,70,20,100
75.8561,23,70,20,100
75.8760,23,70,20,100
75.8894,24,70,20,102
75.9082,24,70,20,102
75.9254,23,70,21,100
75.9460,23,70,21,100
75.9612,23,70,21,100
75.9792,23,71,20,100
75.9962,23,71,20,100
76.0100,23,71,20,100
76.0304,23,70,20,100
76.0459,23,70,20,100
76.0608,23,70,20,100
76.0738,24,70,20,102
76.0903,24,70,20,102
76.1045,23,70,20,100
76.1310,23,70,20,100
76.1495,24,71,21,100
76.1655,24,71,21,100
76.1804,24,71,21,100
76.1963,24,71,21,100
76.2135,24,71,21,100
76.2290,24,71,21,100
76.2469,23,70,20,102
76.2605,23,70,20,102
76.2770,23,70,20,102
76.2926,23,70,20,100
76.3080,23,70,20,100
76.3229,23,70,20,100
76.3362,24,70,21,102
76.3516,24,70,21,102
76.3678,24,70,21,102
76.3816,23,70,20,102
76.3972,23,70,20,102
76.4138,23,70,20,102
76.4284,23,70,20,100
76.4433,23,70,20,100
76.4580,24,70,20,100
76.4736,24,70,20,100
76.4888,24,70,20,100
76.5035,24,70,20,100
76.5197,24,70,20,100
76.5363,24,70,20,100
76.5560,23,71,21,102
76.5709,23,71,21,102
76.5891,23,71,21,102
76.6026,24,70,20,100
76.6197,24,70,20,100
76.6346,24,70,20,100
76.6490,23,71,21,102
76.6647,23,71,21,102
76.6794,23,71,21,102
76.6932,24,71,20,100
76.7087,24,71,20,100
76.7246,24,70,20,100
76.7398,24,70,20,102
76.7533,24,70,20,102
76.7692,24,70,20,102
76.7833,23,70,20,100
76.7996,23,70,20,100
76.8149,24,71,21,100
76.8297,24,71,21,100
76.8437,24,71,21,100
76.8606,24,71,21,100
76.8743,24,71,21,100
76.8880,24,71,21,100
76.9010,24,71,21,100
76.9167,23,70,20,102
76.9306,23,70,20,102
76.9502,24,71,21,100
76.9688,24,71,21,100
76.9872,24,71,21,100
76.9993,23,71,21,102
77.0221,23,71,21,102
77.0401,24,71,20,100
77.0545,24,71,20,100
77.0711,24,71,20,100
77.0880,24,71,21,100
77.1031,24,71,21,100
77.1315,24,71,21,102
77.1505,24,71,21,102
77.1672,24,71,21,102
77.1801,24,70,21,102
77.2003,24,70,21,102
77.2122,26,61,26,103
77.2292,26,61,26,103
77.2427,26,61,26,103
77.2586,26,59,30,104
77.2729,26,59,30,104
77.2891,26,59,30,104
77.3033,26,58,29,104
77.3220,26,58,29,104
77.3364,26,58,29,104
77.3500,25,58,30,104
77.3629,25,58,30,104
77.3793,25,58,30,104
77.3940,26,59,30,104
77.4115,26,59,30,104
77.4252,26,59,30,104
77.4392,26,59,30,104
77.4541,26,59,30,104
77.4694,26,59,30,104
77.4829,25,58,29,103
77.4992,25,58,29,103
77.5127,25,58,29,103
77.5300,25,58,29,103
77.5437,25,58,29,103
77.5584,25,58,29,103
77.5739,26,58,29,103
77.5896,26,58,29,103
77.6031,26,58,29,103
77.6192,25,58,29,103
77.6328,25,58,29,103
77.6495,25,58,29,103
77.6640,25,59,29,104
77.6792,25,59,29,104
77.6930,25,59,29,104
77.7119,25,58,30,104
77.7252,25,58,30,104
77.7391,25,58,30,104
77.7539,25,58,30,104
77.7692,25,58,30,104
77.7822,25,58,30,104
77.7992,25,58,30,104
77.8113,25,58,30,104
77.8312,25,58,30,104
77.8449,25,58,29,103
77.8601,25,58,29,103
77.8749,25,58,29,103
77.8892,26,59,30,104
77.9025,26,59,30,104
77.9209,25,58,30,104
77.9474,25,58,30,104
77.9651,25,58,30,104
77.9804,25,58,30,104
77.9964,25,58,30,104
78.0109,25,58,30,104
78.0275,25,58,30,104
78.0467,25,58,30,104
78.0665,26,59,30,104
78.0830,26,59,30,104
78.0980,26,59,30,104
78.1202,26,59,29,104
78.1454,26,58,29,103
78.1715,26,58,29,103
78.1892,26,58,29,103
78.2060,26,58,30,104
78.2246,26,58,30,104
78.2393,25,58,29,103
78.2533,25,58,29,103
78.2681,25,58,29,103
78.2889,25,58,29,103
78.3033,25,58,29,103
78.3188,25,58,29,103
78.3330,26,58,29,103
78.3486,26,58,29,103
78.3614,26,58,29,103
78.3789,25,58,29,103
78.3923,25,58,29,103
78.4102,25,58,29,103
78.4243,25,58,29,103
78.4394,25,58,29,103
78.4517,25,58,29,103
78.4682,25,58,29,103
78.4833,25,58,29,103
78.4989,25,58,29,103
78.5129,26,58,30,104
78.5286,26,58,30,104
78.5429,25,58,30,103
78.5604,25,58,30,103
78.5738,25,58,30,103
78.5892,25,58,30,103
78.6016,25,58,30,103
78.6189,25,58,30,103
78.6330,25,58,30,103
78.6492,25,58,30,103
78.6653,25,58,30,103
78.6791,25,58,29,104
78.6928,25,58,29,104
78.7100,25,58,29,104
78.7241,25,59,29,103
78.7377,25,59,29,103
78.7530,25,59,29,103
78.7662,25,59,29,103
78.7792,26,59,29,103
78.7973,26,59,29,103
78.8104,25,58,29,103
78.8254,25,58,29,103
78.8388,25,58,29,103
78.8557,25,58,29,103
78.8738,25,58,29,103
78.8891,25,58,29,103
78.9025,26,59,30,104
78.9190,26,59,30,104
78.9343,26,59,30,104
78.9492,25,58,30,104
78.9631,25,58,30,104
78.9798,25,58,30,104
78.9950,25,58,30,104
79.0095,25,58,30,104
79.0279,25,58,30,104
79.0480,25,58,30,104
79.0664,25,58,30,104
79.0788,25,58,29,103
79.0971,25,58,29,103
79.1149,25,58,29,103
79.1367,25,58,29,103
79.1514,25,58,29,103
79.1692,25,58,29,103
79.1865,25,58,29,103
79.2039,25,58,29,103
79.2200,34,40,19,85
79.2394,34,40,19,85
79.2524,38,33,13,78
79.2690,38,33,13,78
79.2823,38,33,13,78
79.2981,38,33,13,78
79.3114,38,34,14,79
79.3289,38,34,14,79
79.3422,39,33,14,79
79.3587,39,33,14,79
79.3746,39,33,14,79
79.3897,38,34,14,79
79.4038,38,34,14,79
79.4193,38,34,14,79
79.4331,39,33,14,79
79.4495,39,33,14,79
79.4624,39,33,14,79
79.4803,38,34,14,79
79.4946,38,34,14,79
79.5094,38,34,14,79
79.5245,39,33,14,79
79.5390,39,33,14,79
79.5552,39,33,14,79
79.5731,38,34,14,79
79.5872,38,34,14,79
79.6000,38,34,14,79
79.6122,39,33,14,79
79.6292,39,33,14,79
79.6430,39,33,14,79
79.6612,38,34,14,79
79.6758,38,34,14,79
79.6897,38,34,14,79
79.7030,38,34,13,78
79.7180,38,34,13,78
79.7318,38,34,13,78
79.7492,38,34,13,79
79.7622,38,34,13,79
79.7792,38,34,13,79
79.7930,39,33,14,79
79.8096,39,33,14,79
79.8256,39,33,14,79
79.8391,38,34,14,78
79.8556,38,34,14,78
79.8704,38,34,14,78
79.8854,38,34,14,79
79.8992,38,34,14,79
79.9171,38,34,14,79
79.9321,39,33,13,78
79.9502,39,33,13,78
79.9620,39,33,14,79
79.9793,39,33,14,79
79.9958,39,33,14,79
80.0173,39,34,14,79
80.0308,39,34,14,79
80.0494,39,34,14,79
80.0637,38,33,13,79
80.0800,38,33,13,79
80.0992,38,34,14,78
80.1237,38,34,14,78
80.1427,39,33,13,78
80.1603,39,33,13,78
80.1809,38,33,13,78
80.2005,38,33,13,78
80.2165,38,33,13,78
80.2327,38,34,13,78
80.2476,38,34,13,78
80.2614,38,34,13,78
80.2766,38,33,14,79
80.2907,38,33,14,79
80.3052,38,33,14,79
80.3213,39,33,13,78
80.3351,39,33,13,78
80.3491,39,33,13,78
80.3662,38,33,14,79
80.3801,38,33,14,79
80.3937,38,33,14,79
80.4103,39,33,14,79
80.4237,39,33,14,79
80.4395,39,33,14,79
80.4526,39,34,13,78
80.4681,39,34,13,78
80.4822,39,34,13,78
80.5000,38,34,14,79
80.5135,38,34,14,79
80.5288,38,34,14,79
80.5427,38,34,13,79
80.5594,38,34,13,79
80.5733,38,34,13,79
80.5889,39,33,14,79
80.6013,39,33,14,79
80.6210,39,33,14,79
80.6347,38,33,14,79
80.6489,38,33,14,79
80.6677,38,33,14,79
80.6817,39,33,13,78
80.6950,39,33,13,78
80.7102,39,33,13,78
80.7247,38,34,13,78
80.7410,38,34,13,78
80.7545,38,34,13,78
80.7698,38,33,13,78
80.7848,38,33,13,78
80.7991,38,33,13,78
80.8131,38,34,14,79
80.8285,38,34,14,79
80.8423,38,34,14,79
80.8592,39,34,14,78
80.8722,39,34,14,78
80.8883,39,34,14,78
80.9010,39,33,13,78
80.9167,39,33,13,78
80.9332,39,33,13,78
80.9487,39,34,14,79
80.9651,39,34,14,79
80.9809,39,34,14,79
80.9957,38,34,13,78
81.0116,38,34,13,78
81.0294,38,34,13,78
81.0433,38,34,13,78
81.0584,38,34,13,78
81.0774,38,33,13,78
81.0965,38,33,13,78
81.1143,39,34,14,79
81.1384,39,34,14,79
81.1560,39,34,14,79
81.1718,39,34,14,79
81.1893,39,34,14,79
81.2048,25,53,19,88
81.2210,25,53,19,88
81.2353,25,53,19,88
81.2516,16,74,22,98
81.2654,16,74,22,98
81.2788,16,74,22,98
81.2929,16,74,21,98
81.3080,16,74,21,98
81.3280,16,74,21,98
81.3417,16,74,20,98
81.3607,16,74,20,98
81.3740,16,74,20,98
81.3880,15,73,22,99
81.4020,15,73,22,99
81.4189,15,73,22,99
81.4327,16,74,22,99
81.4482,16,74,22,99
81.4615,16,74,22,99
81.4803,16,73,20,99
81.4937,16,73,20,99
81.5086,16,73,20,99
81.5217,16,74,21,99
81.5389,16,74,21,99
81.5527,16,74,21,99
81.5678,16,73,20,99
81.5801,16,73,20,99
81.6000,16,73,20,99
81.6140,15,73,20,99
81.6308,15,73,20,99
81.6441,15,73,20,99
81.6599,15,74,22,98
81.6749,15,74,22,98
81.6890,15,74,22,98
81.7026,15,73,20,99
81.7187,15,73,20,99
81.7323,15,73,20,99
81.7493,15,73,20,98
81.7626,15,73,20,98
81.7792,15,73,20,98
81.7925,15,74,20,99
81.8103,15,74,20,99
81.8251,15,73,22,98
81.8388,15,73,22,98
81.8522,15,73,22,98
81.8679,15,73,22,98
81.8824,15,73,23,99
81.9002,15,73,23,99
81.9162,15,74,21,98
81.9354,15,74,21,98
81.9491,15,74,21,98
81.9640,16,74,22,99
81.9775,16,74,22,99
81.9957,16,74,22,99
82.0132,16,74,20,98
82.0291,16,74,20,98
82.0437,16,74,20,98
82.0613,15,73,22,99
82.0761,15,73,22,99
82.0961,16,74,22,99
82.1232,16,74,22,99
82.1403,15,74,20,99
82.1577,15,74,20,99
82.1729,15,74,20,99
82.1946,16,74,21,98
82.2113,16,74,21,98
82.2296,16,74,20,99
82.2457,16,74,20,99
82.2595,16,74,20,99
82.2756,15,74,20,99
82.2888,15,74,20,99
82.3057,15,74,20,99
82.3194,16,74,21,98
82.3367,16,74,21,98
82.3498,16,74,21,98
82.3656,16,74,22,98
82.3820,16,74,22,98
82.3992,16,74,21,99
82.4158,16,74,21,99
82.4313,16,74,21,99
82.4460,16,73,23,98
82.4603,16,73,23,98
82.4732,16,73,23,98
82.4894,16,73,23,98
82.5019,15,73,20,98
82.5168,15,73,20,98
82.5321,15,73,20,98
82.5454,15,73,20,98
82.5601,15,73,20,98
82.5752,15,73,20,98
82.5891,15,73,23,99
82.6023,15,73,23,99
82.6183,15,73,23,99
82.6329,16,74,22,98
82.6493,16,74,22,98
82.6654,16,74,22,98
82.6793,15,73,21,99
82.6917,15,73,21,99
82.7101,15,73,21,99
82.7239,15,73,21,99
82.7375,15,73,21,99
82.7527,15,73,21,99
82.7690,15,73,21,98
82.7826,15,73,21,98
82.7976,15,73,21,98
82.8115,16,74,20,99
82.8303,16,74,20,99
82.8438,16,74,20,99
82.8586,16,74,21,99
82.8750,16,74,21,99
82.8889,16,74,21,98
82.9030,16,74,21,98
82.9189,16,74,21,98
82.9342,16,74,20,98
82.9518,16,74,20,98
82.9641,16,74,20,98
82.9850,16,73,22,98
82.9993,16,73,22,98
83.0177,16,74,22,98
83.0368,16,74,22,98
83.0492,16,74,22,98
83.0691,15,73,20,99
83.0871,15,73,20,99
83.1059,16,74,20,98
83.1324,16,74,20,98
83.1491,15,73,20,99
83.1705,15,73,20,99
83.1879,15,73,20,99
83.2054,16,64,29,98
83.2264,16,64,29,98
83.2402,14,40,52,98
83.2593,14,40,52,98
83.2724,14,40,52,98
83.2902,15,40,52,99
83.3047,15,40,52,99
83.3205,15,40,52,99
83.3359,15,40,52,99
83.3490,15,40,52,99
83.3650,15,40,52,99
83.3771,15,40,52,99
83.3902,15,40,52,99
83.4059,15,40,52,99
83.4209,16,41,51,99
83.4378,16,41,51,99
83.4533,16,41,51,99
83.4692,14,41,52,99
83.4824,14,41,52,99
83.4996,14,41,52,99
83.5195,16,41,52,98
83.5350,16,41,52,98
83.5481,16,40,52,98
83.5670,16,40,51,99
83.5874,16,40,51,99
83.6011,15,40,52,99
83.6185,15,40,52,99
83.6337,15,40,52,99
83.6500,15,40,51,99
83.6668,15,40,51,99
83.6812,15,40,51,99
83.6934,16,41,52,98
83.7108,16,41,52,98
83.7243,16,41,52,98
83.7408,15,40,51,99
83.7545,15,40,51,99
83.7694,15,40,51,99
83.7837,15,40,52,99
83.7982,15,40,52,99
83.8133,15,40,52,99
83.8289,16,41,52,98
83.8420,16,41,52,98
83.8586,16,41,52,98
83.8722,16,40,52,99
83.8889,16,40,52,99
83.9021,16,40,52,99
83.9186,16,41,52,98
83.9330,16,41,52,98
83.9488,16,41,52,98
83.9631,16,41,52,99
83.9785,16,41,52,99
83.9940,16,41,52,99
84.0094,16,40,52,99
84.0248,16,40,52,99
84.0417,16,40,52,99
84.0541,16,41,52,98
84.0703,16,41,52,98
84.0868,16,41,51,98
84.1032,16,41,51,98
84.1274,16,41,51,99
84.1467,16,41,51,99
84.1618,16,41,51,99
84.1765,16,40,52,99
84.1972,16,40,52,99
84.2098,16,40,52,99
84.2243,16,41,52,98
84.2395,16,41,52,98
84.2526,16,41,52,98
84.2694,16,40,52,99
84.2829,16,40,52,99
84.2993,16,40,52,99
84.3129,15,40,52,99
84.3286,15,40,52,99
84.3417,15,40,52,99
84.3602,15,40,52,98
84.3737,15,40,52,98
84.3887,15,40,52,98
84.4024,15,40,51,98
84.4188,15,40,51,98
84.4325,15,40,51,98
84.4488,15,40,51,98
84.4626,15,40,51,98
84.4776,15,40,51,98
84.4913,15,40,51,99
84.5094,15,40,51,99
84.5229,15,40,51,99
84.5388,15,40,52,99
84.5522,15,40,52,99
84.5688,15,40,52,99
84.5839,16,40,51,99
84.5984,16,40,51,99
84.6124,16,40,51,99
84.6285,15,40,52,98
84.6422,15,40,52,98
84.6596,15,40,52,98
84.6734,16,41,52,98
84.6889,16,41,52,98
84.7024,16,41,52,98
84.7179,16,41,51,99
84.7313,16,41,51,99
84.7486,16,41,51,99
84.7621,16,41,51,99
84.7782,16,41,51,99
84.7913,16,40,52,99
84.8102,16,40,52,99
84.8232,16,40,52,99
84.8388,15,40,51,99
84.8522,15,40,51,99
84.8688,15,40,51,99
84.8837,15,40,52,99
84.8974,15,40,52,99
84.9142,15,40,52,99
84.9288,16,41,52,98
84.9424,16,41,52,98
84.9603,16,41,52,98
84.9786,15,40,51,99
84.9978,15,40,51,99
85.0164,16,41,51,99
85.0320,16,41,51,99
85.0488,16,41,51,99
85.0635,16,41,51,99
85.0798,16,41,51,99
85.0972,16,41,51,99
85.1186,15,40,51,99
85.1443,15,40,51,99
85.1599,15,40,52,99
85.1773,15,40,52,99
85.1959,15,40,49,98
85.2110,15,40,49,98
85.2271,15,40,49,98
85.2404,30,55,18,95
85.2557,30,55,18,95
85.2731,30,55,18,95
85.2899,30,55,18,95
85.3041,30,55,18,95
85.3179,30,55,18,95
85.3342,31,56,19,95
85.3477,31,56,19,95
85.3618,31,56,19,95
85.3758,33,55,19,95
85.3920,33,55,19,95
85.4084,33,55,19,95
85.4240,31,55,18,97
85.4377,31,55,18,97
85.4543,31,55,18,97
85.4695,30,56,19,95
85.4841,30,56,19,95
85.4976,30,56,19,95
85.5157,30,56,19,97
85.5307,30,56,19,97
85.5467,30,55,19,97
85.5615,30,55,19,95
85.5750,30,55,19,95
85.5892,30,55,19,95
85.6017,31,55,18,97
85.6189,31,55,18,97
85.6327,31,55,18,97
85.6474,30,56,18,97
85.6604,30,56,18,97
85.6787,30,56,18,97
85.6925,30,56,19,95
85.7101,30,56,19,95
85.7242,31,55,18,95
85.7388,31,55,18,97
85.7536,31,55,18,97
85.7674,30,56,19,97
85.7846,30,56,19,95
85.7988,30,56,19,95
85.8122,33,55,19,95
85.8291,33,55,19,95
85.8426,33,55,19,95
85.8561,30,56,19,95
85.8717,30,56,18,97
85.8850,30,56,18,97
85.9021,33,55,18,97
85.9169,33,55,18,97
85.9332,33,55,18,97
85.9465,31,55,18,97
85.9664,31,55,18,97
85.9860,31,55,18,97
86.0030,33,55,19,95
86.0224,33,55,19,95
86.0392,31,55,19,95
86.0549,31,55,19,95
86.0777,31,55,19,95
86.0911,31,56,19,95
86.1183,31,55,19,95
86.1394,31,55,19,97
86.1537,31,55,19,97
86.1722,34,55,18,95
86.1881,34,55,18,95
86.2068,34,55,18,95
86.2264,34,56,18,97
86.2400,34,56,18,97
86.2586,34,56,19,97
86.2711,34,56,19,97
86.2902,34,56,19,97
86.3037,30,56,18,97
86.3206,30,56,18,97
86.3372,30,56,18,97
86.3507,30,56,18,97
86.3689,30,56,18,97
86.3820,30,56,18,97
86.3985,30,56,18,97
86.4119,30,56,18,97
86.4289,30,56,18,97
86.4423,33,56,18,95
86.4602,33,56,18,95
86.4741,33,56,18,95
86.4899,30,56,19,95
86.5030,30,56,19,95
86.5188,30,56,19,95
86.5323,30,56,19,95
86.5506,30,56,19,95
86.5641,30,56,19,95
86.5775,34,56,18,97
86.5930,34,56,18,97
86.6093,34,56,18,97
86.6232,30,56,18,97
86.6383,30,56,18,97
86.6506,30,56,18,97
86.6685,31,55,19,97
86.6814,31,55,19,97
86.6982,31,55,19,97
86.7129,30,55,19,95
86.7264,30,55,19,95
86.7414,30,55,19,95
86.7544,34,55,19,95
86.7696,34,55,19,95
86.7820,34,55,19,95
86.7986,30,55,19,95
86.8127,30,55,19,95
86.8281,30,55,19,95
86.8414,31,56,19,95
86.8594,31,56,19,95
86.8748,31,56,19,95
86.8884,30,56,19,97
86.9031,30,56,19,97
86.9218,33,55,19,95
86.9453,33,55,19,95
86.9625,33,55,19,95
86.9786,34,56,19,95
86.9950,34,56,19,95
87.0159,30,55,18,97
87.0296,30,55,18,97
87.0469,30,55,18,97
87.0609,33,55,19,95
87.0802,33,55,19,95
87.0951,33,55,19,95
87.1178,31,55,19,95
87.1361,31,55,19,95
87.1551,30,56,19,95
87.1743,30,56,19,95
87.1890,33,55,19,97
87.2042,33,55,19,97
87.2264,33,55,19,97
87.2399,35,45,15,89
87.2575,35,45,15,89
87.2699,35,45,15,89
87.2877,35,46,15,86
87.3023,35,46,15,86
87.3161,35,46,15,86
87.3309,35,46,15,85
87.3437,35,46,15,85
87.3593,35,46,15,85
87.3739,35,45,15,86
87.3881,35,45,15,86
87.4042,35,45,15,86
87.4197,36,45,15,86
87.4329,36,45,15,86
87.4487,36,45,15,86
87.4626,36,45,15,86
87.4786,36,45,15,86
87.4932,36,45,15,86
87.5102,36,45,17,88
87.5260,36,45,17,88
87.5399,36,45,17,88
87.5533,35,46,15,89
87.5677,35,46,15,89
87.5796,35,46,15,89
87.5957,35,45,17,85
87.6113,35,45,17,85
87.6298,35,45,17,85
87.6434,35,45,15,89
87.6609,35,45,15,89
87.6747,35,45,15,89
87.6889,36,46,17,89
87.7009,36,46,17,89
87.7186,36,46,17,89
87.7320,35,45,17,88
87.7473,35,45,17,88
87.7609,35,45,15,86
87.7784,35,45,15,86
87.7931,35,45,15,86
87.8087,35,46,17,88
87.8243,35,46,17,88
87.8385,35,46,17,88
87.8519,36,46,17,85
87.8673,36,46,17,85
87.8818,36,46,17,85
87.9000,36,46,17,89
87.9160,36,46,17,89
87.9340,36,46,17,89
87.9472,35,45,15,89
87.9628,35,45,15,89
87.9802,35,45,15,89
87.9985,36,46,17,89
88.0134,36,46,17,89
88.0293,36,46,17,89
88.0435,36,45,15,86
88.0613,36,45,15,86
88.0779,36,46,17,88
88.0934,36,46,17,88
88.1267,35,45,15,86
88.1490,35,45,15,86
88.1654,36,46,17,86
88.1863,36,46,17,86
88.2067,35,45,15,85
88.2249,35,45,15,85
88.2393,35,45,15,85
88.2539,36,46,17,85
88.2693,36,46,17,85
88.2839,36,46,17,85
88.2980,35,45,15,86
88.3163,35,45,15,86
88.3288,35,45,15,86
88.3424,36,46,17,85
88.3588,36,46,17,85
88.3728,36,46,17,85
88.3910,36,46,17,88
88.4039,36,46,17,88
88.4192,36,46,17,88
88.4326,36,46,17,85
88.4487,36,46,17,85
88.4624,36,46,17,85
88.4777,36,46,17,88
88.4918,36,46,17,88
88.5094,36,46,17,88
88.5237,36,46,17,88
88.5373,36,46,17,88
88.5514,36,46,17,88
88.5686,35,46,15,89
88.5834,35,46,15,89
88.5972,35,46,15,89
88.6123,36,46,17,88
88.6288,36,46,17,88
88.6423,36,46,17,88
88.6618,36,46,17,88
88.6760,36,46,17,88
88.6898,36,46,17,88
88.7034,35,46,15,89
88.7192,35,46,15,89
88.7339,35,46,15,89
88.7485,36,46,17,88
88.7626,36,46,17,88
88.7773,36,46,17,88
88.7922,36,46,17,88
88.8093,36,46,17,88
88.8226,36,46,17,88
88.8372,35,46,15,89
88.8510,35,46,15,89
88.8692,35,46,15,89
88.8821,36,46,17,88
88.8996,36,46,17,88
88.9212,36,46,17,88
88.9421,36,46,17,88
88.9604,35,46,15,86
88.9802,35,46,15,86
88.9991,35,46,15,86
89.0136,35,45,15,89
89.0296,35,45,15,89
89.0450,35,45,15,89
89.0599,36,46,17,89
89.0764,36,46,17,89
89.0939,36,45,17,85
89.1174,36,45,17,85
89.1326,36,45,17,85
89.1512,36,45,15,86
89.1763,36,45,15,86
89.1913,35,45,15,85
89.2132,35,45,15,85
89.2282,20,64,36,107
89.2443,20,64,36,107
89.2596,20,64,36,107
89.2756,15,68,42,113
89.2904,15,68,42,113
89.3095,15,68,42,113
89.3229,15,68,43,113
89.3358,15,68,43,113
89.3498,15,68,43,113
89.3620,15,68,43,114
89.3785,15,68,43,114
89.3917,15,68,43,114
89.4102,16,69,43,114
89.4228,16,69,43,114
89.4384,16,69,43,114
89.4528,16,69,43,114
89.4688,16,69,43,114
89.4804,16,69,43,114
89.4987,16,69,43,113
89.5120,16,69,43,113
89.5273,16,69,43,113
89.5420,15,68,43,114
89.5603,15,68,43,114
89.5739,15,68,43,114
89.5884,15,68,42,113
89.6032,15,68,42,113
89.6182,15,68,42,113
89.6328,15,68,43,113
89.6480,15,68,43,113
89.6629,15,68,43,113
89.6786,15,68,43,114
89.6927,15,68,43,114
89.7085,15,68,43,114
89.7237,15,69,43,113
89.7384,15,69,43,113
89.7516,15,69,43,113
89.7683,15,68,43,113
89.7816,15,68,43,113
89.7986,15,68,43,113
89.8118,15,68,43,113
89.8277,15,68,43,113
89.8417,15,68,43,113
89.8600,16,69,42,114
89.8739,16,69,42,114
89.8879,16,69,42,114
89.9037,16,69,43,114
89.9189,16,69,43,114
89.9382,15,69,42,114
89.9551,15,69,42,114
89.9772,15,69,42,114
89.9899,15,68,43,113
90.0057,15,68,43,113
90.0231,15,68,43,113
90.0383,16,69,42,113
90.0537,16,69,42,113
90.0708,16,69,43,114
90.0855,16,69,43,114
90.0997,16,69,43,114
90.1200,16,68,42,114
90.1420,16,68,42,114
90.1612,15,68,42,113
90.1765,15,68,42,113
90.1988,15,68,42,113
90.2156,16,69,43,114
90.2314,16,69,43,114
90.2474,16,69,42,113
90.2623,16,69,42,113
90.2796,16,69,42,113
90.2931,16,69,43,114
90.3088,16,69,43,114
90.3247,16,69,43,114
90.3385,15,68,42,113
90.3540,15,68,42,113
90.3697,15,68,42,113
90.3835,16,68,43,113
90.3997,16,68,43,113
90.4131,16,68,43,113
90.4272,16,69,43,114
90.4421,16,69,43,114
90.4596,16,69,43,114
90.4738,16,69,42,113
90.4883,16,69,42,113
90.5027,16,69,42,113
90.5193,16,69,43,114
90.5330,16,69,43,114
90.5485,16,69,43,114
90.5622,15,68,42,113
90.5783,15,68,42,113
90.5919,15,68,42,113
90.6087,16,68,43,113
90.6230,16,68,43,113
90.6384,16,68,43,113
90.6518,16,69,43,114
90.6720,16,69,43,114
90.6857,16,69,43,114
90.7000,16,69,42,113
90.7131,16,69,42,113
90.7271,16,69,42,113
90.7419,16,69,43,114
90.7593,16,69,43,114
90.7735,16,69,43,114
90.7874,15,68,42,113
90.8011,15,68,42,113
90.8189,15,68,42,113
90.8320,16,68,43,113
90.8494,16,68,43,113
90.8652,16,68,43,113
90.8791,16,69,43,114
90.8943,16,69,43,114
90.9085,16,69,42,113
90.9271,16,69,42,113
90.9432,16,69,42,113
90.9607,16,69,43,114
90.9754,16,69,43,114
90.9916,16,69,43,114
91.0110,16,69,42,114
91.0302,16,69,42,114
91.0484,16,69,43,114
91.0613,16,69,43,114
91.0792,16,69,43,114
91.0930,15,69,42,114
91.1163,15,69,42,114
91.1415,15,68,43,113
91.1582,15,68,43,113
91.1762,16,69,42,113
91.1943,16,69,42,113
91.2101,16,69,42,113
91.2244,23,51,38,104
91.2389,23,51,38,104
91.2529,23,51,38,104
91.2686,31,38,36,95
91.2817,31,38,36,95
91.2973,31,38,36,95
91.3098,31,38,36,95
91.3252,30,39,35,97
91.3397,30,39,35,97
91.3552,31,38,36,97
91.3711,31,38,36,97
91.3886,31,38,36,97
91.4023,31,39,36,97
91.4187,31,39,36,97
91.4324,31,39,36,97
91.4489,31,39,35,97
91.4621,31,39,35,97
91.4771,31,39,35,97
91.4912,31,38,36,95
91.5094,31,38,36,95
91.5226,31,38,36,95
91.5389,30,38,36,97
91.5509,30,38,36,97
91.5696,30,38,36,97
91.5834,31,39,36,95
91.5979,31,39,36,95
91.6133,31,39,36,95
91.6283,30,38,35,97
91.6423,30,38,35,97
91.6607,30,38,35,97
91.6770,29,38,35,95
91.6933,29,38,35,95
91.7081,31,38,35,97
91.7260,31,38,35,97
91.7400,31,38,35,97
91.7564,30,39,35,95
91.7709,30,39,35,95
91.7844,30,39,35,95
91.7998,30,39,36,95
91.8135,30,39,36,95
91.8292,30,39,36,95
91.8430,30,39,35,97
91.8586,30,39,35,97
91.8730,30,39,35,97
91.8889,31,38,35,97
91.9020,31,38,35,97
91.9227,31,38,35,97
91.9469,30,39,35,95
91.9621,30,39,35,95
91.9784,30,39,36,95
91.9958,30,39,36,95
92.0098,30,39,36,95
92.0250,30,38,36,95
92.0411,30,38,36,95
92.0554,30,38,36,95
92.0768,30,39,36,95
92.1003,30,39,36,95
92.1273,31,38,35,97
92.1458,31,38,35,97
92.1602,30,39,35,97
92.1784,30,39,35,97
92.1946,30,39,35,97
92.2133,31,38,35,97
92.2270,31,38,35,97
92.2404,31,38,35,97
92.2552,30,39,35,95
92.2702,30,39,35,95
92.2832,30,39,35,95
92.2990,30,38,36,95
92.3114,30,38,36,95
92.3302,30,38,36,95
92.3438,30,39,36,97
92.3586,30,39,36,97
92.3751,30,39,36,97
92.3884,31,38,35,97
92.4015,31,38,35,97
92.4193,31,38,35,97
92.4313,31,38,36,97
92.4502,31,38,36,97
92.4637,30,39,36,97
92.4779,30,39,36,95
92.4930,30,39,36,95
92.5094,30,39,35,95
92.5231,30,39,35,95
92.5386,30,39,35,95
92.5524,30,39,35,95
92.5684,30,39,35,95
92.5816,30,39,35,95
92.5969,31,39,36,95
92.6118,31,39,36,95
92.6281,31,39,36,95
92.6414,30,39,36,97
92.6619,30,39,36,97
92.6773,30,39,36,97
92.6923,30,39,36,97
92.7096,30,39,36,97
92.7261,30,39,36,97
92.7397,30,39,35,95
92.7538,30,39,35,95
92.7682,30,39,35,95
92.7859,30,38,36,97
92.7997,30,38,36,97
92.8166,30,38,36,97
92.8301,31,38,35,97
92.8437,31,38,35,97
92.8602,31,38,35,97
92.8748,30,39,35,95
92.8882,30,39,35,95
92.9025,30,39,35,95
92.9182,30,39,36,95
92.9341,30,39,36,95
92.9498,30,39,35,97
92.9660,30,39,35,97
92.9812,30,39,35,97
92.9964,30,39,36,95
93.0125,30,39,36,95
93.0293,30,39,36,95
93.0472,30,39,36,95
93.0627,30,39,36,95
93.0787,30,39,36,95
93.0932,30,39,36,95
93.1097,30,39,36,95
93.1321,30,39,36,95
93.1483,30,39,36,95
93.1678,30,39,36,95
93.1800,31,38,36,97
93.1983,31,38,36,97
93.2133,31,38,36,97
93.2286,29,38,39,95
93.2422,29,38,39,95
93.2592,29,38,39,95
93.2726,23,40,43,98
93.2893,23,40,43,98
93.3032,23,40,43,98
93.3193,23,41,42,98
93.3335,23,41,42,98
93.3478,23,41,42,98
93.3621,23,40,43,98
93.3780,23,40,43,98
93.3917,23,40,43,98
93.4062,23,40,43,98
93.4220,23,40,43,98
93.4354,23,40,43,98
93.4517,24,41,43,98
93.4651,24,41,43,98
93.4787,24,41,43,98
93.4908,23,40,43,98
93.5098,23,40,43,98
93.5240,23,40,43,98
93.5377,24,41,42,98
93.5516,24,41,42,98
93.5690,24,41,42,98
93.5821,24,40,42,99
93.5979,24,40,42,99
93.6116,24,40,42,99
93.6297,23,41,43,98
93.6428,23,41,43,98
93.6590,24,40,43,98
93.6763,24,40,43,98
93.6902,24,40,43,98
93.7040,24,40,43,98
93.7193,24,41,42,99
93.7338,24,41,42,99
93.7496,24,41,42,99
93.7627,24,40,43,99
93.7770,24,40,43,99
93.7924,24,41,43,99
93.8093,24,41,43,99
93.8241,24,41,43,99
93.8380,24,41,43,99
93.8514,24,40,43,99
93.8686,24,40,43,99
93.8818,23,41,42,99
93.8969,23,41,42,98
93.9130,23,41,42,98
93.9289,23,40,43,98
93.9428,23,40,43,98
93.9596,23,40,43,98
93.9751,24,41,43,99
93.9912,24,41,43,99
94.0052,24,41,43,99
94.0254,24,40,43,99
94.0468,24,40,43,99
94.0617,23,41,42,98
94.0773,23,41,42,98
94.0942,23,41,42,98
94.1149,23,40,43,98
94.1378,23,40,43,98
94.1561,24,41,43,99
94.1694,24,41,43,99
94.1849,24,41,43,99
94.2061,24,40,43,99
94.2259,24,40,43,99
94.2407,23,41,42,98
94.2584,23,41,42,98
94.2724,23,41,42,98
94.2884,23,40,43,98
94.3019,23,40,43,98
94.3187,23,40,43,98
94.3323,24,41,43,99
94.3482,24,41,43,99
94.3623,24,41,43,99
94.3772,24,40,43,99
94.3912,24,40,43,99
94.4094,24,40,43,99
94.4231,23,41,42,98
94.4389,23,41,42,98
94.4521,23,41,42,98
94.4682,23,40,43,98
94.4821,23,40,43,98
94.4972,23,40,43,98
94.5125,24,41,43,99
94.5282,24,41,43,99
94.5430,24,41,43,99
94.5586,24,40,43,99
94.5743,24,40,43,99
94.5895,24,40,43,99
94.6030,23,41,44,98
94.6202,23,41,44,98
94.6332,23,41,44,98
94.6486,23,40,43,98
94.6641,23,40,43,98
94.6783,23,40,43,98
94.6931,24,41,42,98
94.7095,24,41,42,98
94.7229,24,41,42,98
94.7383,24,40,42,99
94.7522,24,40,42,99
94.7685,24,40,42,99
94.7816,23,41,43,98
94.7982,23,41,43,98
94.8121,24,40,45,98
94.8284,24,40,45,98
94.8418,24,40,45,98
94.8602,23,41,42,99
94.8756,23,41,42,99
94.8903,23,41,42,99
94.9037,24,41,42,99
94.9189,24,41,42,99
94.9456,24,41,42,99
94.9604,24,41,43,99
94.9778,24,41,43,99
94.9924,24,40,43,99
95.0096,24,40,43,99
95.0243,24,40,43,99
95.0412,23,41,42,98
95.0582,23,41,42,98
95.0772,23,41,42,98
95.0932,23,40,43,98
95.1160,23,40,43,98
95.1451,23,40,43,98
95.1599,23,40,43,98
95.1740,24,41,43,98
95.1974,24,41,43,98
95.2156,23,43,40,99
95.2278,23,43,40,99
95.2459,23,43,40,99
95.2583,24,71,21,100
95.2751,24,71,21,100
95.2889,24,71,21,100
95.3063,23,71,21,102
95.3218,23,71,21,102
95.3381,23,71,21,102
95.3510,24,70,20,102
95.3697,24,70,20,102
95.3839,24,70,20,102
95.3979,24,70,21,100
95.4127,24,70,21,100
95.4275,24,70,21,100
95.4449,24,68,20,102
95.4595,24,68,20,102
95.4727,24,68,20,102
95.4878,24,71,21,100
95.5001,24,71,21,100
95.5159,24,71,21,100
95.5300,23,70,20,102
95.5432,23,70,20,102
95.5613,23,70,20,102
95.5761,24,71,21,100
95.5899,24,71,21,100
95.6034,24,71,21,100
95.6192,23,71,21,102
95.6338,23,71,21,102
95.6480,23,71,21,102
95.6630,24,71,20,100
95.6816,24,71,20,100
95.6949,24,71,20,100
95.7098,24,70,20,102
95.7231,24,70,20,102
95.7372,24,70,20,102
95.7522,23,70,20,100
95.7680,23,70,20,100
95.7811,23,70,20,100
95.7971,24,70,21,102
95.8109,24,70,21,102
95.8282,24,70,21,102
95.8418,24,71,21,100
95.8586,24,71,21,100
95.8723,24,71,21,100
95.8857,24,70,20,100
95.9004,24,70,20,100
95.9161,24,70,20,100
95.9360,23,71,21,102
95.9518,23,71,21,102
95.9722,24,70,21,100
95.9894,24,70,21,100
96.0120,24,70,21,102
96.0268,24,70,21,102
96.0432,24,70,21,102
96.0624,24,71,21,100
96.0812,24,71,21,100
96.0983,24,71,21,100
96.1159,24,71,21,100
96.1400,23,70,20,100
96.1582,23,70,20,100
96.1746,23,70,20,100
96.1896,24,70,20,102
96.2058,24,70,20,102
96.2197,24,70,20,102
96.2331,23,70,20,100
96.2483,23,70,20,100
96.2629,23,70,20,100
96.2781,24,71,21,100
96.2916,24,71,21,100
96.3088,24,71,21,100
96.3243,23,71,21,102
96.3381,23,71,21,102
96.3514,23,71,21,102
96.3669,23,71,20,100
96.3814,23,71,20,100
96.3989,23,71,20,100
96.4120,24,71,21,100
96.4290,24,71,21,100
96.4440,24,71,21,100
96.4592,23,70,20,102
96.4728,23,70,20,102
96.4871,23,70,20,102
96.5014,24,71,21,100
96.5180,24,71,21,100
96.5313,24,71,21,100
96.5468,23,71,21,102
96.5594,23,71,21,102
96.5762,23,71,21,102
96.5899,24,71,20,100
96.6053,24,71,20,100
96.6212,24,71,20,100
96.6387,24,70,20,102
96.6531,24,70,20,102
96.6704,24,70,20,102
96.6828,23,70,20,100
96.6995,23,70,20,100
96.7129,23,70,20,100
96.7260,24,70,21,102
96.7438,24,70,21,102
96.7592,24,70,21,102
96.7739,24,71,21,100
96.7874,24,71,21,100
96.8037,24,71,21,100
96.8250,23,70,20,100
96.8399,23,70,20,100
96.8563,23,71,21,102
96.8713,23,71,21,102
96.8885,23,71,21,102
96.9020,24,70,20,102
96.9184,24,70,20,102
96.9471,24,71,20,100
96.9612,24,71,20,100
96.9779,24,71,20,100
96.9946,24,70,20,102
97.0095,24,70,20,102
97.0269,24,70,20,102
97.0444,23,71,20,102
97.0586,23,71,20,102
97.0750,24,70,21,102
97.0896,24,70,21,102
97.1064,24,70,21,102
97.1296,23,71,20,102
97.1482,23,71,20,102
97.1597,23,71,20,102
97.1772,23,68,21,102
97.1926,23,68,21,102
97.2092,23,69,21,102
97.2238,23,69,21,102
97.2384,23,69,21,102
97.2522,26,58,30,104
97.2680,26,58,30,104
97.2811,26,58,30,104
97.2968,26,58,30,104
97.3097,26,59,30,104
97.3273,26,59,30,104
97.3411,25,58,30,104
97.3541,25,58,30,103
97.3724,25,58,30,103
97.3870,25,58,29,104
97.4017,25,58,29,104
97.4155,25,58,29,104
97.4310,25,58,30,103
97.4456,25,58,30,103
97.4593,25,58,30,103
97.4732,25,58,30,103
97.4882,25,58,30,104
97.5021,25,58,30,104
97.5187,25,58,30,104
97.5318,25,58,30,104
97.5482,25,58,30,104
97.5619,25,58,30,104
97.5752,25,58,29,103
97.5903,25,58,29,103
97.6040,25,58,29,103
97.6210,25,58,26,104
97.6353,25,58,26,104
97.6495,25,58,26,104
97.6636,26,58,29,104
97.6781,26,58,29,104
97.6918,25,58,29,104
97.7096,25,58,30,104
97.7229,25,58,30,104
97.7380,25,58,30,104
97.7514,25,58,30,104
97.7686,25,58,30,104
97.7827,25,58,30,104
97.7980,25,58,30,104
97.8101,25,58,30,104
97.8292,25,58,30,104
97.8448,25,58,30,104
97.8593,25,58,30,104
97.8752,26,59,30,104
97.8890,26,59,30,104
97.9039,26,59,30,104
97.9206,26,59,30,104
97.9437,26,59,30,104
97.9620,26,59,30,104
97.9776,26,59,30,104
97.9966,26,59,30,104
98.0116,25,58,29,104
98.0283,25,58,29,104
98.0438,25,58,29,104
98.0623,26,58,30,104
98.0793,26,58,30,104
98.0970,26,59,30,104
98.1162,26,59,30,104
98.1389,26,58,29,103
98.1569,26,58,29,103
98.1736,26,58,29,103
98.1958,26,59,30,104
98.2140,26,59,30,104
98.2280,26,58,30,104
98.2411,26,58,30,104
98.2586,26,58,30,104
98.2729,25,58,30,103
98.2896,25,58,30,103
98.3040,25,58,30,103
98.3217,25,58,30,104
98.3361,25,58,30,104
98.3497,25,58,30,104
98.3648,26,58,29,103
98.3789,26,58,29,103
98.3932,26,58,29,103
98.4093,26,58,29,104
98.4232,26,58,29,104
98.4373,26,58,29,104
98.4509,25,59,29,103
98.4681,25,59,29,103
98.4821,25,59,29,103
98.4986,25,59,29,104
98.5122,25,59,29,104
98.5279,25,59,29,104
98.5411,25,58,30,104
98.5583,25,58,30,104
98.5723,25,58,30,104
98.5894,25,58,30,104
98.6011,25,58,30,104
98.6171,25,58,30,104
98.6312,25,58,30,104
98.6481,25,58,30,104
98.6615,25,58,30,104
98.6775,25,58,29,103
98.6906,25,58,29,103
98.7094,25,58,29,103
98.7229,26,59,30,104
98.7369,26,59,30,104
98.7504,26,59,30,104
98.7680,25,58,30,104
98.7818,25,58,30,104
98.7969,25,58,30,104
98.8104,25,58,30,104
98.8298,25,58,30,104
98.8430,25,58,30,104
98.8558,25,58,30,104
98.8709,25,58,30,104
98.8867,25,58,30,104
98.9018,26,59,30,104
98.9181,26,59,30,104
98.9403,26,59,30,104
98.9614,26,59,30,104
98.9745,26,59,30,104
98.9945,26,59,30,104
99.0117,26,59,30,104
99.0292,25,58,29,104
99.0471,25,58,29,104
99.0634,25,58,29,104
99.0791,26,58,29,104
99.0962,26,58,29,104
99.1260,25,58,30,103
99.1427,25,58,30,103
99.1616,26,59,30,104
99.1759,26,59,30,104
99.1907,26,59,30,104
99.2085,25,58,30,103
99.2263,25,58,30,103
99.2447,25,58,30,103
99.2597,35,38,17,84
99.2778,35,38,17,84
99.2912,39,36,13,79
99.3088,39,36,13,79
99.3214,39,36,13,79
99.3388,39,35,13,78
99.3523,39,35,13,78
99.3654,39,35,13,78
99.3831,39,35,13,78
99.3965,39,35,13,78
99.4112,39,35,13,78
99.4252,38,35,14,79
99.4391,38,35,14,79
99.4537,38,35,14,79
99.4689,39,36,14,79
99.4822,39,36,14,79
99.4976,39,36,14,79
99.5102,38,35,13,78
99.5293,38,35,13,78
99.5427,38,35,13,78
99.5586,38,36,13,78
99.5735,38,36,13,78
99.5884,38,36,13,78
99.6018,38,36,13,78
99.6166,38,36,13,78
99.6310,38,36,13,78
99.6490,38,35,13,78
99.6633,38,35,13,78
99.6782,38,35,13,78
99.6949,38,36,13,78
99.7110,38,36,13,78
99.7257,38,36,13,78
99.7387,38,35,13,78
99.7546,38,35,13,78
99.7672,38,35,13,78
99.7848,39,35,14,79
99.7994,39,35,14,79
99.8142,39,35,14,79
99.8282,39,35,13,78
99.8449,39,35,13,78
99.8593,39,35,13,78
99.8767,39,36,13,79
99.8907,39,36,13,79
99.9100,39,36,13,79
99.9246,39,35,13,78
99.9463,39,35,13,78
99.9653,38,35,13,78
99.9807,38,35,13,78
99.9987,38,36,13,78
100.0157,38,36,13,78
100.0310,38,36,13,78
100.0463,39,36,13,79
100.0643,39,36,13,79
100.0784,39,36,13,79
100.0942,39,35,13,78
100.1240,39,35,13,78
100.1435,38,35,13,78
100.1583,38,35,13,78
100.1735,38,35,13,78
100.1916,38,36,13,78
100.2099,38,36,13,78
100.2263,38,36,13,78
100.2472,38,36,13,78
100.2596,38,36,13,78
100.2756,39,35,14,79
100.2893,39,35,14,79
100.3027,39,35,14,79
100.3179,39,36,14,79
100.3330,39,36,14,79
100.3478,39,36,14,79
100.3616,38,35,13,78
100.3766,38,35,13,78
100.3903,38,35,13,78
100.4098,38,36,14,79
100.4232,38,36,14,79
100.4373,38,36,14,79
100.4526,39,35,13,78
100.4681,39,35,13,78
100.4817,39,35,13,78
100.4972,38,35,13,78
100.5118,38,35,13,78
100.5288,38,35,13,78
100.5426,39,35,13,78
100.5587,39,35,13,78
100.5738,39,35,13,78
100.5884,39,36,14,79
100.6017,39,36,14,79
100.6178,39,36,14,79
100.6318,39,35,13,78
100.6482,39,35,13,78
100.6636,39,35,13,78
100.6783,39,35,13,78
100.6927,39,35,13,78
100.7100,39,35,13,78
100.7241,39,35,13,78
100.7383,39,35,13,78
100.7524,38,35,13,78
100.7679,38,35,13,78
100.7809,38,35,13,78
100.7986,38,35,13,78
100.8102,39,36,14,79
100.8299,39,36,14,79
100.8447,38,35,13,78
100.8602,38,35,13,78
100.8751,38,35,13,78
100.8889,38,36,14,79
100.9021,38,36,14,79
100.9205,38,36,14,79
100.9462,39,35,13,78
100.9615,39,35,13,78
100.9772,38,35,13,78
100.9965,38,35,13,78
101.0113,38,35,13,78
101.0249,39,36,14,79
101.0438,39,36,14,79
101.0584,39,36,14,79
101.0762,38,35,13,78
101.0952,38,35,13,78
101.1143,38,36,14,79
101.1337,38,36,14,79
101.1483,39,35,13,78
101.1683,39,35,13,78
101.1824,39,35,13,78
101.1981,38,35,13,78
101.2134,38,35,13,78
101.2280,38,35,13,78
101.2437,21,58,21,89
101.2594,21,58,21,89
101.2729,21,58,21,89
101.2879,15,73,22,98
101.3006,15,73,22,98
101.3144,15,73,22,98
101.3293,15,73,22,98
101.3430,16,74,22,98
101.3588,16,74,22,98
101.3746,16,75,23,99
101.3886,16,75,23,99
101.4036,16,75,23,99
101.4181,15,73,23,99
101.4364,15,73,23,99
101.4496,15,73,23,99
101.4653,15,73,22,98
101.4786,15,73,22,98
101.4952,15,73,22,98
101.5130,15,73,23,99
101.5278,15,73,23,99
101.5446,15,73,23,99
101.5632,16,74,22,99
101.5778,16,74,22,99
101.5924,16,74,22,99
101.6083,16,74,22,98
101.6268,16,74,22,98
101.6447,16,73,22,99
101.6580,16,73,22,99
101.6760,16,73,22,99
101.6901,16,74,22,98
101.7081,16,74,22,98
101.7214,16,74,22,98
101.7373,15,73,23,99
101.7496,15,73,23,99
101.7629,15,73,23,99
101.7781,16,74,22,99
101.7924,16,74,22,99
101.8094,16,74,22,99
101.8246,16,76,22,98
101.8389,16,76,22,98
101.8528,16,76,22,98
101.8695,15,73,22,99
101.8839,15,73,22,99
101.8977,15,73,22,99
101.9117,16,74,22,98
101.9282,16,74,22,98
101.9427,16,74,22,98
101.9609,15,73,22,98
101.9753,15,73,22,98
101.9919,15,73,22,98
102.0110,16,74,22,98
102.0280,16,74,22,98
102.0472,16,74,23,99
102.0631,16,74,23,99
102.0797,16,74,23,99
102.0950,16,75,22,100
102.1162,16,75,22,100
102.1379,16,74,22,98
102.1542,16,74,22,98
102.1691,16,74,22,98
102.1853,15,73,20,98
102.2026,15,73,20,98
102.2173,15,74,22,98
102.2350,15,74,22,98
102.2485,15,74,22,98
102.2652,16,75,22,98
102.2796,16,75,22,98
102.2952,16,75,22,98
102.3119,15,73,23,99
102.3282,15,73,23,99
102.3421,15,73,23,99
102.3587,15,75,23,99
102.3726,15,75,23,99
102.3883,15,75,23,99
102.4013,15,73,22,98
102.4178,15,73,22,98
102.4320,15,73,22,98
102.4475,16,74,22,99
102.4625,16,74,22,99
102.4764,16,74,22,99
102.4911,16,76,23,98
102.5093,16,76,23,98
102.5231,16,76,23,98
102.5393,16,74,22,98
102.5532,16,74,22,98
102.5684,16,74,22,98
102.5832,16,76,22,99
102.5984,16,76,22,99
102.6134,16,76,22,99
102.6281,15,73,22,98
102.6419,15,73,22,98
102.6588,15,73,22,98
102.6729,16,74,22,98
102.6883,16,74,22,98
102.7017,16,74,22,98
102.7185,16,75,22,98
102.7319,16,75,22,98
102.7479,16,75,22,98
102.7610,15,73,23,99
102.7764,15,73,23,99
102.7904,15,73,22,98
102.8080,15,73,22,98
102.8218,15,73,22,98
102.8400,15,75,23,99
102.8519,15,75,23,99
102.8679,15,75,23,99
102.8818,15,73,23,99
102.8964,15,73,23,99
102.9103,15,73,23,99
102.9282,15,73,22,98
102.9419,15,73,22,98
102.9611,15,73,22,98
102.9760,15,73,23,98
102.9918,15,73,23,98
103.0053,15,73,23,98
103.0252,16,73,22,98
103.0452,16,73,22,98
103.0605,16,76,23,99
103.0766,16,76,23,99
103.0929,16,76,23,99
103.1170,15,73,23,98
103.1412,15,73,23,98
103.1597,16,73,22,98
103.1752,16,73,22,98
103.1949,16,74,22,98
103.2105,16,74,22,98
103.2302,16,74,22,98
103.2450,16,60,34,99
103.2602,16,60,34,99
103.2739,16,60,34,99
103.2901,16,40,52,99
103.3040,16,40,52,99
103.3192,16,40,52,99
103.3339,15,40,52,99
103.3482,15,40,52,99
103.3633,15,40,52,99
103.3776,16,40,51,98
103.3912,16,40,51,98
103.4093,16,40,51,98
103.4227,16,41,52,98
103.4361,16,41,52,98
103.4543,16,41,52,98
103.4661,15,40,51,99
103.4791,15,40,51,99
103.4938,15,40,51,99
103.5101,16,40,51,99
103.5274,16,40,51,99
103.5411,16,40,51,99
103.5581,15,40,52,98
103.5714,15,40,52,98
103.5869,15,40,52,98
103.6000,16,41,52,98
103.6197,16,41,52,98
103.6334,16,41,52,98
103.6480,16,40,52,99
103.6613,16,40,52,99
103.6781,16,40,52,99
103.6913,16,41,52,98
103.7090,16,41,52,98
103.7233,16,41,52,99
103.7397,16,41,52,99
103.7533,16,41,52,99
103.7687,16,40,52,99
103.7821,16,40,52,99
103.7978,16,40,52,99
103.8116,16,41,52,98
103.8272,16,41,52,98
103.8407,16,41,52,98
103.8594,16,40,52,99
103.8724,16,40,52,99
103.8868,16,40,52,99
103.9020,16,41,52,98
103.9193,16,41,52,98
103.9448,16,41,52,99
103.9626,16,41,52,99
103.9809,16,41,52,99
103.9970,16,41,52,99
104.0143,16,41,52,99
104.0360,16,41,52,99
104.0499,16,41,52,99
104.0673,16,41,52,99
104.0844,16,41,52,99
104.0994,16,41,52,99
104.1191,16,40,52,99
104.1400,16,40,52,99
104.1617,16,40,52,99
104.1767,16,41,52,98
104.1945,16,41,52,98
104.2100,16,40,52,99
104.2256,16,40,52,99
104.2404,16,40,52,99
104.2592,16,41,52,98
104.2734,16,41,52,98
104.2876,16,41,52,98
104.3006,16,41,52,99
104.3168,16,41,52,99
104.3307,16,41,52,99
104.3485,16,41,52,99
104.3628,16,41,52,99
104.3779,16,41,52,99
104.3915,16,41,52,98
104.4080,16,41,52,98
104.4216,16,41,52,98
104.4381,15,40,52,99
104.4525,15,40,52,99
104.4674,15,40,52,99
104.4806,15,40,52,98
104.4983,15,40,52,98
104.5114,15,40,52,98
104.5277,15,40,51,98
104.5416,15,40,51,98
104.5565,15,40,51,98
104.5703,15,40,51,98
104.5876,15,40,51,98
104.6007,15,40,51,98
104.6172,15,40,51,99
104.6307,15,40,51,99
104.6489,15,40,51,99
104.6626,15,40,52,99
104.6781,15,40,52,99
104.6919,15,40,52,99
104.7103,16,40,51,99
104.7250,16,40,51,99
104.7406,16,40,51,99
104.7550,15,40,52,98
104.7687,15,40,52,98
104.7823,15,40,52,98
104.7973,16,41,52,98
104.8118,16,41,52,98
104.8275,16,41,52,98
104.8410,16,40,52,99
104.8602,16,40,52,99
104.8750,16,40,52,99
104.8887,16,41,52,98
104.9020,16,41,52,98
104.9233,16,41,52,99
104.9464,16,41,52,99
104.9606,16,41,52,99
104.9773,16,41,52,99
104.9910,16,41,52,99
105.0100,16,41,52,99
105.0264,16,41,52,99
105.0423,16,41,52,99
105.0582,16,41,52,99
105.0750,16,41,52,99
105.0899,16,41,52,99
105.1112,16,41,52,99
105.1294,16,41,52,99
105.1476,16,40,52,99
105.1622,16,40,52,99
105.1774,16,40,52,99
105.1916,15,40,51,99
105.2083,15,40,51,99
105.2255,15,40,51,99
105.2390,18,44,45,98
105.2532,18,44,45,98
105.2681,18,44,45,98
105.2811,31,55,19,95
105.2966,31,55,19,95
105.3109,31,55,19,95
105.3289,30,56,19,97
105.3421,30,56,19,97
105.3603,30,56,19,97
105.3747,30,56,18,95
105.3883,30,56,18,95
105.4043,30,56,18,95
105.4212,30,55,19,95
105.4355,30,55,19,95
105.4495,30,55,19,95
105.4643,31,56,19,95
105.4783,31,56,19,95
105.4936,31,56,19,95
105.5093,31,55,19,97
105.5230,31,55,19,97
105.5363,31,55,19,97
105.5503,31,56,19,97
105.5681,31,56,19,97
105.5817,31,56,19,97
105.5963,30,56,18,97
105.6120,30,56,18,97
105.6278,30,56,18,97
105.6415,30,56,19,95
105.6566,30,56,19,95
105.6764,33,55,19,97
105.6903,33,55,19,97
105.7039,33,55,19,97
105.7240,30,56,18,97
105.7378,30,56,18,97
105.7513,30,56,18,97
105.7643,30,55,18,97
105.7780,30,55,18,97
105.7939,30,55,18,97
105.8094,30,55,18,95
105.8228,30,55,18,95
105.8379,30,55,18,95
105.8516,30,56,19,97
105.8688,30,56,19,97
105.8827,30,56,19,97
105.8978,30,55,18,95
105.9135,30,55,18,95
105.9284,30,55,18,95
105.9433,30,55,18,95
105.9611,30,55,18,95
105.9759,30,55,18,95
105.9915,30,56,19,97
106.0098,30,56,19,97
106.0289,31,55,19,95
106.0478,31,55,19,95
106.0620,31,55,19,95
106.0774,34,56,18,97
106.0918,34,56,18,97
106.1099,30,56,18,97
106.1362,30,56,18,97
106.1510,30,56,18,97
106.1700,33,55,18,97
106.1866,33,55,18,97
106.2011,33,55,18,97
106.2170,30,56,19,95
106.2311,30,56,19,95
106.2481,30,56,19,95
106.2615,33,55,19,95
106.2781,33,55,19,95
106.2922,33,55,18,97
106.3080,33,55,18,97
106.3239,33,55,18,97
106.3376,33,55,18,97
106.3500,31,56,18,97
106.3679,31,56,18,97
106.3810,31,55,18,97
106.3966,31,55,19,95
106.4108,31,55,19,95
106.4282,31,55,19,95
106.4412,31,55,19,95
106.4591,31,55,19,95
106.4714,31,55,19,95
106.4879,31,55,19,95
106.5010,31,55,19,95
106.5190,31,56,19,97
106.5344,31,56,19,97
106.5483,31,56,19,97
106.5612,34,56,19,95
106.5780,34,56,19,95
106.5919,34,56,19,95
106.6094,30,55,18,95
106.6246,30,55,18,95
106.6400,30,55,18,95
106.6543,30,55,19,95
106.6686,30,55,19,95
106.6832,30,55,19,95
106.6981,31,56,19,95
106.7120,31,56,19,95
106.7275,31,56,19,95
106.7419,31,55,19,97
106.7586,31,55,19,97
106.7732,31,55,19,97
106.7877,31,56,19,97
106.8007,31,56,19,97
106.8174,31,56,19,97
106.8318,34,55,18,95
106.8486,34,55,18,95
106.8618,34,55,18,95
106.8762,31,56,18,95
106.8917,31,56,18,95
106.9101,31,56,18,95
106.9268,31,55,19,95
106.9428,31,55,19,95
106.9617,31,56,18,97
106.9773,31,56,18,97
106.9958,31,56,18,97
107.0137,31,55,19,95
107.0287,31,55,19,95
107.0441,31,55,19,95
107.0597,31,55,19,95
107.0740,31,55,19,95
107.0879,31,55,19,95
107.1016,31,55,19,95
107.1254,31,55,19,95
107.1448,31,55,19,95
107.1601,31,55,19,95
107.1792,31,55,19,95
107.1953,31,55,19,95
107.2129,31,55,19,95
107.2252,31,55,19,95
107.2431,31,55,19,95
107.2581,31,55,19,95
107.2729,36,45,15,88
107.2864,36,45,15,88
107.3085,36,45,15,88
107.3250,35,45,15,89
107.3374,35,45,15,89
107.3561,35,45,15,89
107.3717,36,45,15,88
107.3875,36,45,15,88
107.4012,36,45,15,88
107.4167,35,45,17,86
107.4304,35,45,17,86
107.4473,35,45,15,89
107.4616,35,45,15,89
107.4765,35,45,15,89
107.4900,36,45,15,89
107.5093,36,45,15,89
107.5235,36,45,15,89
107.5379,35,45,17,85
107.5513,35,45,17,85
107.5672,35,45,17,85
107.5817,36,46,17,89
107.5964,36,46,17,89
107.6108,36,46,17,89
107.6274,36,46,17,89
107.6409,36,46,17,89
107.6584,36,46,17,89
107.6734,36,46,17,86
107.6890,36,46,17,86
107.7009,36,46,17,86
107.7187,36,46,17,88
107.7322,36,46,17,88
107.7475,36,46,17,88
107.7609,36,46,17,89
107.7762,36,46,17,89
107.7908,36,46,17,89
107.8094,36,45,15,89
107.8255,36,45,15,89
107.8427,36,45,15,89
107.8560,36,45,15,89
107.8698,36,45,15,89
107.8833,36,45,15,89
107.8982,36,45,15,86
107.9153,36,45,15,86
107.9317,36,45,15,86
107.9458,36,45,17,85
107.9612,36,45,17,85
107.9794,35,46,17,85
107.9962,35,46,17,85
108.0152,35,46,17,85
108.0317,36,45,15,88
108.0474,36,45,15,88
108.0643,36,45,15,88
108.0786,35,45,17,88
108.0943,35,45,17,88
108.1164,36,46,17,88
108.1449,36,46,17,88
108.1644,36,45,15,89
108.1792,36,45,15,89
108.1965,36,45,15,89
108.2133,35,45,15,85
108.2281,35,45,15,85
108.2416,35,45,15,85
108.2583,36,46,17,85
108.2705,36,46,17,85
108.2892,35,45,15,85
108.3029,35,45,15,86
108.3229,35,45,15,86
108.3365,36,46,17,86
108.3543,36,46,17,86
108.3691,36,46,17,86
108.3847,36,46,17,85
108.3990,36,46,17,85
108.4177,36,46,17,85
108.4308,36,46,17,85
108.4466,36,46,17,85
108.4604,36,46,17,85
108.4779,35,45,17,89
108.4920,35,45,17,89
108.5061,35,45,17,89
108.5227,36,46,17,85
108.5377,36,46,17,85
108.5512,36,46,17,85
108.5672,35,45,17,85
108.5820,35,45,17,85
108.5977,35,45,17,85
108.6113,35,45,17,88
108.6262,35,45,17,88
108.6402,36,46,17,88
108.6594,36,46,15,88
108.6748,36,46,15,88
108.6905,35,46,17,88
108.7039,35,46,17,88
108.7189,35,46,17,88
108.7325,36,46,15,86
108.7482,36,46,15,86
108.7618,36,46,15,86
108.7773,35,45,15,86
108.7925,35,45,15,86
108.8084,35,45,15,86
108.8228,36,45,15,89
108.8373,36,45,15,89
108.8503,36,45,15,89
108.8677,35,45,15,88
108.8815,35,45,15,88
108.8992,35,45,15,88
108.9153,36,45,15,88
108.9319,36,45,15,88
108.9466,36,45,15,88
108.9615,36,46,17,86
108.9780,36,46,17,86
108.9949,36,46,17,86
109.0118,36,46,17,88
109.0290,36,46,17,88
109.0468,36,46,17,88
109.0713,36,46,17,88
109.0898,35,46,15,86
109.1036,35,46,15,86
109.1341,36,46,17,88
109.1487,36,46,17,88
109.1627,36,46,17,88
109.1791,35,45,15,85
109.1973,35,45,15,85
109.2121,35,45,15,85
109.2262,35,45,17,85
109.2422,35,45,17,85
109.2580,35,45,17,85
109.2722,19,63,38,109
109.2859,19,63,38,109
109.3014,19,63,38,109
109.3161,15,68,43,113
109.3309,15,68,43,113
109.3443,15,68,43,113
109.3606,15,68,43,113
109.3769,15,68,43,113
109.3955,15,68,43,113
109.4097,16,69,42,114
109.4232,16,69,42,114
109.4373,16,69,42,114
109.4519,16,69,43,114
109.4675,16,69,43,114
109.4810,16,69,43,114
109.4963,15,69,42,114
109.5106,15,69,42,114
109.5274,15,69,42,114
109.5393,15,68,43,113
109.5586,15,68,43,113
109.5721,16,69,42,113
109.5892,16,69,42,113
109.6030,16,69,42,113
109.6172,15,68,42,113
109.6330,15,68,43,113
109.6473,15,68,43,113
109.6612,15,68,43,113
109.6769,15,68,43,113
109.6904,15,68,43,113
109.7096,16,69,42,114
109.7231,16,69,42,114
109.7380,16,69,42,114
109.7528,16,69,43,114
109.7681,16,69,43,114
109.7818,16,69,43,114
109.7960,15,69,43,114
109.8102,15,69,42,114
109.8272,15,69,42,114
109.8403,15,68,43,113
109.8586,15,68,43,113
109.8739,15,68,43,113
109.8873,16,69,42,113
109.9007,16,69,42,113
109.9194,16,69,42,113
109.9442,15,68,43,113
109.9611,15,68,43,113
109.9780,15,68,43,113
109.9952,15,68,43,113
110.0105,15,68,43,113
110.0263,16,69,43,114
110.0444,16,69,43,114
110.0623,16,69,42,113
110.0783,16,69,42,113
110.0917,16,69,42,113
110.1082,16,68,43,114
110.1384,16,68,43,114
110.1541,16,69,43,114
110.1715,16,69,43,114
110.1893,16,69,43,114
110.2050,15,68,42,114
110.2176,15,68,42,114
110.2350,15,68,42,114
110.2488,16,68,43,114
110.2647,16,68,43,114
110.2791,16,68,43,114
110.2952,16,69,43,113
110.3097,16,69,43,113
110.3273,15,68,43,113
110.3423,15,68,43,114
110.3585,15,68,43,114
110.3737,15,68,43,113
110.3874,15,68,43,113
110.4023,15,68,43,113
110.4161,15,68,43,113
110.4302,16,68,43,113
110.4472,16,68,43,113
110.4614,15,68,42,113
110.4762,15,68,42,113
110.4909,15,68,42,113
110.5094,15,68,43,114
110.5232,15,68,43,114
110.5362,15,68,43,114
110.5533,15,68,42,114
110.5683,15,68,42,114
110.5835,15,68,42,114
110.5969,16,68,42,113
110.6142,16,68,42,113
110.6277,16,68,42,113
110.6442,15,68,42,113
110.6598,15,68,42,113
110.6786,15,68,42,113
110.6922,15,68,43,114
110.7093,15,68,43,114
110.7231,15,68,43,114
110.7372,15,68,42,114
110.7509,15,68,42,114
110.7672,15,68,42,114
110.7812,15,68,43,113
110.7972,15,68,43,113
110.8094,15,68,43,113
110.8272,15,68,43,113
110.8408,15,68,43,113
110.8586,15,68,43,113
110.8710,15,68,42,114
110.8874,15,68,42,114
110.9020,15,68,42,114
110.9174,15,68,42,113
110.9443,15,68,42,113
110.9629,16,69,42,113
110.9762,16,69,42,113
110.9894,16,68,42,114
111.0082,16,68,42,114
111.0263,16,68,42,114
111.0417,16,69,43,113
111.0555,16,69,43,113
111.0739,16,69,43,113
111.0943,15,69,43,113
111.1187,15,69,43,113
111.1385,16,69,43,114
111.1586,16,69,43,114
111.1732,16,69,43,114
111.1885,16,69,43,114
111.2078,16,69,43,114
111.2257,15,69,43,113
111.2441,15,69,43,113
111.2592,15,69,43,113
111.2755,24,49,39,102
111.2893,24,49,39,102
111.3053,31,39,36,95
111.3217,31,39,36,95
111.3350,31,39,36,95
111.3490,31,38,35,97
111.3626,31,38,35,97
111.3775,31,38,35,97
111.3926,29,38,36,97
111.4081,29,38,36,97
111.4226,29,38,36,97
111.4376,30,39,36,95
111.4510,30,39,36,95
111.4661,30,39,36,95
111.4801,28,38,35,97
111.4980,28,38,35,97
111.5116,28,38,35,97
111.5272,31,38,36,95
111.5411,31,38,36,95
111.5593,31,38,36,95
111.5748,30,39,35,95
111.5914,30,39,35,95
111.6036,30,39,35,95
111.6187,31,38,35,97
111.6317,31,38,35,97
111.6461,31,38,35,97
111.6610,31,38,35,97
111.6802,31,38,35,97
111.6936,31,38,35,97
111.7102,30,38,36,97
111.7248,30,38,36,97
111.7385,30,38,36,97
111.7521,30,38,36,97
111.7662,30,38,36,97
111.7811,30,38,36,97
111.7972,30,39,35,97
111.8126,30,39,35,97
111.8278,30,39,35,97
111.8413,31,38,36,97
111.8580,31,38,36,97
111.8710,31,38,36,97
111.8861,30,39,35,95
111.9009,30,39,35,95
111.9180,30,39,35,95
111.9321,30,39,35,95
111.9474,30,39,35,95
111.9639,30,39,35,95
111.9797,30,39,35,95
111.9949,30,39,35,95
112.0121,31,38,36,95
112.0284,31,38,36,95
112.0450,31,38,36,95
112.0604,31,39,36,95
112.0783,31,39,36,95
112.0911,31,39,36,95
112.1175,31,38,36,97
112.1409,31,38,36,97
112.1562,30,38,35,95
112.1726,30,38,35,95
112.1896,30,39,35,97
112.2093,30,39,35,97
112.2254,30,39,35,97
112.2404,31,39,35,95
112.2534,31,39,35,95
112.2686,31,39,35,95
112.2850,31,39,36,95
112.2992,31,39,36,95
112.3179,31,39,36,95
112.3317,30,39,36,97
112.3471,30,39,36,97
112.3609,30,39,36,97
112.3791,30,39,36,97
112.3930,30,39,36,97
112.4085,30,39,36,97
112.4241,31,38,35,97
112.4377,31,38,35,97
112.4539,31,38,35,97
112.4682,31,38,36,97
112.4843,31,38,36,97
112.5004,28,38,35,97
112.5172,28,38,35,97
112.5302,28,38,35,97
112.5467,30,39,36,97
112.5614,30,39,36,97
112.5791,30,39,36,97
112.5927,28,38,35,95
112.6093,28,38,35,95
112.6231,28,38,35,95
112.6371,31,38,36,97
112.6520,31,38,36,97
112.6666,31,38,36,97
112.6816,31,39,35,97
112.6972,31,39,35,97
112.7104,31,39,35,97
112.7289,31,38,36,95
112.7418,31,38,36,95
112.7594,31,38,36,95
112.7737,30,39,35,97
112.7881,30,39,35,97
112.8023,30,39,35,97
112.8171,30,39,35,97
112.8301,30,39,35,97
112.8465,30,39,35,97
112.8592,30,39,36,95
112.8769,30,39,36,95
112.8901,30,39,36,95
112.9133,28,38,35,97
112.9277,28,38,35,97
112.9446,31,38,36,95
112.9613,31,38,36,95
112.9813,31,38,36,95
112.9969,30,39,35,95
113.0133,30,39,35,95
113.0277,30,39,35,95
113.0441,31,38,35,97
113.0607,31,38,35,97
113.0776,31,38,35,97
113.0927,31,38,35,97
113.1158,31,38,35,97
113.1354,30,38,36,97
113.1509,30,38,36,97
113.1660,28,38,36,97
113.1896,28,38,36,97
113.2099,30,39,35,95
113.2238,30,39,35,95
113.2391,30,39,35,95
113.2542,29,38,39,95
113.2693,29,38,39,95
113.2823,29,38,39,95
113.2972,23,40,43,95
113.3111,23,40,43,98
113.3272,23,40,43,98
113.3420,24,41,43,99
113.3560,24,41,43,99
113.3720,24,41,43,99
113.3874,24,41,43,98
113.4006,24,41,43,98
113.4175,24,41,43,98
113.4320,23,40,43,99
113.4469,23,40,43,99
113.4609,23,40,43,99
113.4759,23,40,43,98
113.4898,23,40,43,98
113.5094,23,40,43,98
113.5231,24,41,43,98
113.5398,24,41,43,98
113.5535,24,41,43,98
113.5690,23,40,43,98
113.5822,23,40,43,98
113.5962,23,40,43,98
113.6107,23,40,42,99
113.6270,23,40,42,99
113.6405,23,40,42,99
113.6561,24,41,43,98
113.6716,24,41,43,98
113.6883,24,41,43,98
113.7017,23,40,43,98
113.7160,23,40,43,98
113.7316,23,40,43,98
113.7470,23,40,42,99
113.7617,23,40,42,99
113.7761,23,40,42,99
113.7905,24,41,43,98
113.8081,24,41,43,98
113.8216,24,41,43,98
113.8380,23,40,43,98
113.8516,23,40,43,98
113.8652,23,40,43,98
113.8804,23,40,42,99
113.8941,23,40,42,99
113.9125,23,40,42,99
113.9302,24,41,43,98
113.9443,24,41,43,98
113.9663,23,40,43,98
113.9816,23,40,43,98
113.9977,23,40,43,98
114.0117,23,41,42,99
114.0272,23,41,42,99
114.0438,23,41,42,99
114.0586,23,40,43,98
114.0810,23,40,43,98
114.0987,23,41,42,99
114.1272,23,41,42,99
114.1499,23,40,42,98
114.1677,23,40,42,98
114.1851,24,41,42,98
114.2047,24,41,42,98
114.2193,24,41,42,98
114.2375,24,41,42,98
114.2513,24,41,42,98
114.2659,24,41,42,98
114.2786,24,40,43,98
114.2973,24,40,43,98
114.3112,24,40,43,98
114.3260,23,40,42,99
114.3398,23,40,42,99
114.3583,23,40,42,99
114.3713,23,41,42,98
114.3879,23,41,42,98
114.4012,23,41,42,98
114.4172,23,40,43,98
114.4303,23,40,43,98
114.4459,23,40,43,98
114.4598,24,41,43,99
114.4771,24,41,43,99
114.4890,24,41,43,99
114.5078,23,41,42,98
114.5236,23,41,42,98
114.5385,23,41,42,98
114.5513,23,40,43,98
114.5664,23,40,43,98
114.5808,24,41,42,99
114.5971,24,41,42,99
114.6125,24,41,42,99
114.6274,24,40,43,98
114.6421,24,40,43,98
114.6606,24,40,43,98
114.6734,24,41,42,99
114.6911,24,41,42,99
114.7057,24,41,42,99
114.7220,24,41,42,98
114.7355,24,41,42,98
114.7502,24,41,42,98
114.7622,24,41,42,99
114.7772,24,41,42,99
114.7906,24,41,42,99
114.8086,24,41,42,99
114.8221,24,41,42,99
114.8386,24,41,42,99
114.8517,24,40,43,99
114.8682,24,40,43,99
114.8833,24,40,43,99
114.8975,24,41,43,99
114.9111,24,41,43,99
114.9282,24,41,43,99
114.9443,24,40,43,99
114.9608,24,40,43,99
114.9772,24,40,43,99
114.9937,23,41,42,98
115.0152,23,41,42,98
115.0282,23,40,43,98
115.0477,23,40,43,98
115.0634,23,40,43,98
115.0808,23,41,42,99
115.0957,23,41,42,99
115.1165,24,41,42,98
115.1360,24,41,42,98
115.1506,24,41,42,98
115.1670,23,40,43,98
115.1819,23,40,43,98
115.1975,23,40,43,98
115.2109,24,41,43,99
115.2260,24,41,43,99
115.2416,24,41,43,99
115.2580,24,43,40,98
115.2713,24,43,40,98
115.2867,24,43,40,98
115.2991,24,71,21,102
115.3171,24,71,21,102
115.3304,24,71,21,102
115.3467,24,71,21,100
115.3593,24,71,21,100
115.3790,24,71,21,100
115.3927,24,69,21,100
115.4083,24,69,21,100
115.4229,24,69,21,100
115.4371,23,70,21,100
115.4500,23,70,21,100
115.4670,23,70,21,100
115.4812,24,71,21,102
115.4988,24,71,21,102
115.5129,24,71,21,102
115.5290,24,71,21,100
115.5427,24,71,21,100
115.5578,23,71,21,102
115.5718,23,71,21,102
115.5863,23,71,21,102
115.6014,24,71,20,100
115.6179,24,71,20,100
115.6322,24,71,20,100
115.6489,24,70,20,102
115.6622,24,70,20,102
115.6787,24,70,20,102
115.6940,23,70,20,100
115.7104,23,70,20,100
115.7251,23,70,20,100
115.7388,24,70,21,102
115.7522,24,70,21,102
115.7687,24,70,21,102
115.7834,24,71,21,100
115.7984,24,71,21,100
115.8119,24,71,21,100
115.8273,23,70,20,100
115.8417,23,70,20,100
115.8594,23,70,20,100
115.8727,24,71,21,100
115.8872,24,71,21,100
115.9010,24,71,21,100
115.9195,23,71,21,102
115.9437,23,71,21,102
115.9622,24,70,20,102
115.9773,24,70,20,102
115.9921,24,70,20,102
116.0100,24,70,21,100
116.0317,24,70,21,100
116.0450,23,71,20,102
116.0603,23,71,20,102
116.0770,23,71,20,102
116.0947,23,70,20,100
116.1168,23,70,20,100
116.1416,23,70,20,100
116.1588,23,70,20,100
116.1747,23,70,20,100
116.1911,23,70,21,102
116.2121,23,70,21,102
116.2271,24,70,21,102
116.2429,24,70,21,102
116.2560,24,70,21,102
116.2724,24,71,21,100
116.2863,24,71,21,100
116.3009,24,71,21,100
116.3154,24,70,20,100
116.3320,24,70,20,100
116.3454,24,70,20,100
116.3612,23,71,21,102
116.3741,23,71,21,102
116.3896,23,71,21,102
116.4041,24,68,21,100
116.4191,24,68,21,100
116.4328,24,68,21,100
116.4481,23,70,20,102
116.4621,23,70,20,102
116.4778,23,70,20,102
116.4915,23,70,20,100
116.5082,23,70,20,100
116.5242,23,70,20,100
116.5378,23,70,20,100
116.5514,23,70,20,100
116.5658,23,70,20,100
116.5801,24,71,21,100
116.5969,24,71,21,100
116.6102,24,71,21,100
116.6271,23,70,21,100
116.6412,23,70,21,100
116.6578,23,70,21,100
116.6727,24,71,21,102
116.6878,24,71,21,102
116.7019,24,71,21,102
116.7177,23,70,20,100
116.7313,23,70,20,100
116.7471,23,70,20,100
116.7601,24,70,20,100
116.7774,24,70,20,100
116.7920,24,70,20,100
116.8086,23,70,21,100
116.8227,23,70,21,100
116.8368,23,70,21,100
116.8499,24,71,21,102
116.8657,24,71,21,102
116.8801,24,71,21,102
116.8983,24,71,21,100
116.9118,24,71,21,100
116.9267,24,71,21,100
116.9426,23,71,21,102
116.9607,23,71,21,102
116.9760,24,71,20,100
116.9939,24,71,20,100
117.0112,24,71,20,100
117.0281,24,70,20,102
117.0455,24,70,20,102
117.0617,24,70,20,102
117.0780,23,70,20,100
117.0922,23,70,20,100
117.1153,24,70,21,102
117.1390,24,70,21,102
117.1512,24,70,21,102
117.1679,24,71,21,100
117.1843,24,71,21,100
117.2007,23,70,20,100
117.2150,23,70,20,100
117.2300,23,70,20,100
117.2432,23,71,21,102
117.2594,23,71,21,102
117.2724,23,71,21,102
117.2877,26,59,29,103
117.3008,26,59,29,103
117.3172,26,59,29,103
117.3310,26,58,30,104
117.3463,26,58,30,104
117.3599,26,58,30,104
117.3770,25,58,30,104
117.3907,25,58,30,104
117.4057,25,58,30,104
117.4198,26,59,30,103
117.4383,26,59,30,103
117.4518,26,59,30,103
117.4658,26,59,30,103
117.4797,26,59,30,103
117.4969,26,59,30,103
117.5111,25,58,30,104
117.5257,25,58,30,104
117.5395,25,58,30,104
117.5581,26,59,28,103
117.5710,26,59,28,103
117.5872,26,59,28,103
117.6019,25,58,29,103
117.6175,25,58,29,103
117.6318,25,58,29,103
117.6457,25,58,26,104
117.6612,25,58,26,104
117.6787,25,58,26,104
117.6931,26,58,30,104
117.7103,26,58,30,104
117.7243,26,58,30,104
117.7378,25,58,29,104
117.7509,25,58,29,104
117.7662,25,58,29,104
117.7803,26,59,26,104
117.7976,26,59,26,104
117.8108,26,59,26,104
117.8268,26,59,30,103
117.8409,26,59,30,103
117.8592,26,59,30,103
117.8731,25,58,28,104
117.8881,25,58,28,104
117.9033,25,58,28,104
117.9185,25,58,29,103
117.9317,25,58,29,103
117.9478,25,58,30,104
117.9677,25,58,30,104
117.9832,25,58,30,104
118.0012,25,58,30,103
118.0147,25,58,30,103
118.0298,25,58,30,103
118.0478,26,59,28,103
118.0629,26,59,28,103
118.0789,26,59,28,103
118.0958,25,58,30,104
118.1184,25,58,30,104
118.1394,26,59,26,103
118.1569,26,59,26,103
118.1793,26,59,29,104
118.1987,26,59,29,104
118.2182,26,58,29,103
118.2359,26,58,29,103
118.2511,26,58,29,103
118.2648,26,58,29,104
118.2790,26,58,29,104
118.2918,26,58,29,104
118.3080,25,59,29,103
118.3225,25,59,29,103
118.3377,25,59,29,103
118.3534,26,59,29,103
118.3687,26,59,29,103
118.3823,26,59,29,103
118.3987,26,58,28,103
118.4136,26,58,28,103
118.4287,26,58,28,103
118.4422,26,59,30,103
118.4592,26,59,30,103
118.4727,26,59,30,103
118.4870,25,58,28,103
118.5004,25,58,28,103
118.5163,25,58,28,103
118.5301,25,59,29,104
118.5470,25,59,29,104
118.5599,25,59,29,104
118.5786,25,58,29,103
118.5914,25,58,29,103
118.6081,25,58,29,103
118.6221,26,59,30,104
118.6362,26,59,30,104
118.6508,26,59,30,104
118.6696,25,58,30,104
118.6832,25,58,30,104
118.6984,25,58,30,104
118.7122,25,58,28,103
118.7283,25,58,28,103
118.7423,25,58,28,103
118.7587,25,59,29,104
118.7722,25,59,29,104
118.7871,25,59,29,104
118.8020,25,58,29,103
118.8182,25,58,29,103
118.8320,25,58,29,103
118.8467,26,59,30,104
118.8597,26,59,30,104
118.8763,26,59,30,104
118.8898,25,58,30,104
118.9033,25,58,30,104
118.9212,25,58,30,104
118.9391,25,58,30,104
118.9563,25,58,30,104
118.9723,26,59,30,103
118.9873,26,59,30,103
119.0022,26,59,30,103
119.0149,26,59,30,103
119.0281,25,59,29,104
119.0450,25,59,29,104
119.0603,25,58,26,104
119.0776,25,58,26,104
119.0942,25,58,26,104
119.1155,26,58,30,104
119.1373,26,58,30,104
119.1532,25,58,29,104
119.1742,25,58,29,104
119.1941,26,58,29,104
119.2107,26,58,29,104
119.2259,26,58,29,104
119.2395,25,58,28,103
119.2580,25,58,28,103
119.2714,25,58,28,103
119.2867,35,38,17,84
119.3007,35,38,17,84
119.3163,35,38,17,84
119.3314,38,35,13,78
119.3451,38,35,13,78
119.3613,38,35,13,78
119.3752,38,36,13,78
119.3890,38,36,13,78
119.4026,38,36,13,78
119.4169,39,36,13,78
119.4307,39,36,13,78
119.4467,39,36,13,78
119.4600,38,35,13,78
119.4777,38,35,13,78
119.4912,38,35,13,78
119.5080,38,36,13,78
119.5226,38,36,13,78
119.5363,38,36,13,78
119.5502,39,36,13,78
119.5674,39,36,13,78
119.5811,39,36,13,78
119.5963,38,35,13,78
119.6132,38,35,13,78
119.6282,38,35,13,78
119.6414,38,36,14,78
119.6556,38,36,14,78
119.6722,38,36,14,78
119.6876,38,36,14,79
119.7013,38,36,14,79
119.7156,38,36,14,79
119.7291,39,35,13,78
119.7451,39,35,13,78
119.7601,39,35,13,78
119.7734,39,35,13,78
119.7897,39,35,13,78
119.8036,39,35,13,78
119.8186,39,35,13,78
119.8321,39,35,13,78
119.8465,39,35,13,78
119.8612,38,35,13,78
119.8771,38,35,13,78
119.8908,38,35,13,78
119.9058,39,35,13,78
119.9226,39,35,13,78
119.9438,39,35,13,78
119.9634,38,35,13,78
119.9798,38,35,13,78
119.9951,39,36,14,79
