t_s,rojo,verde,azul,claro
0.0000,36,45,15,89
0.0138,36,45,15,89
0.0311,35,46,17,88
0.0445,35,46,17,88
0.0636,36,46,17,88
0.0768,36,46,17,88
0.0956,36,46,17,88
0.1107,35,45,15,88
0.1248,35,45,15,88
0.1404,35,45,15,88
0.1541,36,45,15,89
0.1702,36,45,15,89
0.1846,36,45,15,89
0.1984,35,46,17,88
0.2155,35,46,17,88
0.2293,35,46,17,88
0.2439,29,53,24,97
0.2595,29,53,24,97
0.2740,29,53,24,97
0.2876,15,68,43,113
0.3038,15,68,43,113
0.3164,15,68,43,113
0.3321,16,69,43,114
0.3456,16,69,43,114
0.3599,16,69,43,114
0.3758,16,69,43,114
0.3906,16,69,43,114
0.4118,16,69,43,114
0.4324,16,69,43,113
0.4476,16,69,43,113
0.4645,16,69,42,113
0.4817,16,69,42,113
0.5000,16,69,42,113
0.5146,15,68,43,113
0.5291,15,68,43,113
0.5430,15,68,43,113
0.5678,15,68,43,113
0.5865,15,68,43,113
0.6013,16,68,42,114
0.6226,16,68,42,114
0.6415,15,68,43,113
0.6551,15,68,43,113
0.6731,15,68,43,113
0.6873,16,68,42,113
0.7040,16,68,42,113
0.7209,16,68,42,113
0.7350,16,69,43,114
0.7486,16,69,43,114
0.7647,16,69,43,114
0.7784,15,68,43,114
0.7944,15,68,43,114
0.8096,15,68,43,114
0.8246,15,68,43,113
0.8376,15,68,43,113
0.8537,15,68,43,113
0.8699,16,68,43,113
0.8845,16,68,43,113
0.8983,16,68,43,113
0.9134,15,68,42,113
0.9258,15,68,42,113
0.9448,15,68,42,113
0.9595,16,69,42,113
0.9748,16,69,42,113
0.9885,16,69,42,113
1.0045,15,68,43,113
1.0187,15,68,43,113
1.0336,15,68,43,113
1.0486,16,69,42,113
1.0645,16,69,42,113
1.0774,16,69,42,113
1.0937,15,68,43,113
1.1110,15,68,43,113
1.1260,16,68,42,113
1.1418,16,68,42,113
1.1555,16,68,42,113
1.1734,15,68,43,113
1.1872,15,68,43,113
1.2049,15,68,43,113
1.2195,16,69,42,113
1.2336,16,69,42,113
1.2482,16,69,42,113
1.2644,15,68,43,113
1.2781,15,68,43,113
1.2930,15,68,43,113
1.3067,15,68,42,113
1.3226,15,68,42,113
1.3357,15,68,42,113
1.3526,15,68,42,114
1.3695,15,68,42,114
1.3834,15,68,42,114
1.3985,15,68,43,113
1.4121,15,68,43,113
1.4313,15,68,43,113
1.4511,16,68,43,113
1.4696,16,68,43,113
1.4847,15,68,42,114
1.4998,15,68,42,114
1.5172,15,68,42,114
1.5294,15,68,43,113
1.5442,15,68,43,113
1.5680,16,68,42,113
1.5863,16,68,42,113
1.6035,16,68,42,113
1.6243,16,69,43,114
1.6451,16,69,43,114
1.6612,15,68,43,114
1.6772,15,68,43,114
1.6932,15,68,43,114
1.7069,15,68,43,114
1.7220,15,68,43,114
1.7367,15,68,43,114
1.7505,15,68,43,113
1.7646,15,68,43,113
1.7788,15,68,43,113
1.7951,16,69,43,113
1.8116,16,69,43,113
1.8252,16,69,43,113
1.8411,16,68,42,113
1.8553,16,68,42,113
1.8705,16,68,42,113
1.8863,15,68,42,113
1.9000,15,68,42,113
1.9144,15,68,42,113
1.9300,16,68,43,114
1.9446,16,68,43,114
1.9592,16,68,43,114
1.9747,16,69,43,114
1.9877,16,69,43,114
2.0048,16,69,43,114
2.0177,16,68,42,113
2.0363,16,68,42,113
2.0500,16,68,42,113
2.0647,16,69,43,114
2.0785,16,69,43,114
2.0945,16,69,43,114
2.1096,15,69,43,113
2.1242,15,69,43,113
2.1376,15,69,43,113
2.1532,16,68,42,114
2.1661,16,68,42,114
2.1860,16,68,42,114
2.1996,16,68,42,113
2.2138,16,68,42,113
2.2285,16,68,42,113
2.2441,19,63,41,112
2.2571,19,63,41,112
2.2737,19,63,41,112
2.2885,30,38,35,95
2.3063,30,38,35,95
2.3207,30,38,35,95
2.3340,31,38,36,97
2.3503,31,38,36,97
2.3647,31,39,35,97
2.3817,31,39,35,97
2.4017,31,39,35,97
2.4163,30,39,35,95
2.4346,30,39,35,95
2.4483,30,39,35,95
2.4646,31,39,36,95
2.4798,31,39,36,95
2.4966,31,39,36,95
2.5114,31,38,36,97
2.5273,31,38,36,97
2.5446,30,38,35,95
2.5655,30,38,35,95
2.5815,30,38,35,95
2.5991,30,39,35,97
2.6213,30,39,35,97
2.6357,31,39,35,97
2.6541,31,39,35,97
2.6732,31,39,35,97
2.6890,31,38,35,97
2.7021,31,38,35,97
2.7162,31,38,35,97
2.7317,30,38,36,97
2.7459,30,38,36,97
2.7598,30,38,36,97
2.7737,31,39,36,95
2.7860,31,39,36,95
2.8054,31,39,36,95
2.8204,30,38,35,97
2.8344,30,38,35,97
2.8507,30,38,35,97
2.8680,31,38,35,95
2.8841,31,38,35,95
2.8978,31,38,35,95
2.9133,31,38,36,95
2.9277,31,38,36,95
2.9445,30,38,36,95
2.9592,30,38,36,95
2.9740,30,38,36,95
2.9876,30,39,36,95
3.0044,30,39,36,95
3.0178,30,39,36,95
3.0329,31,38,35,97
3.0502,31,38,35,97
3.0642,31,38,35,97
3.0776,30,39,35,95
3.0942,30,39,35,95
3.1095,30,39,35,95
3.1242,30,39,36,95
3.1392,30,39,36,95
3.1529,30,39,36,95
3.1651,30,39,35,97
3.1817,30,39,35,97
3.1951,30,39,35,97
3.2142,31,38,35,97
3.2276,31,38,35,97
3.2442,31,38,35,97
3.2606,30,39,35,95
3.2752,30,39,35,95
3.2901,30,39,35,95
3.3048,30,38,36,95
3.3198,30,38,36,95
3.3339,30,38,36,95
3.3475,30,39,36,97
3.3650,30,39,36,97
3.3789,30,39,36,97
3.3934,31,38,35,97
3.4102,31,38,35,97
3.4255,31,38,35,97
3.4400,30,39,36,95
3.4529,30,39,36,95
3.4686,30,39,36,95
3.4849,30,39,35,95
3.4974,30,39,35,95
3.5172,30,39,35,95
3.5324,30,39,35,95
3.5497,30,39,35,95
3.5737,31,39,36,95
3.5939,31,39,36,95
3.6112,30,39,36,95
3.6250,30,39,36,95
3.6458,30,39,36,95
3.6628,30,39,36,95
3.6785,30,39,36,95
3.6927,30,39,36,95
3.7095,30,39,35,95
3.7244,30,39,35,95
3.7387,30,39,35,95
3.7538,30,39,35,95
3.7695,30,39,35,95
3.7844,30,39,35,95
3.7974,31,39,36,95
3.8146,31,39,36,95
3.8305,30,39,36,95
3.8444,30,39,36,95
3.8594,30,39,36,95
3.8743,30,39,36,95
3.8872,30,39,36,95
3.9045,30,39,36,95
3.9195,30,39,35,95
3.9346,30,39,35,95
3.9482,30,39,35,95
3.9645,30,39,35,95
3.9793,30,39,35,95
3.9936,30,39,35,95
4.0101,31,39,36,95
4.0243,31,39,36,95
4.0380,31,39,36,95
4.0544,31,39,35,95
4.0693,31,39,35,95
4.0828,31,39,35,95
4.0978,31,39,36,95
4.1109,31,39,36,95
4.1243,31,39,36,95
4.1412,30,39,36,97
4.1555,30,39,36,97
4.1695,30,39,36,97
4.1832,30,39,36,97
4.2027,30,39,36,97
4.2181,30,39,36,97
4.2341,31,38,36,97
4.2477,31,38,36,97
4.2636,31,38,36,97
4.2778,24,41,42,99
4.2942,24,41,42,99
4.3092,24,41,42,99
4.3243,24,41,44,99
4.3378,24,41,44,99
4.3562,24,41,44,99
4.3741,24,40,44,99
4.3921,24,40,44,99
4.4135,23,41,43,98
4.4309,23,41,43,98
4.4475,23,41,43,98
4.4625,24,40,45,98
4.4815,24,40,45,98
4.4966,23,41,42,99
4.5158,23,41,42,99
4.5316,23,41,42,99
4.5465,24,41,44,102
4.5745,24,41,44,102
4.5943,24,40,42,99
4.6112,24,40,42,99
4.6324,23,40,43,98
4.6465,23,40,43,98
4.6666,23,40,43,98
4.6813,23,41,42,98
4.6971,23,41,42,98
4.7114,23,41,42,98
4.7249,23,40,45,98
4.7390,23,40,45,98
4.7532,23,40,45,98
4.7653,24,41,43,99
4.7845,24,41,43,99
4.7974,24,41,43,99
4.8137,24,41,43,98
4.8284,24,41,43,98
4.8461,24,41,43,98
4.8607,23,41,42,98
4.8748,23,41,42,98
4.8902,23,41,42,98
4.9041,23,40,44,99
4.9173,23,40,44,99
4.9337,23,40,44,99
4.9490,24,40,45,98
4.9645,24,40,45,98
4.9775,24,40,45,98
4.9929,23,40,44,99
5.0095,23,40,44,99
5.0240,23,40,44,99
5.0377,24,41,44,100
5.0538,24,41,44,100
5.0684,24,41,44,100
5.0842,23,41,43,98
5.0971,23,41,43,98
5.1136,23,41,43,98
5.1283,23,41,42,98
5.1458,23,41,42,98
5.1608,23,41,43,98
5.1763,23,41,43,98
5.1898,23,41,43,98
5.2040,23,41,43,98
5.2172,23,40,43,98
5.2335,23,40,43,98
5.2481,24,41,45,99
5.2657,24,41,45,99
5.2792,24,41,45,99
5.2936,23,41,45,102
5.3108,23,41,45,102
5.3246,23,41,45,102
5.3384,24,41,42,98
5.3533,24,41,42,98
5.3678,24,41,42,98
5.3845,24,40,45,99
5.3982,24,40,45,99
5.4166,24,40,45,99
5.4307,24,41,45,99
5.4460,24,41,45,99
5.4610,24,41,45,99
5.4798,23,41,45,99
5.5026,23,41,45,99
5.5164,24,41,42,99
5.5348,24,41,42,99
5.5516,24,41,42,99
5.5738,24,41,45,99
5.5947,24,41,45,99
5.6119,23,41,45,99
5.6273,23,41,45,99
5.6447,23,41,45,99
5.6595,24,41,42,99
5.6758,24,41,42,99
5.6902,24,41,42,99
5.7038,24,41,44,99
5.7185,24,41,44,99
5.7336,24,41,44,99
5.7455,24,41,44,99
5.7641,24,41,44,99
5.7777,24,41,44,99
5.7927,23,41,44,98
5.8067,23,41,44,98
5.8240,23,41,44,98
5.8378,24,40,44,99
5.8552,24,40,44,99
5.8712,23,41,44,98
5.8850,23,41,44,98
5.8987,23,41,44,98
5.9131,23,41,44,98
5.9275,23,40,43,98
5.9447,23,40,43,98
5.9594,23,41,42,99
5.9753,23,41,42,99
5.9903,23,41,42,99
6.0041,23,40,43,98
6.0228,23,40,43,98
6.0393,23,40,43,98
6.0535,24,40,42,99
6.0724,24,40,42,99
6.0913,24,41,42,99
6.1049,24,41,43,98
6.1238,24,41,43,98
6.1386,23,40,45,99
6.1543,23,40,45,99
6.1713,23,40,45,99
6.1853,23,41,42,98
6.1988,23,41,42,98
6.2147,23,41,42,98
6.2284,23,40,43,98
6.2451,23,40,43,98
6.2609,23,40,43,98
6.2775,23,66,22,102
6.2908,23,66,22,102
6.3046,23,66,22,102
6.3172,24,70,21,102
6.3328,24,70,21,102
6.3472,24,70,21,102
6.3650,23,70,21,102
6.3790,23,70,21,102
6.3948,23,70,21,102
6.4103,24,71,21,100
6.4256,24,71,21,100
6.4410,24,71,21,100
6.4564,24,70,20,102
6.4730,24,70,20,102
6.4898,24,70,20,102
6.5038,23,71,20,102
6.5266,23,71,20,102
6.5445,23,70,20,100
6.5648,23,70,20,100
6.5890,24,70,21,102
6.6053,24,70,21,102
6.6181,24,70,21,102
6.6381,23,71,21,102
6.6536,23,71,21,102
6.6695,24,71,21,100
6.6834,24,71,21,100
6.7007,24,71,21,100
6.7168,23,71,21,102
6.7342,23,71,21,102
6.7478,23,71,21,102
6.7642,23,71,20,100
6.7780,23,71,20,100
6.7941,23,71,20,100
6.8095,23,71,20,102
6.8234,23,71,20,102
6.8375,23,71,20,102
6.8548,23,71,21,102
6.8706,23,71,21,102
6.8847,23,71,21,102
6.8993,24,70,21,100
6.9141,24,70,21,100
6.9291,24,70,21,100
6.9425,24,70,21,102
6.9609,24,70,21,102
6.9752,24,70,21,102
6.9882,23,70,20,100
7.0042,23,70,20,100
7.0181,23,70,20,100
7.0315,24,71,21,100
7.0477,24,71,21,100
7.0646,23,70,21,100
7.0805,23,70,21,100
7.0953,23,70,21,100
7.1107,23,70,21,100
7.1238,23,70,21,102
7.1404,23,70,21,102
7.1551,24,70,20,100
7.1716,24,70,20,100
7.1851,24,70,20,100
7.2016,23,70,20,102
7.2156,23,70,20,102
7.2339,23,70,20,102
7.2474,23,70,20,100
7.2647,23,70,20,100
7.2787,23,70,20,100
7.2938,23,70,20,100
7.3110,23,70,20,100
7.3244,23,70,20,100
7.3365,23,70,21,102
7.3545,23,70,21,102
7.3703,23,70,21,102
7.3856,24,70,21,102
7.4133,24,70,21,102
7.4290,23,71,21,102
7.4433,23,71,21,102
7.4612,24,71,21,100
7.4815,24,71,21,100
7.4960,24,71,21,100
7.5130,24,71,21,100
7.5282,24,71,21,100
7.5445,24,71,21,100
7.5596,24,71,21,100
7.5899,24,71,21,100
7.6062,23,70,20,100
7.6222,23,70,20,100
7.6421,23,71,21,102
7.6627,23,71,21,102
7.6765,23,71,21,102
7.6936,24,71,21,100
7.7087,24,71,21,100
7.7258,24,71,21,100
7.7401,23,71,21,102
7.7538,23,71,21,102
7.7709,23,71,21,102
7.7849,24,71,20,100
7.7988,24,71,20,100
7.8132,24,71,20,100
7.8259,24,70,20,102
7.8439,24,70,20,102
7.8586,24,70,20,102
7.8735,23,70,20,100
7.8873,23,70,20,100
7.9042,23,70,20,100
7.9181,24,71,21,100
7.9327,24,71,21,100
7.9507,24,71,21,100
7.9641,23,71,21,102
7.9773,23,71,21,102
7.9934,23,71,21,102
8.0070,24,70,20,102
8.0238,24,70,20,102
8.0375,24,70,20,102
8.0547,24,70,21,100
8.0705,24,70,21,100
8.0846,24,70,21,100
8.0994,24,70,21,102
8.1134,24,70,21,102
8.1309,23,70,21,102
8.1445,23,70,21,102
8.1595,23,70,21,102
8.1739,24,70,20,102
8.1881,24,70,20,100
8.2036,24,70,20,100
8.2193,23,70,21,100
8.2334,23,70,21,100
8.2477,23,70,21,100
8.2639,26,64,24,103
8.2769,26,64,24,103
8.2931,26,64,24,103
8.3069,26,58,30,104
8.3240,26,58,30,104
8.3371,26,58,30,104
8.3556,25,58,29,103
8.3808,25,58,29,103
8.3943,25,58,29,103
8.4147,25,58,30,104
8.4338,25,58,30,104
8.4516,25,58,30,103
8.4669,25,58,30,103
8.4860,25,58,30,104
8.5003,25,58,30,104
8.5159,25,58,30,104
8.5300,26,59,29,103
8.5467,26,59,29,103
8.5726,25,58,30,104
8.5926,25,58,30,104
8.6103,25,58,30,104
8.6251,25,58,30,103
8.6416,25,58,30,103
8.6655,26,59,29,103
8.6789,26,59,29,103
8.6941,26,59,29,103
8.7107,26,59,29,103
8.7269,26,59,29,103
8.7411,26,59,29,103
8.7554,25,58,30,103
8.7706,25,58,30,103
8.7862,25,58,30,103
8.8001,25,58,29,103
8.8173,25,58,29,103
8.8308,25,58,29,103
8.8475,26,59,30,104
8.8612,26,59,30,104
8.8752,26,59,30,104
8.8884,26,58,30,104
8.9037,26,58,30,104
8.9189,26,58,30,104
8.9336,25,58,30,103
8.9491,25,58,30,103
8.9647,25,58,30,103
8.9792,25,58,30,104
8.9936,25,58,30,104
9.0101,25,58,30,104
9.0247,26,59,30,104
9.0396,26,59,30,104
9.0555,26,59,30,104
9.0700,26,59,30,103
9.0833,26,59,30,103
9.0997,26,59,30,103
9.1151,26,59,30,103
9.1298,26,59,30,103
9.1431,26,59,30,103
9.1616,25,58,30,104
9.1786,25,58,30,104
9.1944,25,58,30,104
9.2096,25,58,30,104
9.2243,25,58,30,104
9.2383,26,59,30,103
9.2535,26,59,30,103
9.2669,26,59,30,103
9.2836,26,59,29,103
9.2972,26,59,29,103
9.3152,26,59,29,103
9.3282,25,58,29,103
9.3427,25,58,29,103
9.3600,25,58,29,103
9.3750,25,58,29,103
9.3898,25,58,29,103
9.4125,25,58,29,103
9.4320,26,59,30,104
9.4485,26,59,30,104
9.4667,25,58,30,104
9.4854,25,58,30,104
9.5048,25,58,30,104
9.5210,25,58,30,104
9.5390,25,58,30,104
9.5543,25,58,30,104
9.5820,25,58,30,104
9.6064,25,58,29,103
9.6267,25,58,29,103
9.6421,26,59,30,104
9.6676,26,59,30,104
9.6818,25,58,30,104
9.6971,25,58,30,104
9.7115,25,58,30,104
9.7256,25,58,30,104
9.7415,25,58,30,104
9.7552,25,58,30,104
9.7706,25,58,30,104
9.7868,25,58,30,104
9.8001,25,58,30,104
9.8151,25,58,29,104
9.8282,25,58,29,103
9.8427,25,58,29,103
9.8593,25,58,29,103
9.8738,25,58,29,103
9.8854,25,58,29,103
9.9025,25,58,29,103
9.9164,25,58,29,103
9.9326,25,58,29,103
9.9478,26,58,29,103
9.9627,26,58,29,103
9.9795,26,58,29,103
9.9928,25,58,29,103
10.0108,25,58,29,103
10.0244,25,58,29,103
10.0408,26,59,30,103
10.0550,26,59,30,103
10.0738,26,59,30,103
10.0875,26,59,30,103
10.1034,26,59,30,103
10.1186,26,59,30,103
10.1336,25,58,30,104
10.1475,25,58,30,104
10.1636,25,58,30,104
10.1774,25,58,30,103
10.1935,25,58,30,103
10.2087,25,58,30,103
10.2246,25,58,30,103
10.2374,25,58,30,103
10.2544,30,49,23,93
10.2722,30,49,23,93
10.2849,30,49,23,93
10.3019,38,35,13,78
10.3171,38,35,13,78
10.3302,38,35,13,78
10.3453,38,35,13,78
10.3574,39,35,13,78
10.3759,39,35,13,78
10.3926,39,35,13,78
10.4069,39,35,13,78
10.4244,39,35,13,78
10.4391,38,36,13,78
10.4551,38,36,13,78
10.4699,38,36,13,78
10.4850,38,36,14,79
10.4991,38,36,14,79
10.5143,38,36,14,79
10.5268,39,35,13,78
10.5446,39,35,13,78
10.5617,39,36,13,79
10.5872,39,36,13,79
10.6044,39,36,13,79
10.6235,39,35,13,78
10.6399,39,35,13,78
10.6535,38,36,13,78
10.6733,38,36,13,78
10.6912,38,36,13,78
10.7042,38,36,13,78
10.7214,38,36,13,78
10.7335,38,36,13,78
10.7508,38,35,13,78
10.7668,38,35,13,78
10.7825,38,35,13,78
10.7969,38,36,14,79
10.8138,38,36,14,79
10.8268,38,36,14,79
10.8433,39,35,13,78
10.8571,39,35,13,78
10.8739,39,35,13,78
10.8871,38,35,13,78
10.9032,38,35,13,78
10.9205,38,35,13,78
10.9344,39,36,14,79
10.9484,39,36,14,79
10.9645,39,36,14,79
10.9784,39,35,13,78
10.9938,39,35,13,78
11.0068,39,35,13,78
11.0256,39,35,13,78
11.0394,39,35,13,78
11.0535,39,35,13,78
11.0693,38,36,13,78
11.0836,38,36,13,78
11.0984,39,36,13,78
11.1136,39,36,14,79
11.1276,39,36,14,79
11.1439,39,36,14,79
11.1596,39,36,14,79
11.1735,39,36,14,79
11.1875,39,36,14,79
11.2028,38,35,13,78
11.2168,38,35,13,78
11.2336,38,36,13,78
11.2475,38,36,13,78
11.2628,38,36,13,78
11.2775,38,35,13,78
11.2950,38,35,13,78
11.3094,38,35,13,78
11.3232,38,36,13,78
11.3357,38,36,13,78
11.3536,38,36,13,78
11.3732,39,35,14,79
11.3926,39,35,14,79
11.4151,38,36,13,79
11.4308,38,36,13,79
11.4448,38,36,13,79
11.4598,38,36,13,78
11.4753,38,36,13,78
11.4913,38,36,13,78
11.5078,38,35,13,78
11.5335,38,35,13,78
11.5515,38,36,14,79
11.5775,38,36,14,79
11.5966,39,35,13,78
11.6135,39,35,13,78
11.6281,39,35,13,78
11.6453,39,36,13,79
11.6613,39,36,13,79
11.6755,39,35,13,78
11.6948,39,35,13,78
11.7107,39,35,13,78
11.7270,39,35,13,78
11.7401,39,35,13,78
11.7541,39,35,13,78
11.7711,39,35,13,78
11.7847,39,35,13,78
11.7982,39,35,13,78
11.8134,38,35,13,78
11.8273,38,35,13,78
11.8436,38,35,13,78
11.8570,38,35,14,79
11.8737,38,35,14,79
11.8857,38,35,14,79
11.9023,39,35,14,79
11.9157,39,35,14,79
11.9287,39,35,14,79
11.9437,39,35,14,79
11.9597,39,35,14,79
11.9735,39,35,14,79
11.9882,38,36,14,78
12.0023,38,36,14,78
12.0144,38,36,14,78
12.0310,38,36,14,78
12.0445,38,35,13,78
12.0629,38,35,13,78
12.0768,38,36,14,79
12.0942,38,36,14,79
12.1093,38,36,14,79
12.1246,39,35,13,78
12.1387,39,35,13,78
12.1542,39,35,13,78
12.1693,38,35,13,78
12.1835,38,35,13,78
12.1971,38,35,13,78
12.2142,39,36,14,79
12.2277,39,36,14,79
12.2423,39,36,14,79
12.2561,33,44,15,83
12.2750,33,44,15,83
12.2881,33,44,15,83
12.3024,15,75,22,98
12.3205,15,75,22,98
12.3343,15,75,22,98
12.3496,15,75,22,99
12.3673,15,75,22,99
12.3836,15,75,22,99
12.3978,16,76,23,100
12.4120,16,76,23,100
12.4306,15,73,23,99
12.4505,15,73,23,99
12.4658,15,73,23,99
12.4834,15,75,23,99
12.5019,15,75,23,99
12.5198,15,75,22,98
12.5354,15,75,22,98
12.5551,16,75,23,99
12.5842,16,75,23,99
12.6027,15,75,23,99
12.6236,15,75,23,99
12.6418,15,75,23,99
12.6557,16,75,22,102
12.6735,16,75,22,102
12.6875,16,75,22,102
12.7036,15,75,23,102
12.7174,15,75,23,102
12.7341,15,75,23,102
12.7486,15,75,23,99
12.7639,15,75,23,99
12.7786,15,75,23,99
12.7936,16,76,22,100
12.8096,16,76,22,100
12.8235,16,76,22,100
12.8368,16,76,22,100
12.8539,16,76,22,100
12.8686,16,76,22,100
12.8816,15,75,23,100
12.8974,15,75,23,100
12.9111,15,75,23,100
12.9247,15,76,22,100
12.9406,15,76,22,100
12.9550,15,76,22,100
12.9727,16,76,22,100
12.9861,16,76,22,100
13.0028,16,76,22,100
13.0174,16,75,22,98
13.0336,16,75,22,98
13.0473,16,75,22,98
13.0646,16,75,22,102
13.0775,16,75,22,102
13.0941,16,75,22,102
13.1089,15,75,23,99
13.1243,15,75,23,99
13.1385,16,73,22,98
13.1558,16,73,22,98
13.1707,16,73,22,98
13.1847,16,76,23,99
13.2000,16,76,23,99
13.2140,16,76,23,99
13.2273,15,75,22,98
13.2427,15,75,22,98
13.2608,15,75,22,98
13.2759,15,75,22,98
13.2895,15,75,22,98
13.3052,15,75,22,98
13.3224,16,76,23,98
13.3360,16,76,23,98
13.3538,16,76,23,98
13.3718,16,76,23,100
13.3898,16,76,23,100
13.4145,15,75,23,99
13.4292,15,75,23,99
13.4442,15,75,23,99
13.4601,15,76,22,98
13.4775,15,76,22,98
13.4911,16,75,23,102
13.5129,16,75,23,102
13.5312,16,75,23,102
13.5476,15,75,23,99
13.5756,15,75,23,99
13.5986,15,75,23,102
13.6121,15,75,23,102
13.6309,15,75,23,98
13.6520,15,75,23,98
13.6670,15,75,23,98
13.6853,15,75,23,102
13.6991,15,75,23,102
13.7136,15,75,23,102
13.7268,16,76,22,100
13.7440,16,76,22,100
13.7595,15,73,22,100
13.7743,15,73,22,98
13.7876,15,73,22,98
13.8022,16,76,23,99
13.8203,16,76,23,99
13.8342,16,76,23,99
13.8487,16,76,23,99
13.8632,16,76,22,98
13.8778,16,76,22,98
13.8934,16,76,22,98
13.9063,15,75,23,98
13.9227,15,75,23,98
13.9380,15,75,23,99
13.9537,15,75,23,99
13.9715,15,75,23,99
13.9867,15,75,22,98
14.0016,15,75,22,98
14.0174,15,75,22,98
14.0303,16,76,22,102
14.0456,16,76,22,102
14.0609,16,76,22,102
14.0750,16,75,23,99
14.0889,16,75,23,99
14.1031,16,75,23,99
14.1212,16,76,22,98
14.1349,16,76,22,98
14.1493,16,76,22,98
14.1647,15,75,23,98
14.1785,15,75,23,98
14.1936,15,75,23,98
14.2092,16,76,23,100
14.2237,16,76,23,100
14.2362,16,76,23,100
14.2536,15,73,22,98
14.2687,15,73,22,98
14.2833,15,73,22,98
14.2976,15,40,52,98
14.3135,15,40,52,98
14.3265,15,40,52,98
14.3436,16,41,52,98
14.3575,16,41,52,98
14.3749,16,41,52,98
14.3898,16,41,51,99
14.4108,16,41,51,99
14.4310,16,41,51,99
14.4436,16,41,51,99
14.4660,16,41,51,99
14.4824,15,41,51,99
14.5001,15,41,51,99
14.5140,15,40,51,99
14.5319,15,40,51,99
14.5507,15,40,51,99
14.5708,16,41,52,98
14.5951,16,41,52,98
14.6136,15,40,52,99
14.6275,15,40,52,99
14.6449,15,40,52,99
14.6598,15,40,51,98
14.6745,15,40,51,98
14.6886,15,40,51,98
14.7023,15,40,51,98
14.7159,15,40,51,98
14.7334,15,40,51,98
14.7474,15,40,52,98
14.7659,15,40,52,98
14.7805,16,41,52,98
14.7942,16,41,52,98
14.8111,16,41,52,98
14.8247,16,41,52,98
14.8375,16,40,52,99
14.8534,16,40,52,99
14.8667,15,40,52,99
14.8846,15,40,52,99
14.8985,15,40,52,99
14.9133,16,40,51,98
14.9278,16,40,51,98
14.9425,16,40,51,98
14.9570,15,40,51,98
14.9733,15,40,51,98
14.9867,15,40,51,98
15.0021,16,41,51,99
15.0157,16,41,51,99
15.0343,16,41,51,99
15.0476,15,40,52,98
15.0630,15,40,52,98
15.0780,15,40,52,98
15.0941,15,40,52,98
15.1094,15,40,52,98
15.1234,15,40,52,98
15.1371,16,41,51,99
15.1539,16,41,51,99
15.1677,16,41,51,99
15.1824,16,41,52,98
15.1965,16,41,52,98
15.2137,16,41,52,98
15.2275,15,40,52,99
15.2423,15,40,52,99
15.2603,15,40,52,99
15.2743,15,40,51,98
15.2876,15,40,51,98
15.3041,15,40,51,98
15.3188,15,40,51,98
15.3338,15,40,51,98
15.3487,15,40,51,98
15.3651,16,41,51,98
15.3814,16,41,51,98
15.3976,16,41,51,98
15.4145,15,40,52,99
15.4326,15,40,52,99
15.4505,15,40,52,99
15.4670,15,40,52,99
15.4825,15,40,52,99
15.4989,16,41,51,99
15.5142,16,41,51,99
15.5287,16,41,51,99
15.5470,15,41,51,99
15.5625,15,41,51,99
15.5857,16,40,51,98
15.6024,16,40,51,98
15.6186,16,40,51,98
15.6343,15,40,51,99
15.6501,15,40,51,99
15.6661,16,41,52,98
15.6814,16,41,52,98
15.6951,16,41,52,98
15.7095,16,41,52,98
15.7237,15,40,52,99
15.7380,15,40,52,99
15.7535,15,40,51,98
15.7711,15,40,51,98
15.7855,15,40,51,98
15.7998,15,40,51,98
15.8133,15,40,51,98
15.8284,15,40,51,98
15.8422,15,40,51,98
15.8561,15,40,52,98
15.8733,15,40,52,98
15.8870,16,41,52,98
15.9027,16,41,52,98
15.9183,16,41,52,98
15.9338,16,41,52,98
15.9459,16,41,51,98
15.9656,16,41,51,98
15.9797,16,40,51,99
15.9942,16,40,51,99
16.0073,16,40,51,99
16.0241,16,41,51,99
16.0370,16,41,51,99
16.0556,16,41,51,99
16.0705,16,41,51,99
16.0846,16,41,51,99
16.1006,16,41,51,99
16.1145,15,40,51,99
16.1280,15,40,51,99
16.1436,15,40,51,99
16.1574,15,40,52,99
16.1756,15,40,52,99
16.1893,15,40,52,99
16.2055,15,40,51,99
16.2179,15,40,51,99
16.2336,15,40,51,99
16.2482,15,40,52,99
16.2637,15,40,52,99
16.2772,15,40,52,99
16.2937,30,55,20,97
16.3067,30,55,20,97
16.3234,30,55,20,97
16.3381,33,56,19,95
16.3527,33,56,19,95
16.3723,33,56,19,95
16.3939,34,55,19,95
16.4104,34,55,19,95
16.4272,33,56,19,95
16.4428,33,56,19,95
16.4632,33,55,18,95
16.4838,33,55,18,95
16.5001,33,55,18,95
16.5187,34,56,18,95
16.5343,34,56,18,95
16.5496,34,56,18,95
16.5694,33,56,19,95
16.5912,33,56,19,95
16.6133,34,56,18,97
16.6277,34,56,18,97
16.6455,30,56,18,97
16.6612,30,56,18,97
16.6789,30,56,18,97
16.6937,31,55,18,97
16.7118,31,55,18,97
16.7249,31,55,18,97
16.7399,34,56,19,95
16.7537,34,56,19,95
16.7726,34,56,19,95
16.7860,31,55,18,97
16.8048,31,55,18,97
16.8198,33,56,18,97
16.8344,33,56,18,97
16.8500,33,56,18,97
16.8642,31,56,18,97
16.8794,31,56,19,95
16.8931,31,56,19,95
16.9066,30,56,18,97
16.9248,30,56,18,97
16.9387,30,56,18,97
16.9552,30,56,19,95
16.9711,30,56,19,95
16.9848,30,56,19,95
16.9987,31,55,18,97
17.0130,31,55,18,97
17.0273,31,55,18,97
17.0446,30,56,19,95
17.0593,30,56,19,95
17.0737,30,56,19,95
17.0901,30,55,19,95
17.1046,30,55,19,95
17.1222,30,55,19,95
17.1357,31,56,19,95
17.1537,31,56,19,95
17.1662,31,56,19,95
17.1833,30,56,18,97
17.1962,30,56,18,97
17.2126,30,56,18,97
17.2263,30,56,19,95
17.2432,30,56,19,95
17.2563,30,56,19,95
17.2737,30,56,19,95
17.2870,30,56,19,95
17.3047,30,56,19,95
17.3196,30,55,18,95
17.3338,30,55,18,95
17.3485,30,55,18,95
17.3658,30,56,18,97
17.3803,30,56,18,97
17.3980,30,56,19,95
17.4133,30,56,19,95
17.4306,30,56,19,95
17.4447,31,55,18,97
17.4635,31,55,18,97
17.4806,31,55,18,97
17.4935,34,55,18,97
17.5103,34,55,18,97
17.5285,31,55,19,95
17.5503,31,55,19,95
17.5693,31,55,19,95
17.5873,34,58,19,95
17.6108,34,58,19,95
17.6264,34,55,18,97
17.6427,34,55,18,97
17.6597,31,58,18,97
17.6750,31,58,19,95
17.6891,31,58,19,95
17.7028,31,58,19,95
17.7167,30,56,19,95
17.7334,30,56,19,95
17.7496,30,56,19,95
17.7638,34,56,19,95
17.7767,34,56,19,95
17.7932,34,56,19,95
17.8101,30,55,18,97
17.8243,30,55,18,97
17.8380,30,55,18,95
17.8546,30,55,18,95
17.8678,30,55,18,95
17.8814,33,55,18,97
17.8991,33,55,18,97
17.9125,33,55,18,97
17.9276,33,55,18,97
17.9406,33,55,19,97
17.9551,33,55,19,97
17.9706,33,55,19,97
17.9844,33,56,18,97
17.9976,33,56,18,97
18.0127,33,56,18,97
18.0263,30,55,18,95
18.0440,30,55,18,95
18.0592,30,55,18,95
18.0731,33,55,18,97
18.0887,33,55,18,97
18.1036,33,55,18,97
18.1173,31,55,18,97
18.1331,31,55,18,97
18.1474,30,55,18,95
18.1639,30,55,18,95
18.1772,30,55,18,95
18.1927,30,55,18,95
18.2091,30,55,18,95
18.2251,30,55,18,95
18.2417,31,56,19,95
18.2575,31,56,19,95
18.2740,31,56,19,95
18.2891,34,48,17,92
18.3028,34,48,17,92
18.3207,34,48,17,92
18.3354,35,45,15,88
18.3498,35,45,15,88
18.3652,35,45,15,88
18.3800,36,45,15,89
18.3960,36,45,15,89
18.4108,35,46,17,88
18.4306,35,46,17,88
18.4456,35,46,17,88
18.4663,36,46,17,88
18.4832,36,46,17,88
18.4985,36,46,17,88
18.5136,36,46,17,88
18.5321,36,46,17,88
18.5502,36,45,15,89
18.5705,36,45,15,89
18.5928,36,46,17,88
18.6137,36,46,17,88
18.6278,36,46,17,88
18.6436,36,46,17,88
18.6614,36,46,17,88
18.6773,36,46,17,88
18.6906,35,46,17,88
18.7045,35,46,17,88
18.7181,35,46,17,88
18.7336,36,46,17,88
18.7482,36,46,17,88
18.7637,36,46,17,88
18.7782,36,45,15,89
18.7934,36,45,15,89
18.8067,36,45,15,89
18.8236,36,45,15,89
18.8355,36,45,15,89
18.8541,36,45,15,89
18.8680,35,45,15,88
18.8826,35,45,15,88
18.8981,35,45,15,88
18.9137,35,46,17,88
18.9267,35,46,17,88
18.9432,36,46,17,88
18.9611,36,46,17,88
18.9755,36,46,17,88
18.9893,36,46,17,88
19.0035,36,46,17,88
19.0204,36,46,17,88
19.0337,36,46,17,88
19.0458,36,45,17,86
19.0630,36,45,17,86
19.0778,36,46,17,88
19.0955,36,46,17,88
19.1094,36,46,17,88
19.1237,36,45,15,89
19.1380,36,45,15,89
19.1533,36,45,15,89
19.1668,35,45,15,88
19.1822,35,45,15,88
19.1944,35,45,15,88
19.2116,35,45,15,88
19.2253,35,45,15,88
19.2428,35,45,15,88
19.2568,36,45,15,88
19.2735,36,45,15,88
19.2865,36,45,15,88
19.3028,36,46,17,89
19.3201,36,46,17,89
19.3333,36,46,17,89
19.3466,35,45,17,88
19.3661,35,45,17,88
19.3805,35,45,17,88
19.3986,36,46,17,88
19.4126,36,46,17,88
19.4308,36,46,17,88
19.4503,35,45,15,88
19.4655,35,45,15,88
19.4838,36,46,17,88
19.4992,36,46,17,88
19.5157,36,46,17,88
19.5302,36,46,17,89
19.5483,36,46,17,89
19.5676,36,45,15,89
19.5917,36,45,15,89
19.6122,35,46,17,85
19.6316,35,46,17,85
19.6506,36,45,15,85
19.6693,36,45,15,88
19.6901,36,45,15,88
19.7036,36,45,15,89
19.7201,36,45,15,89
19.7346,36,45,15,89
19.7538,36,45,15,89
19.7696,36,45,15,89
19.7833,36,45,15,89
19.7997,36,45,15,89
19.8135,36,45,15,89
19.8272,36,45,15,89
19.8408,35,46,17,88
19.8546,35,46,17,88
19.8725,35,46,17,88
19.8858,36,46,17,88
19.9033,36,46,17,88
19.9170,36,46,17,88
19.9333,36,46,17,89
19.9477,36,46,17,89
19.9632,36,46,17,89
19.9775,36,45,15,89
19.9938,36,45,15,89
20.0096,36,45,15,89
20.0228,36,45,15,89
20.0361,36,45,15,89
20.0532,36,46,15,88
20.0684,36,46,15,88
20.0837,36,46,15,88
20.0970,36,45,15,86
20.1123,36,45,15,86
20.1260,36,45,15,86
20.1431,36,46,17,88
20.1569,36,46,17,88
20.1742,36,46,17,88
20.1888,36,46,17,89
20.2031,36,46,17,89
20.2167,36,46,17,89
20.2335,36,46,17,88
20.2483,36,46,17,88
20.2634,36,46,17,88
20.2778,26,56,28,98
20.2926,26,56,28,98
20.3060,26,56,28,98
20.3233,16,69,43,113
20.3366,16,69,43,113
20.3530,16,69,43,113
20.3685,15,68,43,114
20.3809,15,68,43,114
20.3976,15,68,43,114
20.4117,15,68,43,113
20.4286,15,68,43,113
20.4416,15,68,43,113
20.4566,15,68,43,113
20.4739,15,68,43,113
20.4922,15,68,43,113
20.5067,15,68,42,114
20.5236,15,68,42,114
20.5386,15,68,42,114
20.5545,15,68,42,113
20.5742,15,68,42,113
20.5936,16,69,42,113
20.6142,16,69,42,113
20.6316,15,68,42,113
20.6480,15,68,42,113
20.6615,15,68,42,113
20.6786,16,69,42,113
20.6926,16,69,42,113
20.7092,16,69,42,113
20.7225,15,68,42,113
20.7371,15,68,42,113
20.7518,15,68,42,113
20.7680,15,68,43,113
20.7815,15,68,43,113
20.7978,15,68,43,113
20.8125,16,69,43,113
20.8274,16,69,43,113
20.8404,16,69,43,113
20.8601,16,69,42,113
20.8736,16,69,42,113
20.8887,16,69,42,113
20.9015,16,69,43,113
20.9186,16,69,43,113
20.9336,16,69,43,113
20.9495,15,68,43,114
20.9699,15,68,43,114
20.9837,16,69,43,114
21.0027,16,69,43,114
21.0160,16,69,43,114
21.0321,15,68,43,114
21.0460,15,68,43,114
21.0637,15,68,43,114
21.0771,15,68,43,114
21.0926,15,68,43,114
21.1095,15,68,43,114
21.1242,15,68,43,113
21.1375,15,68,43,113
21.1536,15,68,43,113
21.1675,15,68,43,114
21.1834,15,68,43,114
21.1974,15,68,43,114
21.2126,15,69,43,113
21.2274,15,69,43,113
21.2433,15,69,43,113
21.2563,15,68,43,113
21.2718,15,68,43,113
21.2845,15,68,43,113
21.2999,15,68,43,113
21.3164,15,68,43,113
21.3329,15,68,43,113
21.3469,15,68,43,114
21.3614,15,68,43,114
21.3772,15,68,43,114
21.3920,15,69,43,113
21.4139,15,69,43,113
21.4324,15,68,43,113
21.4469,15,68,43,113
21.4641,15,68,43,113
21.4811,15,68,43,113
21.4956,15,68,43,113
21.5115,15,68,43,113
21.5280,16,69,42,114
21.5466,16,69,42,114
21.5621,16,69,42,114
21.5866,16,69,42,114
21.6035,15,68,43,114
21.6237,15,68,43,114
21.6430,15,68,43,114
21.6570,16,68,42,113
21.6731,16,68,42,113
21.6895,16,68,42,113
21.7029,15,68,42,113
21.7232,15,68,42,113
21.7408,15,68,43,114
21.7555,15,68,43,114
21.7744,15,68,43,114
21.7882,15,68,43,114
21.8037,15,68,43,114
21.8179,15,68,43,114
21.8334,15,69,43,113
21.8457,15,69,43,113
21.8608,15,69,43,113
21.8753,15,68,43,113
21.8903,15,68,43,113
21.9045,15,68,43,113
21.9218,15,68,43,113
21.9355,15,68,43,113
21.9498,15,68,43,113
21.9692,15,68,42,113
21.9833,15,68,42,113
21.9981,15,68,42,113
22.0114,16,68,43,113
22.0301,16,68,43,113
22.0440,16,69,43,114
22.0637,16,69,43,114
22.0777,16,69,43,114
22.0927,16,68,43,114
22.1067,16,68,43,114
22.1247,16,68,43,114
22.1389,16,69,43,113
22.1531,16,69,43,113
22.1675,16,69,43,113
22.1835,16,69,42,113
22.1964,16,69,42,113
22.2127,16,69,42,113
22.2251,15,68,42,113
22.2432,15,68,42,113
22.2562,15,68,42,113
22.2720,18,63,40,112
22.2862,18,63,40,112
22.3030,18,63,40,112
22.3188,30,39,36,95
22.3326,30,39,36,95
22.3505,30,39,36,95
22.3646,30,39,36,95
22.3827,30,39,36,95
22.3973,30,39,36,95
22.4141,31,38,36,97
22.4317,31,38,36,97
22.4464,31,38,36,97
22.4627,31,38,36,97
22.4766,31,38,36,97
22.4915,30,38,35,95
22.5124,30,38,35,95
22.5280,30,38,35,95
22.5448,31,38,36,97
22.5687,31,38,36,97
22.5877,30,39,35,97
22.6028,30,39,35,97
22.6224,30,39,36,95
22.6382,30,39,36,95
22.6535,30,39,36,95
22.6726,30,39,36,95
22.6878,30,39,36,95
22.7032,30,39,36,95
22.7162,30,39,36,95
22.7333,30,39,36,95
22.7471,30,39,36,95
22.7634,30,39,36,95
22.7771,30,39,36,95
22.7922,30,39,36,95
22.8057,31,38,36,97
22.8230,31,38,36,97
22.8370,31,38,36,97
22.8531,31,38,36,97
22.8658,31,38,36,97
22.8829,31,38,36,97
22.8959,28,38,36,95
22.9123,28,38,36,95
22.9260,28,38,36,95
22.9429,31,39,35,97
22.9569,31,39,35,97
22.9735,31,39,35,97
22.9878,31,38,36,97
23.0031,31,38,36,97
23.0180,31,38,36,97
23.0326,31,39,35,97
23.0452,31,39,35,97
23.0619,31,39,35,97
23.0755,30,39,35,95
23.0894,30,39,35,95
23.1033,30,39,35,95
23.1178,31,39,36,95
23.1330,31,39,36,95
23.1486,31,39,36,95
23.1626,30,39,36,97
23.1765,30,39,36,97
23.1945,30,39,36,97
23.2094,30,39,36,97
23.2233,30,39,36,97
23.2380,30,39,36,97
23.2531,30,39,35,95
23.2681,30,39,35,95
23.2818,30,39,35,95
23.2943,31,38,35,97
23.3131,31,38,35,97
23.3264,31,38,35,97
23.3422,30,39,35,97
23.3569,30,39,35,97
23.3743,30,39,35,97
23.3878,30,39,36,95
23.4126,30,39,36,95
23.4331,30,39,35,95
23.4475,30,39,35,95
23.4647,31,39,35,97
23.4803,31,39,35,97
23.4989,31,39,35,97
23.5236,31,38,35,97
23.5413,31,38,35,97
23.5651,30,38,35,95
23.5930,30,38,35,95
23.6130,30,39,35,97
23.6288,30,39,35,97
23.6467,31,39,36,95
23.6613,31,39,36,95
23.6773,31,39,36,95
23.6915,30,39,36,97
23.7078,30,39,36,97
23.7235,30,39,36,97
23.7386,30,39,36,97
23.7522,30,39,36,97
23.7724,30,39,36,97
23.7861,31,38,35,97
23.8035,31,38,35,97
23.8171,31,38,35,97
23.8336,31,38,36,97
23.8483,31,38,36,97
23.8636,31,39,35,97
23.8774,31,39,35,97
23.8919,31,39,35,97
23.9058,31,38,35,97
23.9234,31,38,35,97
23.9364,31,38,35,97
23.9527,30,39,35,97
23.9674,30,39,35,97
23.9842,30,39,35,97
23.9972,30,39,36,95
24.0126,30,39,36,95
24.0270,30,39,36,95
24.0433,30,39,36,95
24.0595,30,39,36,95
24.0751,30,39,36,95
24.0882,30,39,36,95
24.1043,30,39,36,95
24.1182,30,39,36,95
24.1318,30,39,35,95
24.1470,30,39,35,95
24.1633,30,39,35,95
24.1782,28,38,35,97
24.1925,28,38,35,97
24.2045,28,38,35,97
24.2200,30,39,35,97
24.2332,30,39,35,97
24.2497,30,39,35,97
24.2668,30,38,36,97
24.2830,30,38,36,97
24.2966,30,38,36,97
24.3122,24,40,43,98
24.3263,24,40,43,98
24.3432,24,40,43,98
24.3569,24,41,44,98
24.3748,24,41,44,98
24.3908,24,41,44,98
24.4105,24,41,42,99
24.4258,24,41,42,99
24.4420,24,40,43,99
24.4566,24,40,43,99
24.4730,24,40,43,99
24.4886,24,41,43,99
24.5037,24,41,43,99
24.5218,24,41,43,99
24.5368,24,41,43,98
24.5505,24,41,43,98
24.5752,23,40,45,98
24.5976,23,40,45,98
24.6095,23,40,45,98
24.6234,24,41,43,99
24.6433,24,41,43,99
24.6596,24,40,43,99
24.6765,24,40,43,99
24.6918,24,40,43,99
24.7116,23,41,44,98
24.7320,23,41,44,98
24.7453,23,41,44,98
24.7632,23,40,43,98
24.7775,23,40,43,98
24.7932,23,40,43,98
24.8062,24,41,42,98
24.8228,24,41,42,98
24.8376,24,40,42,99
24.8551,24,40,42,99
24.8701,24,40,42,99
24.8841,23,41,45,99
24.8986,23,41,45,99
24.9133,23,41,45,99
24.9294,24,41,42,99
24.9430,24,41,42,99
24.9593,24,41,42,99
24.9740,24,41,42,99
24.9874,24,41,42,99
25.0011,24,41,42,99
25.0216,23,41,42,99
25.0351,23,41,42,99
25.0533,23,41,42,99
25.0673,24,40,45,99
25.0817,24,40,45,99
25.0986,24,40,45,99
25.1130,23,41,42,99
25.1262,23,41,42,99
25.1437,23,41,42,99
25.1573,24,41,42,99
25.1747,24,41,42,99
25.1885,24,41,42,99
25.2037,23,41,44,98
25.2175,23,41,44,98
25.2349,23,41,44,98
25.2485,23,41,42,99
25.2626,23,41,42,99
25.2786,23,41,42,99
25.2927,24,41,42,98
25.3058,24,41,42,98
25.3230,24,41,42,98
25.3370,23,40,43,98
25.3545,23,40,43,98
25.3712,23,40,43,98
25.3908,23,40,43,98
25.4113,23,40,43,98
25.4281,24,41,43,98
25.4423,24,41,43,98
25.4587,23,40,43,98
25.4746,23,40,43,98
25.4870,23,40,43,98
25.5049,24,41,44,98
25.5214,24,41,44,98
25.5361,24,41,44,98
25.5507,24,40,45,99
25.5748,24,40,45,99
25.5945,23,41,44,98
25.6096,23,41,44,98
25.6316,23,41,44,98
25.6512,24,41,42,99
25.6646,24,41,42,99
25.6836,24,40,43,99
25.6980,24,40,43,99
25.7127,24,40,43,99
25.7257,24,41,45,99
25.7420,24,41,45,99
25.7542,24,41,45,99
25.7713,23,41,42,99
25.7845,23,41,42,99
25.8001,23,41,42,99
25.8167,24,41,42,98
25.8365,24,41,42,98
25.8505,24,41,42,98
25.8681,24,41,44,99
25.8827,24,41,44,99
25.8978,24,41,44,99
25.9107,23,41,44,98
25.9266,23,41,44,98
25.9403,23,41,44,98
25.9544,23,41,42,99
25.9676,23,41,42,99
25.9827,23,41,42,99
25.9964,24,40,43,98
26.0131,24,40,43,98
26.0265,24,40,43,98
26.0417,24,41,42,99
26.0554,24,41,42,99
26.0726,24,41,42,99
26.0863,24,41,44,99
26.1033,24,41,44,99
26.1163,24,41,44,99
26.1327,24,40,43,99
26.1478,24,40,43,99
26.1625,24,40,43,99
26.1771,23,40,43,99
26.1927,23,40,43,99
26.2061,23,40,43,99
26.2233,24,41,43,99
26.2354,24,41,43,99
26.2487,24,41,43,99
26.2638,24,41,43,99
26.2773,24,41,43,99
26.2938,24,41,43,99
26.3061,23,66,25,102
26.3228,23,66,25,102
26.3362,23,66,25,102
26.3516,24,71,21,102
26.3667,24,71,21,102
26.3829,24,71,21,102
26.3971,23,70,21,100
26.4160,23,70,21,100
26.4325,24,71,21,102
26.4485,24,71,21,102
26.4634,24,71,21,102
26.4818,24,71,21,100
26.5000,24,71,21,100
26.5143,24,71,21,100
26.5327,23,71,21,102
26.5453,23,71,21,102
26.5667,24,71,21,102
26.5853,24,71,21,102
26.6028,24,71,21,102
26.6198,24,71,21,102
26.6336,24,71,21,102
26.6517,24,71,21,102
26.6672,24,71,21,100
26.6843,24,71,21,100
26.6975,24,71,21,100
26.7121,23,70,21,100
26.7271,23,70,21,100
26.7433,23,70,21,100
26.7573,23,70,21,102
26.7734,23,70,21,102
26.7873,24,70,21,100
26.8031,24,70,21,100
26.8168,24,70,21,100
26.8345,24,70,21,102
26.8484,24,70,21,102
26.8634,24,70,21,102
26.8773,23,70,20,100
26.8915,23,70,20,100
26.9056,23,70,20,100
26.9230,23,70,21,102
26.9370,23,70,21,102
26.9551,23,70,21,102
26.9705,24,70,21,102
26.9842,24,70,21,102
26.9980,24,70,21,102
27.0126,23,71,21,102
27.0268,23,71,21,102
27.0430,23,71,21,102
27.0570,24,70,20,102
27.0724,24,70,20,102
27.0867,24,70,20,102
27.1028,24,70,20,100
27.1165,24,70,20,100
27.1323,24,70,20,100
27.1472,23,71,21,102
27.1631,23,71,21,102
27.1771,23,71,21,102
27.1926,24,70,20,102
27.2055,24,70,20,102
27.2233,24,70,20,102
27.2367,23,70,21,100
27.2526,23,70,21,100
27.2665,23,70,21,100
27.2828,24,71,21,102
27.2964,24,71,21,102
27.3135,24,71,21,102
27.3266,24,71,21,100
27.3429,24,71,21,100
27.3577,24,71,21,100
27.3781,24,71,21,100
27.3931,24,71,21,100
27.4121,24,71,21,100
27.4269,24,71,21,100
27.4431,24,71,21,100
27.4631,23,70,20,100
27.4793,23,70,20,100
27.4927,23,70,20,100
27.5148,24,71,21,100
27.5334,24,71,21,100
27.5488,24,71,21,102
27.5673,24,71,21,102
27.5911,24,71,21,100
27.6062,24,71,21,100
27.6231,24,71,21,100
27.6391,24,71,21,102
27.6533,24,71,21,102
27.6683,24,71,21,102
27.6838,24,71,21,100
27.6986,24,71,21,100
27.7148,24,71,21,100
27.7285,24,70,20,102
27.7428,24,70,20,102
27.7609,24,70,20,102
27.7749,23,70,20,100
27.7886,23,70,20,100
27.8026,23,70,20,100
27.8187,23,71,21,102
27.8355,23,71,21,102
27.8487,23,71,21,102
27.8624,24,71,20,100
27.8787,24,71,20,100
27.8947,24,70,20,102
27.9107,24,70,20,102
27.9235,24,70,20,102
27.9378,24,70,20,102
27.9530,24,70,21,100
27.9705,24,70,21,100
27.9836,24,70,21,100
27.9971,24,70,21,102
28.0119,24,70,21,102
28.0258,24,71,20,102
28.0432,24,71,20,102
28.0571,24,71,20,102
28.0727,23,71,21,102
28.0874,23,71,21,102
28.1030,23,71,21,102
28.1163,24,70,20,102
28.1323,24,70,20,102
28.1491,24,70,20,102
28.1628,24,70,20,100
28.1759,24,70,20,100
28.1929,24,70,20,100
28.2069,23,71,21,102
28.2225,23,71,21,102
28.2375,23,71,21,102
28.2521,24,70,20,102
28.2686,24,70,20,102
28.2826,24,70,20,102
28.2957,25,63,24,104
28.3139,25,63,24,104
28.3293,25,63,24,104
28.3433,25,58,29,104
28.3598,25,58,29,104
28.3785,25,58,29,104
28.3942,26,58,30,104
28.4117,26,58,30,104
28.4287,25,58,30,103
28.4425,25,58,30,103
28.4646,25,58,30,103
28.4805,26,59,30,104
28.5014,26,59,30,104
28.5177,25,58,30,104
28.5347,25,58,30,104
28.5476,25,58,30,104
28.5687,25,58,30,104
28.5942,25,58,30,104
28.6115,26,59,30,103
28.6238,26,59,30,103
28.6400,26,59,30,103
28.6552,25,59,29,104
28.6726,25,59,29,104
28.6855,25,59,29,104
28.7016,25,58,29,103
28.7188,25,58,29,103
28.7340,25,58,29,103
28.7476,25,58,29,103
28.7613,25,58,29,103
28.7786,25,58,29,103
28.7925,26,58,30,104
28.8091,26,58,30,104
28.8224,26,58,30,104
28.8382,25,58,30,104
28.8531,25,58,30,104
28.8688,25,58,30,104
28.8836,25,58,30,104
28.8994,25,58,30,104
28.9115,25,58,30,104
28.9294,26,59,30,104
28.9425,26,59,30,104
28.9626,26,59,30,103
28.9786,26,59,30,103
28.9927,26,59,30,103
29.0064,25,59,29,104
29.0214,25,59,29,104
29.0352,25,59,29,104
29.0525,25,58,29,103
29.0661,25,58,29,103
29.0828,25,58,29,103
29.0966,25,58,29,103
29.1141,25,58,29,103
29.1276,25,58,29,103
29.1434,25,58,29,103
29.1588,25,58,29,103
29.1724,25,58,29,103
29.1862,26,59,29,103
29.2013,26,59,29,103
29.2176,26,59,29,103
29.2325,26,59,29,103
29.2458,26,59,29,103
29.2618,26,59,29,103
29.2772,25,58,30,103
29.2925,25,58,30,103
29.3058,25,58,30,103
29.3226,25,58,29,103
29.3358,25,58,29,103
29.3525,25,58,29,103
29.3652,25,58,30,104
29.3826,25,58,30,104
29.4113,25,58,30,103
29.4289,25,58,30,103
29.4448,25,58,30,103
29.4618,25,58,30,104
29.4787,25,58,30,104
29.4926,26,59,30,104
29.5138,26,59,30,104
29.5306,26,59,30,104
29.5461,26,59,30,103
29.5705,26,59,30,103
29.5921,26,59,30,103
29.6110,26,59,30,103
29.6282,25,58,30,104
29.6500,25,58,30,104
29.6647,25,58,30,104
29.6815,25,58,30,103
29.6970,25,58,30,103
29.7130,25,58,30,103
29.7266,25,58,30,103
29.7415,25,58,30,103
29.7603,25,58,30,103
29.7745,25,58,30,103
29.7879,25,58,30,103
29.8015,25,58,30,103
29.8171,25,58,30,103
29.8334,25,58,30,103
29.8477,25,58,30,103
29.8637,25,58,30,103
29.8768,25,58,30,103
29.8929,25,58,30,103
29.9063,25,58,30,103
29.9231,25,58,30,103
29.9369,25,58,29,104
29.9546,25,58,29,104
29.9705,25,58,29,104
29.9841,25,59,29,103
29.9990,25,59,29,103
30.0127,25,59,29,103
30.0257,26,59,29,103
30.0414,26,59,29,103
30.0554,26,59,29,103
30.0726,25,58,29,103
30.0864,25,58,29,103
30.1030,25,58,29,103
30.1175,26,59,29,103
30.1326,26,59,29,103
30.1463,26,59,29,103
30.1617,25,58,30,104
30.1765,25,58,30,104
30.1926,25,58,30,104
30.2057,25,58,30,104
30.2232,25,58,30,104
30.2365,25,58,30,104
30.2527,25,58,30,104
30.2689,25,58,30,104
30.2827,25,58,30,104
30.2975,30,49,22,93
30.3135,30,49,22,93
30.3266,30,49,22,93
30.3436,38,36,14,79
30.3567,38,36,14,79
30.3733,38,36,14,79
30.3886,39,35,13,78
30.4128,39,35,13,78
30.4310,39,35,13,78
30.4452,39,35,13,78
30.4605,39,35,13,78
30.4817,39,35,13,78
30.5017,39,35,13,78
30.5175,38,35,13,78
30.5338,38,35,13,78
30.5486,38,35,13,78
30.5713,39,36,14,79
30.5929,39,36,14,79
30.6094,38,35,13,78
30.6242,38,35,13,78
30.6405,38,36,13,78
30.6623,38,36,14,79
30.6830,38,36,14,79
30.6960,39,35,13,78
30.7141,39,35,13,78
30.7283,39,35,13,78
30.7431,38,35,13,78
30.7574,38,35,13,78
30.7739,38,35,13,78
30.7877,39,36,14,79
30.8027,39,36,14,79
30.8147,39,36,14,79
30.8343,38,35,13,78
30.8484,38,35,13,78
30.8639,38,35,13,78
30.8770,38,36,14,79
30.8906,38,36,14,79
30.9074,38,36,14,79
30.9220,39,35,13,78
30.9371,39,35,13,78
30.9504,38,35,13,78
30.9723,38,35,13,78
30.9895,38,35,13,78
31.0033,38,36,13,78
31.0194,38,36,13,78
31.0334,38,36,13,78
31.0494,39,35,13,78
31.0629,39,35,13,78
31.0803,39,35,13,78
31.0942,38,36,14,79
31.1126,38,36,14,79
31.1257,38,36,14,79
31.1391,39,35,13,78
31.1530,39,35,13,78
31.1680,39,35,13,78
31.1824,38,35,13,78
31.1965,38,35,13,78
31.2117,38,35,13,78
31.2269,39,36,14,79
31.2424,39,36,14,79
31.2554,39,36,14,79
31.2727,38,35,13,78
31.2865,38,35,13,78
31.3002,38,35,13,78
31.3154,38,36,14,78
31.3292,38,36,14,78
31.3446,38,36,14,78
31.3600,39,36,13,78
31.3767,39,36,13,78
31.3919,39,36,13,78
31.4109,39,35,13,78
31.4298,39,35,13,78
31.4440,39,36,14,79
31.4644,39,36,14,79
31.4792,39,36,14,79
31.4941,38,35,13,78
31.5105,38,35,13,78
31.5324,38,36,14,79
31.5495,38,36,14,79
31.5681,38,36,14,79
31.5894,39,35,13,78
31.6038,39,35,13,78
31.6234,39,36,14,79
31.6384,39,36,14,79
31.6556,39,36,14,79
31.6728,38,35,13,78
31.6890,38,35,13,78
31.7022,38,35,13,78
31.7207,38,36,14,79
31.7348,38,36,14,79
31.7525,39,35,13,79
31.7662,39,35,13,78
31.7842,39,35,13,78
31.7962,39,35,13,78
31.8125,39,35,13,78
31.8268,39,35,13,78
31.8453,39,35,13,78
31.8610,39,35,13,78
31.8761,39,35,13,78
31.8900,39,36,14,79
31.9060,39,36,14,79
31.9223,39,36,14,79
31.9375,38,35,13,78
31.9531,38,35,13,78
31.9735,38,36,14,78
31.9925,38,36,14,78
32.0058,38,36,14,78
32.0226,39,36,13,78
32.0364,39,36,13,78
32.0556,39,36,13,78
32.0696,39,35,13,78
32.0861,39,35,13,78
32.0995,39,35,13,78
32.1133,39,36,13,79
32.1268,39,36,13,79
32.1421,39,36,13,79
32.1549,39,33,13,78
32.1723,39,33,13,78
32.1868,39,33,13,78
32.2027,38,36,13,78
32.2183,38,36,13,78
32.2325,38,36,13,78
32.2456,39,34,13,79
32.2636,39,34,13,79
32.2767,39,34,13,79
32.2932,33,40,17,84
32.3068,33,40,17,84
32.3220,33,40,17,84
32.3360,15,76,22,98
32.3529,15,76,22,98
32.3666,15,76,22,98
32.3823,16,75,23,99
32.3986,16,75,23,99
32.4131,16,75,23,99
32.4276,16,76,22,98
32.4446,16,76,22,98
32.4567,15,73,22,99
32.4778,15,73,22,99
32.4896,15,73,22,99
32.5062,16,74,22,98
32.5219,16,74,22,98
32.5385,16,74,22,98
32.5544,15,73,22,98
32.5839,15,73,22,98
32.6040,16,75,22,98
32.6218,16,75,22,98
32.6391,15,75,22,98
32.6535,15,75,22,98
32.6661,15,75,22,98
32.6813,15,75,22,98
32.6953,16,76,22,99
32.7127,16,76,22,99
32.7265,15,75,23,98
32.7427,15,75,23,98
32.7565,15,75,23,98
32.7736,15,73,22,99
32.7865,15,73,22,99
32.8027,15,73,22,99
32.8187,16,76,22,98
32.8332,16,76,22,98
32.8475,16,76,22,98
32.8632,16,74,23,98
32.8764,16,74,23,98
32.8937,16,74,23,98
32.9092,15,75,23,99
32.9276,15,75,23,99
32.9415,15,75,23,99
32.9562,16,75,23,98
32.9725,16,75,23,98
32.9889,16,75,23,98
33.0025,16,75,22,98
33.0191,16,75,22,98
33.0326,16,75,22,98
33.0494,15,73,23,99
33.0637,15,73,23,99
33.0793,15,73,23,99
33.0938,15,75,23,99
33.1111,15,75,23,99
33.1261,15,75,23,99
33.1425,15,75,23,99
33.1563,15,75,23,99
33.1727,16,76,22,98
33.1864,16,76,22,98
33.2032,16,76,22,98
33.2163,16,73,22,98
33.2330,16,73,22,98
33.2475,16,73,22,98
33.2632,16,74,22,98
33.2776,16,74,22,98
33.2917,16,74,22,98
33.3072,16,74,22,98
33.3227,16,74,22,98
33.3360,16,74,22,98
33.3529,16,74,22,98
33.3698,16,74,22,98
33.3856,16,74,22,98
33.4118,15,73,22,98
33.4286,15,73,22,98
33.4436,15,73,22,98
33.4570,15,73,22,98
33.4765,15,73,22,98
33.4921,16,73,22,99
33.5136,16,73,22,99
33.5312,16,73,23,98
33.5483,16,73,23,98
33.5684,16,76,22,99
33.5932,16,76,22,99
33.6103,16,76,22,99
33.6280,16,76,22,98
33.6439,16,76,22,98
33.6628,15,75,22,98
33.6787,15,75,22,98
33.6944,15,75,22,98
33.7094,16,74,22,98
33.7233,16,74,22,98
33.7393,16,74,22,98
33.7527,15,73,23,98
33.7660,15,73,23,98
33.7821,15,73,23,98
33.7955,15,73,23,98
33.8130,15,73,23,98
33.8265,15,73,23,98
33.8456,16,74,22,99
33.8594,16,74,22,99
33.8731,16,74,22,99
33.8881,15,75,23,99
33.9017,15,75,23,99
33.9202,15,75,23,99
33.9345,15,73,23,99
33.9523,15,73,23,99
33.9678,15,73,22,98
33.9848,15,73,22,98
33.9986,15,73,22,98
34.0123,16,73,22,98
34.0254,16,74,22,98
34.0426,16,74,22,98
34.0565,16,73,23,98
34.0724,16,73,23,98
34.0864,16,73,23,98
34.1025,15,73,22,99
34.1190,15,73,22,99
34.1323,15,73,22,99
34.1467,15,73,22,98
34.1617,15,73,22,98
34.1754,15,73,22,98
34.1920,16,73,23,98
34.2051,16,73,23,98
34.2200,16,73,23,98
34.2367,15,73,22,99
34.2505,15,73,22,99
34.2644,15,73,22,99
34.2777,16,74,22,99
34.2917,16,74,22,99
34.3064,16,74,22,99
34.3223,15,41,51,99
34.3363,15,41,51,99
34.3530,15,41,51,99
34.3717,16,40,51,98
34.3870,16,40,51,98
34.4099,15,40,51,99
34.4294,15,40,51,99
34.4453,15,40,51,99
34.4627,16,41,52,98
34.4823,16,41,52,98
34.4999,16,41,52,98
34.5130,15,40,52,99
34.5335,15,40,52,99
34.5473,16,41,51,98
34.5715,16,41,51,98
34.5981,15,40,52,99
34.6124,15,40,52,99
34.6302,15,40,52,99
34.6495,15,40,52,99
34.6674,15,40,52,99
34.6835,15,40,52,99
34.6970,15,40,52,99
34.7138,15,40,52,99
34.7283,16,41,52,98
34.7423,16,41,52,98
34.7557,16,41,52,98
34.7717,16,41,52,99
34.7857,16,41,52,99
34.8023,16,41,52,99
34.8157,16,41,52,99
34.8313,16,41,52,99
34.8457,16,41,52,99
34.8644,16,41,52,99
34.8772,16,41,52,99
34.8913,16,41,52,99
34.9058,16,41,52,99
34.9223,16,41,52,99
34.9383,16,41,52,99
34.9528,16,41,52,98
34.9696,16,41,52,98
34.9833,16,41,52,98
34.9969,15,40,52,99
35.0137,15,40,52,99
35.0281,15,40,52,99
35.0423,16,41,51,99
35.0567,16,41,51,99
35.0721,16,41,51,99
35.0849,15,41,51,99
35.1022,15,41,51,99
35.1155,15,41,51,99
35.1311,16,40,51,98
35.1455,16,40,51,98
35.1635,16,40,51,98
35.1768,15,40,51,99
35.1919,15,40,51,99
35.2043,15,40,51,99
35.2198,16,41,52,98
35.2338,16,41,52,98
35.2495,16,41,52,98
35.2632,15,40,52,99
35.2796,15,40,52,99
35.2927,15,40,52,99
35.3097,15,40,51,98
35.3256,15,40,51,98
35.3431,15,40,51,98
35.3597,15,40,51,98
35.3756,15,40,51,98
35.3916,15,40,51,99
35.4105,15,40,51,99
35.4309,16,41,51,98
35.4482,16,41,51,98
35.4637,16,41,51,98
35.4796,16,41,51,99
35.4945,16,41,51,99
35.5115,16,41,51,99
35.5281,14,41,52,99
35.5440,14,41,52,99
35.5673,15,40,52,99
35.5908,15,40,52,99
35.6040,15,40,52,99
35.6217,15,40,51,99
35.6346,15,40,51,99
35.6489,15,40,52,99
35.6702,15,40,52,99
35.6838,15,40,52,99
35.6994,15,40,51,99
35.7112,15,40,51,99
35.7304,15,40,51,99
35.7435,16,41,52,98
35.7615,16,41,52,98
35.7790,16,41,52,98
35.7924,15,40,52,99
35.8090,15,40,52,99
35.8224,15,40,52,99
35.8392,16,41,51,99
35.8536,16,41,51,99
35.8723,16,41,51,99
35.8853,16,40,52,99
35.9010,16,40,52,99
35.9153,15,40,52,98
35.9325,15,40,52,98
35.9460,15,40,52,98
35.9616,15,40,52,98
35.9760,15,40,52,98
35.9923,15,40,52,98
36.0061,15,40,52,98
36.0222,15,40,52,98
36.0361,15,40,52,98
36.0522,15,40,52,98
36.0658,15,40,52,98
36.0827,15,40,52,98
36.0959,15,40,52,98
36.1145,15,40,52,98
36.1285,15,40,52,98
36.1442,15,40,52,98
36.1594,15,40,52,98
36.1726,15,40,52,98
36.1856,15,40,52,98
36.2022,15,40,52,98
36.2175,15,40,52,98
36.2345,16,41,52,98
36.2483,16,41,52,98
36.2658,16,41,52,98
36.2793,15,40,51,99
36.2925,15,40,51,99
36.3061,15,40,51,99
36.3228,29,53,23,97
36.3361,29,53,23,97
36.3530,29,53,23,97
36.3687,34,56,19,97
36.3827,34,56,19,97
36.3986,34,56,19,97
36.4139,30,56,18,95
36.4301,30,56,18,95
36.4448,30,56,18,95
36.4654,30,55,19,95
36.4810,30,55,19,95
36.5009,31,56,19,95
36.5151,31,56,19,95
36.5328,31,56,19,95
36.5467,33,55,18,97
36.5671,33,55,18,97
36.5916,30,55,18,97
36.6048,30,55,18,97
36.6207,30,55,18,97
36.6400,31,55,19,97
36.6623,31,55,19,97
36.6768,31,56,19,97
36.6924,31,56,19,97
36.7065,31,56,19,97
36.7221,31,56,19,95
36.7366,31,56,19,95
36.7508,31,56,19,95
36.7654,31,55,19,97
36.7821,31,55,19,97
36.7951,31,55,19,97
36.8116,31,56,19,97
36.8254,31,56,19,97
36.8441,31,56,19,97
36.8594,30,56,18,97
36.8757,30,56,18,97
36.8904,30,56,18,97
36.9040,30,56,18,97
36.9173,30,56,18,97
36.9327,30,56,18,97
36.9465,30,56,18,97
36.9639,30,56,18,97
36.9788,30,56,18,97
36.9927,30,56,19,95
37.0095,30,56,19,95
37.0236,30,56,19,95
37.0376,30,56,19,97
37.0518,30,56,19,97
37.0670,30,56,19,97
37.0824,30,55,19,95
37.0961,30,55,19,95
37.1124,30,55,19,95
37.1263,31,55,18,97
37.1401,31,55,18,97
37.1561,31,55,18,97
37.1711,30,56,19,95
37.1896,30,56,19,95
37.2035,30,56,18,97
37.2196,30,56,18,97
37.2327,30,56,18,97
37.2490,31,55,19,97
37.2628,31,55,19,97
37.2790,31,55,19,97
37.2923,31,55,19,97
37.3110,31,56,18,95
37.3247,31,56,18,95
37.3442,31,55,19,95
37.3575,31,55,19,95
37.3746,31,55,19,95
37.3901,34,55,18,95
37.4106,34,55,18,95
37.4300,30,55,19,95
37.4484,30,55,19,95
37.4656,30,55,19,95
37.4800,31,55,18,97
37.4989,31,55,18,97
37.5139,30,56,19,95
37.5291,30,56,19,95
37.5447,30,56,19,95
37.5691,31,55,18,97
37.5910,31,55,18,97
37.6054,30,56,18,95
37.6216,30,56,18,95
37.6359,30,56,18,95
37.6540,30,55,19,95
37.6675,30,55,19,95
37.6827,30,55,19,95
37.6949,31,56,19,95
37.7122,31,56,19,95
37.7254,31,56,19,95
37.7410,30,56,18,97
37.7547,30,56,18,97
37.7722,30,56,18,97
37.7855,30,56,19,95
37.8010,30,56,19,95
37.8168,30,56,19,95
37.8324,30,56,19,95
37.8482,30,56,19,95
37.8621,30,56,19,95
37.8743,30,56,19,95
37.8921,30,56,19,95
37.9077,30,56,19,95
37.9235,30,56,19,95
37.9368,30,56,19,95
37.9538,30,56,19,95
37.9696,31,56,19,97
37.9907,31,56,19,97
38.0054,31,56,19,97
38.0228,31,56,19,97
38.0365,31,56,19,97
38.0507,31,55,19,97
38.0703,31,55,19,97
38.0843,31,55,19,97
38.0977,30,55,19,95
38.1130,30,55,19,95
38.1265,30,55,19,95
38.1426,31,56,19,95
38.1557,31,56,19,95
38.1710,31,56,19,95
38.1851,34,55,18,97
38.2025,34,55,18,97
38.2176,34,55,18,97
38.2316,34,56,18,97
38.2464,34,56,18,97
38.2627,34,56,18,97
38.2762,31,56,19,97
38.2916,31,56,19,97
38.3042,31,56,19,97
38.3211,33,49,15,92
38.3346,33,49,15,92
38.3480,33,49,15,92
38.3653,35,45,15,85
38.3813,35,45,15,85
38.3980,36,46,17,85
38.4202,36,46,17,85
38.4397,36,46,17,85
38.4532,35,45,15,86
38.4676,35,45,15,86
38.4832,35,45,15,86
38.5017,36,46,17,86
38.5199,36,46,17,86
38.5395,36,46,17,85
38.5542,36,46,17,85
38.5827,36,46,17,86
38.6026,36,46,17,86
38.6149,36,46,17,86
38.6336,36,46,17,85
38.6501,36,46,17,85
38.6711,36,46,15,86
38.6890,36,46,15,86
38.7022,36,46,15,86
38.7207,35,45,15,86
38.7361,35,45,15,86
38.7534,35,45,15,86
38.7671,36,46,17,86
38.7840,36,46,17,86
38.7972,36,46,17,86
38.8108,36,46,17,85
38.8270,36,46,17,85
38.8403,36,46,17,85
38.8607,36,46,17,86
38.8734,36,46,17,86
38.8890,36,46,17,88
38.9036,36,46,17,88
38.9207,36,46,17,88
38.9350,36,46,17,86
38.9526,36,46,17,86
38.9660,36,46,17,86
38.9831,35,45,15,85
38.9945,35,45,15,85
39.0145,35,45,15,85
39.0280,36,46,17,85
39.0437,36,46,17,85
39.0596,36,46,17,85
39.0737,35,45,15,86
39.0885,35,45,15,86
39.1022,35,45,15,86
39.1181,36,46,17,85
39.1344,36,46,17,85
39.1481,36,46,17,85
39.1622,36,46,17,85
39.1768,36,46,17,85
39.1926,36,46,17,85
39.2075,36,46,15,86
39.2233,36,46,15,86
39.2354,36,46,15,86
39.2523,35,45,15,86
39.2653,35,45,15,86
39.2809,35,45,15,86
39.2966,36,46,17,85
39.3129,36,46,17,85
39.3265,36,46,17,85
39.3422,36,46,15,86
39.3568,36,46,15,86
39.3732,36,46,15,86
39.3913,36,45,15,85
39.4049,36,45,15,85
39.4228,36,46,17,85
39.4385,36,46,17,85
39.4531,36,46,17,85
39.4678,35,45,17,86
39.4868,35,45,17,86
39.5005,35,45,17,86
39.5184,35,45,15,86
39.5328,35,45,15,86
39.5506,36,46,17,85
39.5699,36,46,17,85
39.5960,36,46,17,86
39.6118,36,46,17,86
39.6320,36,46,17,86
39.6498,35,46,17,85
39.6665,35,46,17,85
39.6817,35,46,17,85
39.6962,36,46,17,85
39.7119,36,46,17,85
39.7250,36,46,17,85
39.7415,36,45,15,86
39.7554,36,45,15,86
39.7721,36,45,15,86
39.7851,36,45,15,86
39.8016,36,45,15,86
39.8151,36,45,15,86
39.8320,36,46,17,85
39.8453,36,46,17,85
39.8627,36,46,17,85
39.8764,35,45,17,86
39.8935,35,45,17,86
39.9066,35,45,15,86
39.9217,35,45,15,86
39.9349,35,45,15,86
39.9519,35,45,15,86
39.9653,36,46,17,85
39.9825,36,46,17,85
39.9965,36,46,17,86
40.0135,36,46,17,86
40.0271,36,46,17,86
40.0413,36,46,17,85
40.0562,36,46,17,85
40.0719,36,46,17,85
40.0858,36,46,15,86
40.1011,36,46,15,86
40.1148,36,46,15,86
40.1326,35,45,15,86
40.1471,35,45,15,86
40.1636,35,45,15,86
40.1772,36,46,17,85
40.1922,36,46,17,85
40.2059,36,46,17,85
40.2210,36,46,17,86
40.2348,36,46,17,86
40.2521,36,46,17,86
40.2658,35,46,17,85
40.2816,35,46,17,85
40.2956,35,46,17,85
40.3133,26,54,26,97
40.3267,26,54,26,97
40.3435,26,54,26,97
40.3600,16,68,43,113
40.3791,16,68,43,113
40.3931,16,68,43,113
40.4117,16,69,43,114
40.4273,16,69,43,114
40.4421,16,68,43,114
40.4556,16,68,43,114
40.4723,16,68,43,114
40.4883,16,69,43,113
40.5020,16,69,43,113
40.5249,16,69,43,113
40.5418,16,69,42,113
40.5570,16,69,42,113
40.5854,15,68,42,110
40.6009,15,68,42,110
40.6179,15,69,42,114
40.6352,15,69,42,114
40.6503,15,69,42,114
40.6696,15,68,43,113
40.6901,15,68,43,113
40.7031,15,68,43,113
40.7187,16,69,42,113
40.7341,16,69,42,113
40.7518,15,68,43,113
40.7665,15,68,43,113
40.7815,15,68,43,113
40.7953,15,68,43,113
40.8135,15,68,43,113
40.8267,15,68,43,113
40.8416,16,69,42,112
40.8544,16,69,42,112
40.8718,16,69,42,112
40.8861,15,68,43,113
40.9008,15,68,43,113
40.9127,15,68,43,113
40.9291,15,68,43,113
40.9427,15,68,43,113
40.9616,15,68,43,113
40.9776,16,69,42,114
40.9924,16,69,42,114
41.0093,16,69,42,114
41.0227,16,69,43,114
41.0398,16,69,43,114
41.0611,16,69,43,114
41.0752,16,69,43,114
41.0906,16,69,43,114
41.1049,16,68,42,114
41.1224,16,68,42,114
41.1354,16,68,42,114
41.1508,15,68,42,113
41.1641,15,68,42,113
41.1827,15,68,42,113
41.1960,15,68,43,113
41.2094,15,68,43,113
41.2238,15,68,43,113
41.2364,15,68,43,114
41.2523,15,68,43,114
41.2701,15,68,43,114
41.2839,15,69,43,113
41.2964,15,69,43,113
41.3122,15,69,43,113
41.3252,15,68,43,113
41.3426,15,68,43,113
41.3572,15,68,43,113
41.3806,15,68,43,110
41.3926,15,68,43,110
41.4116,15,68,43,113
41.4303,15,68,43,113
41.4429,15,68,43,113
41.4564,15,68,43,113
41.4729,15,68,42,113
41.4909,15,68,42,113
41.5062,15,68,43,113
41.5187,15,68,43,113
41.5395,15,68,43,113
41.5522,16,69,43,113
41.5734,16,69,43,113
41.5938,15,68,43,114
41.6116,15,68,43,114
41.6272,15,68,43,114
41.6409,16,69,43,114
41.6622,16,69,43,114
41.6806,16,69,43,114
41.6945,16,69,42,114
41.7115,16,69,42,114
41.7268,16,69,43,114
41.7419,16,69,43,114
41.7557,16,69,43,114
41.7710,16,69,43,113
41.7858,16,69,43,113
41.8019,16,69,43,113
41.8167,15,68,42,114
41.8313,15,68,42,114
41.8468,15,68,42,114
41.8627,16,68,43,114
41.8757,16,68,43,114
41.8920,16,68,43,114
41.9069,16,69,43,113
41.9224,16,69,43,113
41.9355,16,69,43,113
41.9520,15,68,43,114
41.9644,15,68,43,114
41.9843,15,68,43,114
41.9981,15,68,43,113
42.0121,15,68,43,113
42.0254,15,68,43,113
42.0423,16,68,42,113
42.0553,16,68,42,113
42.0718,16,68,42,113
42.0866,16,69,41,112
42.1041,16,69,41,112
42.1178,16,69,41,112
42.1341,15,68,42,114
42.1483,15,68,42,114
42.1622,15,68,42,114
42.1761,16,69,42,113
42.1910,16,69,42,113
42.2050,16,69,42,113
42.2225,15,65,40,110
42.2355,15,65,40,110
42.2508,15,65,40,110
42.2676,15,68,42,113
42.2822,15,68,42,113
42.2955,15,68,42,113
42.3116,19,60,41,109
42.3239,19,60,41,109
42.3422,19,60,41,109
42.3562,29,38,35,97
42.3747,29,38,35,97
42.3905,31,38,35,95
42.4131,31,38,35,95
42.4310,31,38,35,95
42.4463,31,38,36,97
42.4628,31,38,36,97
42.4791,31,39,35,97
42.4956,31,39,35,97
42.5119,31,39,35,97
42.5294,29,38,36,95
42.5424,29,38,36,95
42.5686,31,38,36,97
42.5907,31,38,36,97
42.6053,31,38,36,97
42.6218,29,38,36,97
42.6416,29,38,36,97
42.6556,31,38,35,97
42.6738,31,38,35,97
42.6902,31,38,35,97
42.7034,30,38,34,97
42.7215,30,38,34,97
42.7346,30,38,34,97
42.7513,28,39,35,97
42.7652,28,39,35,97
42.7820,28,39,35,97
42.7960,31,39,35,97
42.8116,31,39,35,97
42.8279,31,39,35,97
42.8422,29,38,36,97
42.8551,29,38,36,97
42.8725,29,38,36,97
42.8857,30,39,35,97
42.9032,30,39,35,97
42.9164,30,39,35,97
42.9311,28,39,35,97
42.9470,28,39,35,97
42.9618,28,39,35,97
42.9761,29,39,36,95
42.9910,29,39,36,95
43.0046,29,39,36,95
43.0232,30,39,36,95
43.0370,30,39,36,95
43.0527,30,39,36,95
43.0686,31,38,35,97
43.0846,31,38,35,97
43.0995,31,38,35,97
43.1131,29,38,35,95
43.1297,29,38,35,95
43.1443,29,38,36,95
43.1619,29,38,36,95
43.1756,29,38,36,95
43.1908,29,39,36,95
43.2046,29,39,36,95
43.2216,29,39,36,95
43.2346,31,38,35,97
43.2508,31,38,35,97
43.2680,31,38,35,97
43.2820,28,38,36,97
43.2968,28,38,36,97
43.3115,28,38,36,97
43.3244,30,39,33,94
43.3418,30,39,33,94
43.3558,30,39,33,94
43.3745,28,39,36,95
43.3906,28,39,36,95
43.4118,28,38,36,97
43.4263,28,38,36,97
43.4415,28,38,36,97
43.4559,30,39,36,95
43.4756,30,39,36,95
43.4895,30,39,36,95
43.5048,28,39,35,95
43.5232,28,39,35,95
43.5435,28,39,35,95
43.5566,28,38,36,95
43.5844,30,39,36,95
43.6017,30,39,36,95
43.6144,30,39,36,95
43.6307,30,38,34,95
43.6464,30,38,34,95
43.6629,30,38,34,95
43.6763,31,39,36,95
43.6920,31,39,36,95
43.7054,31,39,36,95
43.7216,30,39,36,97
43.7354,30,39,36,97
43.7506,30,39,36,97
43.7673,30,38,36,97
43.7825,30,38,36,97
43.7961,30,38,36,97
43.8145,29,38,36,95
43.8286,29,38,36,95
43.8416,29,38,36,95
43.8564,30,39,35,97
43.8709,30,39,35,97
43.8867,30,39,35,97
43.9001,28,39,35,97
43.9138,28,39,35,97
43.9273,28,39,35,97
43.9417,30,39,36,97
43.9562,30,39,36,95
43.9733,30,39,36,95
43.9874,31,38,35,97
44.0024,31,38,35,97
44.0140,31,38,35,97
44.0299,31,38,35,97
44.0437,30,38,35,95
44.0572,30,38,35,95
44.0726,30,38,35,95
44.0884,28,38,36,95
44.1021,28,38,36,95
44.1174,28,38,36,95
44.1317,29,39,35,97
44.1438,29,39,35,97
44.1618,29,39,35,97
44.1749,31,38,33,97
44.1895,31,38,33,97
44.2033,31,38,33,97
44.2160,28,39,36,97
44.2320,28,39,36,97
44.2459,28,39,36,97
44.2625,31,38,35,97
44.2762,31,38,35,97
44.2894,31,38,35,97
44.3045,28,38,35,95
44.3181,28,38,35,95
44.3316,28,38,35,95
44.3469,24,38,43,98
44.3650,24,38,43,98
44.3786,24,38,43,98
44.3925,24,38,43,98
44.4134,24,38,43,98
44.4287,24,38,43,98
44.4441,24,39,42,98
44.4624,24,39,42,98
44.4797,24,38,43,98
44.4956,24,38,43,98
44.5119,24,38,43,98
44.5303,23,39,43,99
44.5487,23,39,43,99
44.5735,24,38,42,99
44.5967,24,38,42,99
44.6143,24,39,42,98
44.6313,24,39,42,98
44.6510,24,39,42,99
44.6690,24,39,42,99
44.6843,24,39,42,99
44.7013,23,39,42,98
44.7168,23,39,42,98
44.7326,23,39,42,98
44.7467,24,38,42,98
44.7622,24,38,42,98
44.7766,24,38,42,98
44.7923,24,38,42,99
44.8055,24,38,42,99
44.8211,24,38,42,99
44.8351,24,39,42,98
44.8524,24,39,42,98
44.8658,24,39,42,98
44.8810,23,39,43,98
44.8951,23,39,43,98
44.9122,23,39,43,98
44.9252,24,39,43,99
44.9426,24,39,43,99
44.9572,24,39,43,99
44.9730,23,40,42,99
44.9879,23,40,42,99
45.0022,23,40,42,99
45.0165,23,38,42,98
45.0322,23,38,42,98
45.0463,23,38,42,98
45.0636,23,39,43,98
45.0781,23,39,43,98
45.0917,23,39,43,98
45.1062,24,39,43,99
45.1223,24,39,43,99
45.1369,24,39,43,99
45.1517,23,39,42,98
45.1650,23,39,42,98
45.1813,23,39,42,98
45.1961,24,38,42,99
45.2121,24,38,42,99
45.2254,24,38,42,99
45.2426,23,39,43,99
45.2561,23,39,43,99
45.2718,24,39,43,99
45.2852,24,39,42,99
45.3013,24,39,42,99
45.3149,24,39,42,99
45.3336,24,39,42,99
45.3461,24,39,42,99
45.3660,23,38,43,98
45.3812,23,38,43,98
45.3963,23,38,43,98
45.4119,24,38,43,98
45.4290,24,38,43,98
45.4488,24,39,43,99
45.4647,24,39,43,99
45.4828,24,39,43,99
45.4973,23,39,42,98
45.5120,23,39,42,98
45.5278,23,39,42,98
45.5430,24,38,42,99
45.5727,24,38,42,99
45.5910,24,39,42,99
45.6101,24,39,42,99
45.6293,24,38,42,99
45.6435,24,38,42,99
45.6591,24,38,42,99
45.6765,23,39,43,98
45.6916,23,39,43,98
45.7045,23,39,43,98
45.7218,24,38,43,98
45.7337,24,38,43,98
45.7519,24,38,43,98
45.7677,24,39,42,99
45.7815,24,39,42,99
45.7936,24,39,42,99
45.8124,24,38,42,99
45.8269,24,38,42,99
45.8416,24,38,42,99
45.8558,24,39,42,98
45.8730,24,39,42,98
45.8864,24,39,42,98
45.9007,24,39,42,99
45.9180,24,39,42,99
45.9329,24,39,42,99
45.9466,24,39,42,99
45.9606,24,39,42,99
45.9775,24,39,42,99
45.9916,24,40,43,99
46.0103,24,40,43,99
46.0243,23,38,43,99
46.0408,23,38,43,99
46.0553,23,38,43,99
46.0717,23,39,42,98
46.0853,23,39,42,98
46.1028,23,39,42,98
46.1165,24,39,42,99
46.1316,24,39,42,99
46.1453,24,39,42,99
46.1617,23,38,43,99
46.1739,23,38,43,99
46.1915,23,38,43,99
46.2044,24,38,42,99
46.2234,24,38,42,99
46.2367,24,38,42,99
46.2517,24,38,42,98
46.2677,24,38,42,98
46.2819,24,38,42,98
46.2966,24,39,43,98
46.3116,24,39,43,98
46.3250,24,39,43,98
46.3414,23,65,23,102
46.3556,23,65,23,102
46.3684,23,65,23,102
46.3838,24,69,20,100
46.4096,24,69,20,100
46.4284,23,71,21,100
46.4454,23,71,21,100
46.4599,23,71,21,100
46.4832,24,71,20,100
46.5028,24,71,20,100
46.5168,24,68,20,100
46.5398,24,68,20,100
46.5526,24,71,21,100
46.5799,24,71,21,100
46.5998,24,68,21,100
46.6166,24,68,21,100
46.6325,24,68,21,100
46.6486,23,69,21,102
46.6651,23,69,21,102
46.6823,23,69,21,102
46.6973,24,70,21,100
46.7108,24,70,21,100
46.7250,24,70,21,100
46.7398,24,68,20,102
46.7534,24,68,20,102
46.7678,24,68,20,102
46.7816,23,68,20,100
46.7956,23,68,20,100
46.8114,23,68,20,100
46.8246,23,68,21,102
46.8416,23,68,21,102
46.8535,23,68,21,102
46.8708,23,69,21,102
46.8857,23,69,21,102
46.8986,23,69,21,102
46.9155,24,70,20,102
46.9285,24,70,20,102
46.9437,24,70,20,102
46.9570,23,70,21,100
46.9732,23,70,21,100
46.9913,23,70,21,100
47.0060,24,69,21,102
47.0222,24,69,21,102
47.0387,24,69,21,102
47.0522,24,69,21,100
47.0706,24,69,21,100
47.0845,24,69,21,100
47.1007,23,68,20,102
47.1144,23,68,20,102
47.1318,24,70,21,102
47.1467,24,70,21,102
47.1615,24,70,21,102
47.1760,23,69,21,100
47.1917,23,69,21,100
47.2050,23,69,21,100
47.2204,24,69,21,100
47.2345,24,68,20,102
47.2541,24,68,20,102
47.2671,24,69,21,102
47.2813,24,69,21,102
47.2958,24,69,21,102
47.3117,24,69,21,100
47.3254,24,69,21,100
47.3416,24,69,21,100
47.3534,24,69,21,102
47.3720,24,69,21,102
47.3857,24,69,21,102
47.4108,23,71,21,102
47.4316,23,71,21,102
47.4466,24,70,21,100
47.4627,24,70,21,100
47.4810,24,70,21,100
47.4967,24,68,20,102
47.5117,24,68,20,102
47.5288,24,68,20,102
47.5500,23,69,20,102
47.5693,23,69,20,102
47.5901,24,69,21,102
47.6034,24,69,21,102
47.6229,24,69,20,100
47.6406,24,69,20,100
47.6573,24,69,20,100
47.6715,23,70,21,102
47.6878,23,70,21,102
47.7027,23,70,21,102
47.7190,24,68,20,102
47.7329,24,68,20,102
47.7488,24,68,20,102
47.7628,24,69,20,100
47.7792,24,69,20,100
47.7913,24,69,20,100
47.8124,24,70,21,102
47.8254,24,70,21,102
47.8414,24,69,20,100
47.8562,24,69,20,100
47.8720,24,69,20,100
47.8850,23,68,21,100
47.9006,23,68,21,100
47.9152,23,68,21,100
47.9317,23,70,20,100
47.9448,23,70,20,100
47.9635,23,70,20,100
47.9783,24,70,21,102
47.9937,24,70,21,102
48.0073,24,70,21,102
48.0226,23,70,20,102
48.0386,23,70,20,102
48.0516,23,70,20,102
48.0648,23,68,21,102
48.0806,23,68,21,102
48.0949,23,68,21,102
48.1117,23,69,21,102
48.1249,23,69,21,102
48.1404,23,69,21,102
48.1558,24,69,20,100
48.1718,24,69,20,100
48.1851,24,69,20,100
48.2013,24,68,20,102
48.2158,24,68,20,102
48.2347,24,68,20,102
48.2485,24,71,21,100
48.2641,24,71,21,100
48.2783,24,71,21,100
48.2922,23,69,21,102
48.3063,23,69,21,102
48.3212,23,69,21,102
48.3380,26,61,24,102
48.3515,26,61,24,102
48.3675,26,61,24,102
48.3835,25,58,28,100
48.4111,25,58,28,100
48.4276,25,58,29,100
48.4426,25,58,29,100
48.4575,26,59,28,102
48.4796,26,59,28,102
48.4947,26,59,28,102
48.5125,26,59,30,102
48.5283,26,59,30,102
48.5431,26,59,30,102
48.5556,26,58,30,102
48.5822,26,58,30,102
48.6026,26,59,29,102
48.6155,26,59,29,102
48.6311,26,59,29,102
48.6486,26,58,30,104
48.6632,26,58,30,104
48.6790,26,58,30,104
48.6931,25,58,29,103
48.7066,25,58,29,103
48.7228,25,58,29,103
48.7370,25,58,30,104
48.7516,25,58,30,104
48.7642,25,58,30,104
48.7829,25,58,30,103
48.7965,25,58,30,103
48.8114,25,58,30,103
48.8267,25,58,30,104
48.8415,25,58,30,104
48.8552,25,58,30,104
48.8718,25,58,30,104
48.8853,25,58,30,104
48.9028,25,58,30,104
48.9164,26,59,29,103
48.9293,26,59,29,103
48.9467,26,59,29,103
48.9606,25,58,30,104
48.9758,25,58,30,104
48.9940,25,58,30,104
49.0121,25,58,30,104
49.0253,25,58,30,104
49.0415,25,58,30,104
49.0551,25,58,30,104
49.0705,25,58,30,104
49.0872,25,58,29,103
49.1015,25,58,29,103
49.1150,25,58,29,103
49.1325,26,59,30,104
49.1463,26,59,30,104
49.1614,26,59,30,104
49.1762,26,59,30,102
49.1920,26,59,30,102
49.2055,26,59,30,102
49.2216,25,59,29,103
49.2353,25,59,29,103
49.2506,25,59,29,103
49.2650,26,59,30,103
49.2825,26,59,30,103
49.2963,26,59,30,103
49.3124,25,58,30,102
49.3262,25,58,30,102
49.3414,25,58,30,102
49.3563,25,58,30,104
49.3742,25,58,30,104
49.3876,25,58,30,104
49.4136,25,58,29,103
49.4320,25,58,29,103
49.4466,26,59,30,102
49.4637,26,59,30,102
49.4801,25,58,30,103
49.5005,25,58,30,103
49.5188,25,58,30,103
49.5339,26,59,30,104
49.5516,26,59,30,104
49.5701,26,59,30,104
49.5880,26,59,30,104
49.6130,26,58,30,104
49.6298,26,58,30,104
49.6463,26,58,30,104
49.6597,25,58,30,103
49.6775,25,58,30,103
49.6926,25,58,30,103
49.7074,26,59,30,104
49.7218,26,59,30,104
49.7386,26,59,30,104
49.7544,26,58,30,104
49.7719,26,58,30,104
49.7855,26,58,30,104
49.8003,25,58,30,103
49.8174,25,58,30,103
49.8318,25,58,30,103
49.8457,26,59,30,104
49.8615,26,59,30,104
49.8743,26,59,30,104
49.8917,26,58,30,104
49.9048,26,58,30,104
49.9204,26,58,30,104
49.9343,25,58,29,103
49.9517,25,58,29,103
49.9674,25,58,29,103
49.9827,25,58,29,103
49.9973,25,58,29,103
50.0116,25,58,29,103
50.0246,26,59,30,104
50.0406,26,59,30,104
50.0543,25,58,30,104
50.0726,25,58,30,104
50.0866,25,58,30,104
50.1016,26,58,29,103
50.1179,26,58,29,103
50.1315,26,58,29,103
50.1445,25,58,29,103
50.1615,25,58,30,103
50.1754,25,58,30,103
50.1918,25,58,30,104
50.2052,25,58,30,104
50.2211,25,58,30,104
50.2355,25,58,30,104
50.2515,25,58,30,104
50.2651,25,58,30,104
50.2805,26,59,30,104
50.2942,26,59,30,104
50.3116,26,59,30,104
50.3252,31,45,20,92
50.3403,31,45,20,92
50.3542,31,45,20,92
50.3716,35,33,14,78
50.3880,35,33,14,78
50.4127,38,34,14,79
50.4319,38,34,14,79
50.4465,38,34,14,79
50.4679,38,33,14,79
50.4820,38,33,14,79
50.4977,38,33,14,79
50.5117,39,33,14,79
50.5306,39,33,14,79
50.5462,39,34,14,79
50.5705,39,34,14,79
50.5927,38,34,14,79
50.6063,38,34,14,79
50.6255,38,34,14,79
50.6437,39,33,14,79
50.6599,39,33,14,79
50.6812,38,34,14,78
50.6988,38,34,14,78
50.7122,38,34,14,78
50.7286,38,34,14,79
50.7426,38,34,14,79
50.7629,38,34,14,79
50.7761,39,33,13,78
50.7895,39,33,13,78
50.8037,39,33,13,78
50.8159,39,33,14,79
50.8316,39,33,14,79
50.8461,39,33,14,79
50.8616,36,34,14,78
50.8758,36,34,14,78
50.8916,36,34,14,78
50.9048,39,33,13,78
50.9217,39,33,13,78
50.9340,39,33,13,78
50.9488,39,33,14,79
50.9637,39,33,14,79
50.9834,39,33,14,79
50.9972,39,34,13,78
51.0115,39,34,13,78
51.0259,39,34,13,78
51.0425,38,34,13,78
51.0557,38,34,13,78
51.0715,38,34,13,78
51.0846,38,33,13,78
51.1011,38,33,13,78
51.1146,38,33,13,78
51.1315,39,34,14,78
51.1446,39,34,14,78
51.1616,39,34,14,78
51.1771,39,33,13,78
51.1915,39,33,13,78
51.2044,39,33,13,78
51.2223,39,34,14,79
51.2345,39,34,14,79
51.2533,39,34,14,79
51.2668,36,33,14,79
51.2816,36,33,14,79
51.2955,36,33,14,79
51.3114,35,33,14,79
51.3258,35,33,14,79
51.3424,35,33,14,79
51.3560,39,33,14,79
51.3731,39,33,14,79
51.3854,38,34,14,78
51.4105,38,34,14,78
51.4293,38,34,14,78
51.4442,39,33,14,78
51.4638,39,33,14,78
51.4814,38,34,14,78
51.4993,38,34,14,78
51.5187,38,34,14,79
51.5362,38,34,14,79
51.5522,38,34,14,79
51.5702,39,33,14,79
51.5928,39,33,14,79
51.6127,38,34,14,78
51.6255,38,34,14,78
51.6447,38,34,14,78
51.6613,38,34,14,79
51.6783,38,34,14,79
51.6929,38,34,14,79
51.7100,38,33,14,79
51.7241,38,33,14,79
51.7426,39,33,13,78
51.7564,39,33,13,78
51.7723,39,33,13,78
51.7887,39,34,14,78
51.8025,39,34,14,78
51.8165,39,34,14,78
51.8304,39,34,14,78
51.8440,38,33,13,79
51.8627,38,33,13,79
51.8763,39,33,13,78
51.8925,39,33,13,78
51.9067,39,33,13,78
51.9231,38,33,14,79
51.9390,38,33,14,79
51.9551,38,33,14,79
51.9702,39,33,13,79
51.9851,39,33,13,79
51.9997,39,33,13,79
52.0141,38,33,13,78
52.0278,38,33,13,78
52.0415,38,33,13,78
52.0558,39,33,13,78
52.0724,39,33,13,78
52.0876,39,33,13,78
52.1012,39,34,14,79
52.1147,39,34,14,79
52.1315,39,34,14,79
52.1462,39,34,14,78
52.1614,39,34,14,78
52.1747,39,34,14,78
52.1901,39,34,14,78
52.2023,39,34,14,78
52.2190,39,34,14,78
52.2322,38,33,13,79
52.2490,38,33,13,79
52.2636,38,33,13,79
52.2822,39,33,13,78
52.2956,39,33,13,78
52.3116,39,33,13,78
52.3263,30,44,15,83
52.3413,30,44,15,83
52.3547,30,44,15,83
52.3707,15,73,21,99
52.3837,15,73,21,99
52.4111,16,74,20,98
52.4301,16,74,20,98
52.4456,16,74,20,98
52.4627,16,74,20,98
52.4789,16,74,20,98
52.4959,16,73,21,99
52.5120,16,73,21,99
52.5288,16,73,21,99
52.5423,15,73,21,99
52.5704,15,73,21,99
52.5906,15,73,21,98
52.6068,15,73,21,98
52.6221,15,73,21,98
52.6398,15,73,20,99
52.6607,15,73,20,99
52.6755,15,73,20,99
52.6901,15,73,20,99
52.7055,15,73,20,99
52.7216,15,73,20,98
52.7346,15,73,20,98
52.7507,15,73,20,98
52.7643,16,74,20,99
52.7817,16,74,20,99
52.7952,16,74,20,99
52.8106,15,73,21,98
52.8245,15,73,21,98
52.8417,15,73,21,98
52.8553,15,74,21,99
52.8708,15,74,21,99
52.8845,15,74,21,99
52.9015,15,73,20,99
52.9144,15,73,20,99
52.9318,15,73,20,99
52.9465,15,73,21,98
52.9614,15,73,21,98
52.9764,15,73,21,98
52.9908,16,74,20,98
53.0057,16,74,20,98
53.0213,16,74,20,98
53.0346,16,74,20,98
53.0516,16,74,20,98
53.0651,16,74,20,98
53.0787,16,73,20,99
53.0941,16,73,20,99
53.1093,16,73,20,99
53.1232,15,73,21,98
53.1377,15,73,21,98
53.1520,15,73,21,98
53.1664,15,73,21,99
53.1805,15,73,21,99
53.1950,15,73,21,99
53.2113,16,74,20,99
53.2248,16,74,20,99
53.2403,16,74,20,99
53.2542,15,73,21,98
53.2726,15,73,21,98
53.2862,15,73,21,98
53.3017,15,74,21,99
53.3177,15,74,21,99
53.3321,15,74,21,99
53.3454,15,73,20,99
53.3622,15,73,20,99
53.3792,15,73,20,99
53.3960,16,74,20,98
53.4136,16,74,20,98
53.4336,16,73,20,98
53.4517,16,73,20,98
53.4681,16,73,20,98
53.4845,15,73,20,99
53.5033,15,73,20,99
53.5197,15,73,20,98
53.5341,15,73,20,98
53.5505,15,73,20,98
53.5708,16,74,20,99
53.5888,16,74,20,99
53.6026,15,73,20,99
53.6237,15,73,20,99
53.6411,15,73,20,99
53.6566,15,73,20,98
53.6710,15,73,20,98
53.6898,15,73,20,98
53.7101,16,74,20,99
53.7234,16,74,20,99
53.7403,15,73,20,99
53.7546,15,73,20,99
53.7721,15,73,20,99
53.7857,15,73,20,98
53.8015,15,73,20,98
53.8156,15,73,20,98
53.8315,16,73,21,99
53.8469,16,73,21,99
53.8614,16,73,21,99
53.8744,16,73,20,98
53.8916,16,73,20,98
53.9045,16,73,20,98
53.9213,15,73,21,99
53.9355,15,73,21,99
53.9516,15,73,21,99
53.9648,15,73,20,99
53.9800,15,73,20,99
53.9974,15,73,20,99
54.0113,15,73,20,98
54.0245,15,73,20,98
54.0401,15,73,20,98
54.0521,16,73,21,99
54.0713,16,73,21,99
54.0844,16,73,21,99
54.1023,16,74,20,98
54.1155,16,74,20,98
54.1311,16,74,20,98
54.1454,16,73,20,99
54.1616,16,73,20,99
54.1770,16,73,20,99
54.1911,16,74,20,99
54.2042,16,74,20,99
54.2214,16,74,20,99
54.2353,15,73,20,99
54.2514,15,73,20,99
54.2655,15,73,20,99
54.2816,15,73,21,99
54.2954,15,73,21,99
54.3113,15,73,21,99
54.3252,16,74,20,99
54.3421,16,74,20,99
54.3539,13,40,51,99
54.3736,13,40,51,99
54.3856,13,40,51,99
54.4129,13,41,51,98
54.4314,13,41,51,98
54.4470,13,41,51,99
54.4625,13,41,51,99
54.4765,13,41,51,99
54.4927,15,40,51,99
54.5052,15,40,51,99
54.5205,15,40,51,99
54.5371,15,41,51,99
54.5525,15,41,51,99
54.5786,14,41,51,98
54.5989,14,41,51,98
54.6125,14,41,51,98
54.6277,13,40,52,99
54.6430,13,40,52,99
54.6578,13,40,52,99
54.6735,14,41,51,99
54.6892,14,41,51,99
54.7028,14,41,51,99
54.7202,14,41,52,99
54.7349,14,41,52,99
54.7485,14,41,52,99
54.7664,16,41,52,98
54.7797,16,41,52,98
54.7951,16,41,52,98
54.8107,13,41,51,98
54.8273,13,41,51,98
54.8423,15,41,51,98
54.8601,15,40,51,98
54.8734,15,40,51,98
54.8887,15,40,51,99
54.9039,15,40,51,99
54.9212,15,40,51,99
54.9345,14,40,52,99
54.9500,14,40,52,99
54.9646,14,40,52,99
54.9831,15,40,52,98
54.9985,15,40,52,98
55.0147,15,40,52,98
55.0285,13,40,51,99
55.0424,13,40,51,99
55.0564,13,40,51,99
55.0723,16,41,52,98
55.0846,16,41,52,98
55.1023,16,41,52,98
55.1156,15,40,52,98
55.1301,15,40,52,98
55.1459,15,40,52,98
55.1619,13,40,51,98
55.1761,13,40,51,98
55.1899,13,40,51,98
55.2045,16,41,52,99
55.2218,16,41,52,99
55.2356,16,41,52,99
55.2500,14,41,51,99
55.2650,14,41,51,99
55.2810,14,41,51,99
55.2944,14,41,50,97
55.3116,14,41,50,97
55.3235,14,41,50,97
55.3417,16,40,51,99
55.3548,16,40,51,99
55.3715,16,40,51,99
55.3856,14,41,51,99
55.4113,14,41,51,99
55.4310,14,41,51,99
55.4448,14,41,51,99
55.4617,14,41,51,99
55.4771,14,41,52,99
55.4922,14,41,52,99
55.5086,14,40,51,99
55.5276,14,40,51,99
55.5405,14,40,51,99
55.5556,13,41,51,98
55.5803,13,41,51,98
55.5966,13,40,52,99
55.6120,13,40,52,99
55.6315,13,40,52,99
55.6458,15,40,52,98
55.6622,15,40,52,98
55.6772,15,40,52,98
55.6917,13,40,51,98
55.7066,13,40,51,98
55.7219,13,40,51,98
55.7353,16,41,52,99
55.7500,16,41,52,99
55.7628,16,41,52,99
55.7813,16,41,52,99
55.7951,16,41,52,99
55.8125,16,41,52,99
55.8271,16,41,52,99
55.8413,16,41,52,99
55.8551,16,41,52,99
55.8706,16,41,52,99
55.8865,16,41,52,99
55.9012,16,41,52,99
55.9150,16,41,52,99
55.9316,16,41,52,99
55.9442,16,41,52,99
55.9613,16,41,52,99
55.9762,16,41,52,99
55.9908,16,41,52,99
56.0062,16,41,52,99
56.0211,16,41,52,99
56.0343,16,41,52,99
56.0497,16,41,52,99
56.0648,16,41,52,99
56.0814,16,41,52,99
56.0947,16,41,52,99
56.1125,16,41,52,99
56.1264,16,41,52,99
56.1412,16,41,52,98
56.1547,16,41,52,98
56.1716,16,41,52,98
56.1849,15,40,52,99
56.2015,15,40,52,99
56.2146,15,40,51,98
56.2336,15,40,51,98
56.2460,15,40,51,98
56.2618,16,41,51,99
56.2762,16,41,51,99
56.2911,16,41,51,99
56.3055,15,40,52,99
56.3216,15,40,52,99
56.3346,15,40,52,99
56.3517,28,54,23,97
56.3697,28,54,23,97
56.3846,28,54,23,97
56.4128,30,55,18,97
56.4302,30,55,18,97
56.4486,30,56,19,95
56.4640,30,56,19,95
56.4812,30,56,19,95
56.4964,30,56,19,97
56.5123,30,56,19,97
56.5273,30,56,19,97
56.5411,30,56,18,97
56.5571,30,56,18,97
56.5834,30,56,19,95
56.6028,30,56,19,95
56.6210,31,56,19,97
56.6384,31,56,19,97
56.6606,31,55,19,97
56.6755,31,55,19,97
56.6931,31,55,19,97
56.7068,30,55,18,95
56.7221,30,55,18,95
56.7368,30,55,18,95
56.7514,31,55,19,95
56.7655,31,55,19,95
56.7798,31,55,19,95
56.7943,30,56,19,95
56.8129,30,56,19,95
56.8265,30,56,19,95
56.8395,30,56,18,97
56.8590,30,56,18,97
56.8717,30,56,18,97
56.8856,31,55,19,97
56.9003,31,55,19,97
56.9180,31,55,19,97
56.9331,31,56,18,95
56.9510,31,56,18,95
56.9657,31,56,18,95
56.9805,31,55,19,95
56.9955,31,55,19,95
57.0112,31,55,19,95
57.0241,31,56,18,97
57.0404,31,56,18,97
57.0544,31,56,18,97
57.0726,31,55,19,95
57.0868,31,55,19,95
57.1016,31,55,19,95
57.1176,31,55,19,95
57.1312,31,55,19,95
57.1442,31,55,19,95
57.1632,31,55,19,95
57.1767,31,55,19,95
57.1925,31,55,19,95
57.2064,31,55,19,95
57.2217,31,55,19,95
57.2362,31,55,19,95
57.2509,31,55,19,95
57.2645,31,55,19,95
57.2803,31,55,19,95
57.2925,31,56,19,97
57.3117,31,56,19,97
57.3252,31,55,19,97
57.3426,31,55,19,97
57.3564,31,55,19,97
57.3714,30,55,18,95
57.3866,30,55,18,95
57.4120,30,55,18,95
57.4306,30,56,18,97
57.4446,30,56,18,97
57.4660,30,55,18,97
57.4805,30,55,18,97
57.4978,30,55,18,97
57.5117,31,55,18,97
57.5326,31,55,18,97
57.5513,30,55,18,95
57.5683,30,55,18,95
57.5894,30,55,18,95
57.6119,30,56,19,97
57.6264,30,56,19,97
57.6416,31,55,19,95
57.6601,31,55,19,95
57.6766,31,55,19,95
57.6907,31,55,19,95
57.7066,31,55,19,95
57.7280,31,55,19,95
57.7420,31,55,19,95
57.7606,31,55,19,95
57.7749,31,55,19,95
57.7909,31,55,19,95
57.8046,31,55,19,95
57.8200,31,55,19,95
57.8345,31,55,19,95
57.8511,31,55,19,95
57.8645,31,55,19,95
57.8798,31,55,19,95
57.8921,31,55,19,95
57.9104,31,55,19,95
57.9243,31,55,19,95
57.9373,31,55,19,95
57.9513,31,55,19,95
57.9668,31,55,19,95
57.9817,31,55,19,95
57.9981,30,55,18,95
58.0134,30,55,18,95
58.0280,30,55,18,95
58.0417,31,56,19,95
58.0553,31,56,19,95
58.0709,31,56,19,95
58.0845,31,55,19,97
58.1008,31,55,19,97
58.1156,31,55,19,97
58.1297,31,56,19,97
58.1434,31,56,19,97
58.1616,31,56,19,97
58.1754,30,56,18,97
58.1907,30,56,18,97
58.2066,30,56,18,97
58.2231,30,55,18,95
58.2365,30,55,18,95
58.2505,30,55,18,95
58.2666,31,56,19,95
58.2815,31,56,19,95
58.2953,31,56,19,95
58.3103,30,56,18,97
58.3242,30,56,18,97
58.3425,30,56,18,97
58.3561,33,49,15,89
58.3731,33,49,15,89
58.3878,36,45,15,86
58.4143,36,45,15,86
58.4320,36,45,15,86
58.4464,35,45,15,86
58.4615,35,45,15,86
58.4767,36,46,17,86
58.4928,36,46,17,86
58.5066,36,46,17,86
58.5233,35,45,15,86
58.5377,35,45,15,86
58.5556,35,45,15,86
58.5816,36,45,15,86
58.5977,36,45,15,86
58.6136,35,46,17,85
58.6344,35,46,17,85
58.6501,35,46,17,85
58.6690,36,45,15,86
58.6815,36,45,15,86
58.6978,36,45,15,86
58.7115,36,46,17,85
58.7277,36,46,17,85
58.7420,36,46,17,85
58.7617,35,45,15,85
58.7748,35,45,15,85
58.7898,35,45,15,85
58.8077,35,45,15,85
58.8277,35,45,15,85
58.8410,36,45,15,86
58.8606,36,45,15,86
58.8735,36,45,15,86
58.8910,36,45,15,86
58.9051,36,45,15,86
58.9212,35,45,15,85
58.9362,35,45,15,85
58.9508,35,45,15,85
58.9639,36,46,15,85
58.9797,36,46,15,85
58.9937,36,46,15,85
59.0120,35,46,15,85
59.0258,35,46,15,85
59.0415,35,46,15,85
59.0557,36,46,17,86
59.0716,36,46,17,86
59.0847,36,46,17,86
59.1020,35,45,15,85
59.1150,35,45,15,85
59.1335,35,45,15,85
59.1473,36,46,17,85
59.1631,36,46,17,85
59.1775,36,46,17,85
59.1913,35,45,15,86
59.2044,35,45,15,86
59.2209,35,45,15,86
59.2335,36,46,17,86
59.2514,36,46,17,86
59.2646,36,46,17,86
59.2816,36,46,17,85
59.2937,36,46,17,85
59.3112,36,46,17,85
59.3256,36,46,17,86
59.3404,36,46,17,86
59.3532,36,46,17,86
59.3721,36,46,17,85
59.3856,36,46,17,85
59.4080,36,45,15,86
59.4286,36,45,15,86
59.4444,36,45,15,86
59.4641,36,45,15,85
59.4783,36,45,15,85
59.4915,36,45,15,85
59.5057,36,46,17,85
59.5266,36,46,17,85
59.5422,36,46,17,86
59.5596,36,46,17,86
59.5813,36,46,17,85
59.6030,36,46,17,85
59.6210,36,46,17,85
59.6388,36,45,15,86
59.6544,36,45,15,86
59.6787,36,45,17,85
59.6920,36,45,17,85
59.7100,36,45,17,85
59.7243,36,45,15,86
59.7409,36,45,15,86
59.7562,36,45,15,86
59.7756,36,46,17,85
59.7887,36,46,17,85
59.8026,36,46,17,85
59.8164,35,45,15,86
59.8328,35,45,15,86
59.8475,35,45,15,86
59.8612,36,46,17,85
59.8750,36,46,17,85
59.8904,36,46,17,85
59.9035,35,45,15,86
59.9208,35,45,15,86
59.9342,35,45,15,86
59.9504,35,45,17,85
59.9627,35,45,17,85
59.9826,36,45,17,86
59.9986,36,45,17,86
60.0138,36,45,17,86
60.0287,36,46,17,85
60.0425,36,46,17,85
60.0566,36,46,17,85
60.0725,36,46,15,85
60.0874,36,46,15,85
60.1023,36,46,15,85
60.1153,36,46,15,85
60.1301,36,46,17,86
60.1452,36,46,17,86
60.1607,36,46,17,86
60.1740,36,45,15,86
60.1901,36,45,15,86
60.2024,36,45,15,86
60.2185,36,46,17,85
60.2315,36,46,17,85
60.2486,36,46,17,85
60.2631,36,46,15,86
60.2810,36,46,15,86
60.2948,36,46,17,86
60.3116,36,46,17,86
60.3251,36,46,17,86
60.3410,25,54,28,98
60.3548,25,54,28,98
60.3732,25,54,28,98
60.3876,15,68,43,114
60.4115,15,68,43,114
60.4284,15,68,42,112
60.4435,15,68,42,112
60.4611,15,68,42,112
60.4795,16,69,41,112
60.4964,16,69,41,112
60.5114,16,69,41,112
60.5290,15,65,41,110
60.5436,15,65,41,110
60.5666,15,65,40,110
60.5905,15,65,40,110
60.6066,15,68,41,112
60.6207,15,68,41,112
60.6398,15,68,41,112
60.6583,16,68,42,113
60.6721,16,68,42,113
60.6877,16,68,42,113
60.7046,16,69,42,114
60.7207,16,69,42,114
60.7344,16,69,42,114
60.7497,16,66,40,112
60.7634,16,66,40,112
60.7807,16,66,40,112
60.7941,16,68,42,114
60.8106,16,68,42,114
60.8246,16,69,41,110
60.8408,16,69,41,110
60.8552,16,69,41,110
60.8704,16,69,40,112
60.8843,16,69,40,112
60.9009,16,69,40,112
60.9161,16,69,42,113
60.9295,16,69,42,113
60.9431,16,69,42,113
60.9608,16,69,43,114
60.9744,16,69,43,114
60.9938,16,69,43,114
61.0056,15,68,42,113
61.0214,15,68,42,113
61.0357,15,68,42,113
61.0495,16,66,40,110
61.0633,16,66,40,110
61.0813,16,66,40,110
61.0944,16,69,43,114
61.1098,16,69,43,114
61.1240,16,69,43,114
61.1413,16,68,42,112
61.1542,16,68,42,112
61.1696,16,68,42,112
61.1839,15,68,43,110
61.2013,15,68,43,110
61.2150,15,68,43,110
61.2296,16,69,43,114
61.2438,16,69,43,114
61.2608,16,69,43,114
61.2749,16,69,43,113
61.2898,16,69,43,113
61.3054,16,69,43,113
61.3212,15,68,43,114
61.3357,15,68,43,114
61.3497,15,68,43,114
61.3652,15,68,43,113
61.3828,15,68,43,113
61.3965,15,68,43,113
61.4128,16,68,41,112
61.4303,16,68,41,112
61.4492,16,69,43,113
61.4645,16,69,43,113
61.4816,16,69,43,113
61.4995,16,69,40,112
61.5182,16,69,40,112
61.5356,15,65,40,112
61.5507,15,65,40,112
61.5722,15,65,40,112
61.5899,15,68,40,113
61.6087,15,68,40,113
61.6264,15,65,41,112
61.6434,15,65,41,112
61.6597,15,65,41,112
61.6788,16,68,42,110
61.6922,16,68,42,110
61.7071,16,68,42,110
61.7225,15,68,43,112
61.7393,15,68,43,112
61.7523,15,68,43,112
61.7676,15,68,42,114
61.7808,15,68,42,114
61.7985,15,68,42,114
61.8126,16,68,40,110
61.8276,16,68,40,110
61.8417,16,68,40,110
61.8585,16,69,42,114
61.8738,16,69,42,114
61.8907,15,68,42,114
61.9048,15,68,42,114
61.9210,15,68,42,114
61.9333,15,68,40,112
61.9515,15,68,40,112
61.9645,15,68,40,112
61.9807,16,69,42,113
61.9958,16,69,42,113
62.0113,16,69,42,113
62.0246,15,68,43,113
62.0425,15,68,43,113
62.0544,15,68,43,113
62.0711,15,68,41,110
62.0845,15,68,41,110
62.1015,15,68,41,110
62.1135,16,69,43,112
62.1314,16,69,43,112
62.1457,16,69,43,112
62.1615,15,68,41,112
62.1762,15,68,41,112
62.1911,15,68,41,112
62.2042,15,68,43,113
62.2213,15,68,43,113
62.2353,15,68,43,113
62.2509,15,68,41,112
62.2655,15,68,41,112
62.2807,15,68,41,112
62.2955,15,68,40,110
62.3114,15,68,40,110
62.3243,15,68,40,110
62.3397,19,61,40,108
62.3543,19,61,40,108
62.3715,19,61,40,108
62.3855,28,39,34,93
62.4074,28,39,34,93
62.4285,30,38,36,97
62.4430,30,38,36,97
62.4635,31,38,36,97
62.4804,31,38,36,97
62.4965,31,38,36,97
62.5118,31,39,35,97
62.5306,31,39,35,97
62.5510,29,39,35,97
62.5787,29,39,35,97
62.5970,29,39,35,97
62.6115,28,39,33,97
62.6251,28,39,33,97
62.6415,31,39,36,97
62.6564,31,39,36,95
62.6737,31,39,36,95
62.6875,30,38,35,97
62.7014,30,38,35,97
62.7165,30,38,35,97
62.7313,28,39,35,97
62.7449,28,39,35,97
62.7616,28,39,35,97
62.7744,29,38,35,95
62.7906,29,38,35,95
62.8036,29,38,35,95
62.8202,29,38,36,95
62.8338,29,38,36,95
62.8510,29,38,36,95
62.8649,30,38,36,95
62.8800,30,38,36,95
62.8947,30,38,36,95
62.9121,30,39,36,95
62.9251,30,39,36,95
62.9404,30,39,36,95
62.9527,31,38,36,95
62.9692,31,38,35,97
62.9823,31,38,35,97
62.9985,31,38,36,97
63.0133,31,38,36,97
63.0308,31,38,36,97
63.0446,31,39,35,97
63.0624,31,39,35,97
63.0759,31,39,35,97
63.0921,31,38,35,97
63.1051,31,38,35,97
63.1184,31,38,35,97
63.1348,30,39,36,95
63.1486,30,39,36,95
63.1647,30,39,36,95
63.1782,29,39,35,95
63.1953,29,39,35,95
63.2108,29,39,35,95
63.2256,28,39,36,95
63.2408,28,39,36,95
63.2551,28,39,36,95
63.2699,28,38,36,97
63.2845,28,38,36,97
63.2980,28,38,36,97
63.3128,31,38,36,97
63.3269,31,38,36,97
63.3406,31,38,36,97
63.3546,29,38,36,97
63.3747,29,38,36,97
63.3915,29,38,36,97
63.4108,31,39,35,97
63.4312,31,39,35,97
63.4460,31,38,36,97
63.4608,31,38,36,97
63.4762,31,38,36,97
63.4914,30,39,35,97
63.5069,30,39,35,97
63.5246,30,39,35,97
63.5373,28,39,35,97
63.5527,28,39,35,97
63.5765,30,39,36,95
63.5947,30,39,36,95
63.6067,30,39,36,95
63.6272,29,38,36,97
63.6408,29,38,36,97
63.6599,29,38,36,97
63.6787,30,39,36,95
63.6923,30,39,36,95
63.7084,29,39,36,95
63.7228,29,39,36,95
63.7366,29,39,36,95
63.7514,31,38,36,97
63.7678,31,38,36,97
63.7815,31,38,36,97
63.7951,31,39,36,97
63.8116,31,39,36,97
63.8254,31,39,36,97
63.8420,30,38,36,97
63.8553,30,38,36,97
63.8717,30,38,36,97
63.8865,30,39,33,95
63.9005,30,39,33,95
63.9142,30,39,33,95
63.9297,30,39,36,97
63.9438,30,39,36,97
63.9613,30,39,36,97
63.9749,31,38,35,97
63.9902,31,38,35,97
64.0063,31,38,35,97
64.0214,31,38,36,97
64.0352,31,38,36,97
64.0511,31,38,36,97
64.0664,31,38,34,97
64.0813,31,38,34,97
64.0948,31,38,34,97
64.1101,31,38,36,97
64.1240,31,38,36,97
64.1412,31,38,36,97
64.1548,31,39,35,97
64.1713,31,39,35,97
64.1847,31,39,35,97
64.2011,29,38,36,95
64.2166,29,38,36,95
64.2304,29,38,36,95
64.2460,31,38,36,97
64.2610,31,38,36,97
64.2756,31,38,36,97
64.2906,29,38,34,95
64.3040,29,38,34,95
64.3222,29,38,34,95
64.3353,31,38,35,97
64.3485,31,38,35,97
64.3674,31,38,35,97
64.3822,23,40,43,98
64.3963,23,40,43,98
64.4107,23,40,43,98
64.4288,24,41,42,99
64.4453,24,41,42,99
64.4610,24,41,42,98
64.4736,24,41,42,98
64.4902,24,41,42,98
64.5049,23,41,43,98
64.5217,23,41,43,98
64.5375,23,41,43,98
64.5523,24,41,42,98
64.5713,24,41,42,98
64.5904,24,41,42,98
64.6076,24,40,42,99
64.6254,24,40,42,99
64.6465,23,41,43,98
64.6613,23,41,43,98
64.6798,23,41,43,98
64.6988,24,40,43,99
64.7118,24,40,43,99
64.7274,23,41,42,98
64.7420,23,41,42,98
64.7591,23,41,42,98
64.7734,23,40,42,98
64.7895,23,40,42,98
64.8032,23,40,42,98
64.8215,23,40,43,98
64.8347,23,40,43,98
64.8498,23,40,43,98
64.8672,24,41,42,98
64.8812,24,41,42,98
64.8944,24,41,42,98
64.9114,23,40,42,99
64.9254,23,40,42,99
64.9395,23,40,42,99
64.9518,24,40,42,98
64.9677,24,40,42,98
64.9817,24,40,42,98
64.9962,24,41,42,98
65.0128,24,41,42,98
65.0266,24,41,42,98
65.0407,23,41,42,98
65.0558,23,41,42,98
65.0711,23,41,42,98
65.0844,24,41,42,99
65.1013,24,41,42,99
65.1129,24,41,42,99
65.1330,23,41,42,99
65.1465,23,41,42,99
65.1631,23,41,42,99
65.1753,24,41,42,98
65.1908,24,41,42,98
65.2053,24,41,42,98
65.2210,23,40,42,99
65.2352,23,40,42,99
65.2511,23,40,42,99
65.2643,24,40,42,98
65.2795,24,40,42,98
65.2937,24,40,42,98
65.3118,24,39,42,99
65.3250,24,39,42,99
65.3396,24,39,42,99
65.3536,23,41,42,99
65.3713,23,41,42,99
65.3863,23,41,42,99
65.4074,24,41,42,98
65.4294,24,41,42,98
65.4452,23,40,43,98
65.4616,23,40,43,98
65.4804,24,41,43,99
65.4964,24,41,43,99
65.5114,24,41,43,99
65.5291,24,40,43,99
65.5487,24,40,43,99
65.5682,23,39,43,98
65.5910,23,39,43,98
65.6100,23,39,43,98
65.6236,24,41,42,99
65.6403,24,41,42,99
65.6538,24,40,43,98
65.6727,24,40,43,98
65.6875,24,40,43,98
65.7043,24,38,42,98
65.7183,24,38,42,98
65.7324,24,38,42,98
65.7459,24,41,42,98
65.7618,24,41,42,98
65.7772,24,41,42,98
65.7912,23,40,43,98
65.8045,23,40,43,98
65.8241,23,40,43,98
65.8376,24,41,43,99
65.8519,24,41,43,99
65.8670,24,41,43,99
65.8810,24,40,43,99
65.8983,24,40,43,99
65.9121,24,40,43,99
65.9257,23,41,42,98
65.9397,23,41,42,98
65.9521,23,41,42,98
65.9691,23,41,42,98
65.9824,23,41,42,98
66.0004,23,41,42,98
66.0163,23,40,42,98
66.0304,23,40,42,98
66.0445,23,40,42,98
66.0631,23,40,43,98
66.0761,23,40,43,98
66.0910,23,40,43,98
66.1043,24,41,42,98
66.1195,24,41,42,98
66.1320,24,41,42,98
66.1480,23,40,42,99
66.1624,23,40,42,99
66.1777,23,40,42,99
66.1917,24,40,42,98
66.2078,24,40,42,98
66.2227,24,40,42,98
66.2395,24,41,42,98
66.2532,24,41,42,98
66.2722,24,41,42,98
66.2853,23,40,43,99
66.3006,23,40,43,99
66.3129,23,40,43,99
66.3305,23,40,43,98
66.3465,23,40,43,98
66.3635,23,63,24,102
66.3796,23,63,24,102
66.3947,23,63,24,102
66.4104,24,71,21,100
66.4322,24,71,21,100
66.4475,24,71,21,100
66.4618,24,68,20,100
66.4796,24,68,20,100
66.4946,24,68,20,100
66.5115,24,71,21,100
66.5268,24,71,21,100
66.5450,24,71,21,100
66.5716,24,71,21,100
66.5897,24,71,21,100
66.6103,24,71,21,100
66.6298,24,71,21,100
66.6455,23,70,20,102
66.6620,23,70,20,102
66.6777,24,69,20,100
66.6923,24,69,20,100
66.7053,24,69,20,100
66.7206,24,70,21,102
66.7362,24,70,21,102
66.7505,24,70,21,102
66.7641,23,70,20,100
66.7796,23,70,20,100
66.7915,23,70,20,100
66.8085,24,71,21,100
66.8236,24,71,21,100
66.8394,24,71,21,100
66.8536,23,70,21,100
66.8710,23,70,21,100
66.8844,23,70,21,100
66.8993,24,71,21,102
66.9135,24,71,21,102
66.9310,24,71,21,102
66.9441,24,71,21,100
66.9601,24,71,21,100
66.9750,24,71,21,100
66.9914,23,71,21,102
67.0062,23,71,21,102
67.0214,23,71,21,102
67.0348,24,69,21,100
67.0508,24,69,21,100
67.0680,24,69,21,100
67.0836,24,71,20,100
67.0984,24,71,20,100
67.1120,24,71,20,100
67.1251,24,71,21,100
67.1393,24,71,21,100
67.1524,24,71,21,100
67.1685,24,71,21,100
67.1820,24,71,21,100
67.1974,24,71,21,100
67.2114,24,69,21,100
67.2257,24,69,21,100
67.2407,24,69,21,100
67.2541,24,70,20,102
67.2711,24,70,20,102
67.2847,24,70,20,102
67.2981,23,69,21,102
67.3131,23,69,21,102
67.3262,23,69,21,102
67.3407,23,70,20,100
67.3558,23,70,20,100
67.3745,23,70,20,100
67.3906,24,69,20,100
67.4096,24,69,20,100
67.4296,24,71,21,100
67.4432,24,71,21,100
67.4644,24,71,21,100
67.4882,23,69,21,102
67.5017,23,69,21,102
67.5194,24,71,21,102
67.5368,24,71,21,102
67.5519,24,71,21,102
67.5688,23,68,20,102
67.5892,23,68,20,102
67.6102,24,70,21,102
67.6246,24,70,21,102
67.6411,24,70,21,102
67.6573,23,71,20,102
67.6736,23,71,20,102
67.6886,23,71,20,102
67.7045,23,70,20,100
67.7194,23,70,20,100
67.7354,23,70,20,100
67.7491,23,70,21,102
67.7679,23,70,21,102
67.7828,24,68,20,102
67.8014,24,68,20,102
67.8152,24,68,20,102
67.8304,24,71,21,100
67.8444,24,71,21,100
67.8608,24,71,21,100
67.8742,23,70,21,100
67.8904,23,70,21,100
67.9038,23,70,21,100
67.9230,24,71,21,102
67.9364,24,71,21,102
67.9500,24,71,21,102
67.9643,24,71,21,100
67.9801,24,71,21,100
67.9959,24,71,21,100
68.0094,24,69,21,100
68.0278,24,69,21,100
68.0413,24,69,21,100
68.0563,24,69,21,100
68.0712,24,69,21,100
68.0877,24,69,21,100
68.1026,23,69,20,100
68.1206,23,69,20,100
68.1335,23,69,20,100
68.1502,23,68,21,100
68.1641,23,68,21,100
68.1804,23,68,21,100
68.1950,23,69,20,102
68.2116,23,69,20,102
68.2253,23,70,21,102
68.2405,23,70,21,102
68.2535,23,70,21,102
68.2699,23,70,21,102
68.2827,24,70,21,100
68.3005,24,70,21,100
68.3136,24,68,20,102
68.3294,24,68,20,102
68.3435,24,68,20,102
68.3616,25,63,24,100
68.3774,25,63,24,100
68.3952,25,63,24,100
68.4105,25,59,29,100
68.4266,25,59,29,100
68.4388,25,59,29,100
68.4607,26,58,29,102
68.4750,26,58,29,102
68.4923,26,58,29,102
68.5047,26,59,30,100
68.5268,26,59,30,100
68.5418,26,59,30,100
68.5577,26,59,30,100
68.5884,26,59,28,100
68.6026,26,59,28,100
68.6235,26,59,28,100
68.6398,26,59,29,103
68.6560,26,59,29,103
68.6776,26,59,26,100
68.6919,26,59,26,100
68.7097,26,59,26,100
68.7235,26,59,29,103
68.7406,26,59,29,103
68.7536,26,58,29,103
68.7728,26,58,30,104
68.7868,26,58,30,104
68.8017,25,58,30,104
68.8168,25,58,30,104
68.8306,25,58,30,104
68.8466,25,58,30,104
68.8606,25,58,30,104
68.8766,25,58,30,104
68.8907,26,59,30,104
68.9043,26,59,30,104
68.9224,26,59,30,104
68.9355,25,58,30,104
68.9504,25,58,30,104
68.9642,25,58,30,104
68.9778,26,59,30,104
68.9937,26,59,30,104
69.0095,26,59,30,104
69.0273,26,59,29,103
69.0416,26,59,29,103
69.0565,26,59,29,103
69.0729,26,58,30,104
69.0916,26,58,30,104
69.1054,26,58,30,104
69.1204,25,58,30,104
69.1339,25,58,30,104
69.1493,25,58,30,104
69.1631,26,59,30,103
69.1803,26,59,30,103
69.1938,26,59,30,103
69.2100,26,59,30,104
69.2238,26,59,30,104
69.2418,26,59,30,104
69.2556,25,58,28,102
69.2706,25,58,28,102
69.2853,25,58,28,102
69.3002,26,59,30,100
69.3167,26,59,30,100
69.3310,26,59,30,100
69.3452,25,58,30,104
69.3627,25,58,30,104
69.3776,26,59,30,103
69.3987,26,59,30,103
69.4136,26,59,30,103
69.4303,26,58,29,104
69.4455,26,58,29,104
69.4634,26,58,29,104
69.4793,25,59,29,103
69.4952,25,59,29,103
69.5108,26,59,29,103
69.5285,26,59,29,103
69.5416,26,59,29,103
69.5575,25,58,29,103
69.5858,25,58,29,103
69.6116,26,59,29,103
69.6303,26,59,29,103
69.6505,25,58,30,104
69.6642,25,58,30,104
69.6813,25,58,30,104
69.6951,26,59,30,104
69.7117,26,59,30,104
69.7261,26,59,30,104
69.7416,26,59,30,103
69.7552,26,59,30,103
69.7715,26,59,30,103
69.7858,25,58,29,103
69.8008,25,58,29,103
69.8139,25,58,29,103
69.8296,25,58,30,104
69.8447,25,58,30,104
69.8609,25,58,30,104
69.8745,26,59,30,104
69.8891,26,59,30,104
69.9038,26,59,30,104
69.9206,26,59,29,103
69.9337,26,59,29,103
69.9494,26,59,29,103
69.9633,25,58,29,103
69.9806,25,58,29,103
69.9965,25,58,29,103
70.0117,25,58,29,103
70.0259,25,58,29,103
70.0406,25,58,29,103
70.0544,26,58,30,104
70.0700,26,58,30,104
70.0857,26,58,30,104
70.1005,25,58,30,104
70.1146,25,58,30,104
70.1297,25,58,30,104
70.1432,26,58,29,103
70.1618,26,58,29,103
70.1754,26,58,29,104
70.1908,26,58,29,104
70.2044,26,58,29,104
70.2205,25,59,29,103
70.2355,25,59,29,103
70.2498,25,59,29,103
70.2656,26,59,29,103
70.2805,26,59,29,103
70.2941,26,59,29,103
70.3116,26,58,30,104
70.3255,26,58,30,104
70.3405,26,58,30,104
70.3542,31,51,22,93
70.3695,31,51,22,93
70.3894,31,51,22,93
70.4123,39,33,14,78
70.4308,39,33,14,78
70.4454,38,34,13,78
70.4621,38,34,13,78
70.4810,38,34,13,78
70.4988,39,33,13,78
70.5141,39,33,13,78
70.5297,39,33,14,78
70.5457,39,33,14,78
70.5632,39,33,14,78
70.5895,38,34,13,78
70.6057,38,34,13,78
70.6216,38,33,13,78
70.6422,38,33,13,78
70.6632,38,33,14,79
70.6785,38,33,14,79
70.6976,38,33,14,79
70.7115,39,33,13,79
70.7279,39,33,13,79
70.7412,39,33,13,79
70.7541,38,33,13,78
70.7705,38,33,13,78
70.7842,38,33,13,78
70.8006,38,34,14,79
70.8136,38,34,14,79
70.8306,38,34,14,79
70.8427,38,34,14,78
70.8606,38,34,14,78
70.8738,38,34,14,78
70.8907,38,34,14,79
70.9048,38,34,14,79
70.9234,38,34,14,79
70.9366,39,33,13,78
70.9503,39,33,13,78
70.9665,39,33,13,78
70.9804,38,34,13,78
70.9955,38,34,13,78
71.0127,38,34,13,78
71.0275,38,34,14,79
71.0411,38,34,14,79
71.0549,38,34,14,79
71.0703,38,34,14,79
71.0840,38,34,14,79
71.1005,38,34,14,79
71.1135,39,34,14,79
71.1297,39,34,14,79
71.1446,39,34,14,79
71.1609,39,33,13,78
71.1746,39,33,13,78
71.1891,39,33,13,78
71.2011,38,33,14,79
71.2205,38,33,14,79
71.2335,38,33,14,79
71.2499,39,33,13,78
71.2640,39,33,13,78
71.2824,39,33,13,78
71.2956,38,34,13,78
71.3100,38,34,13,78
71.3248,38,34,13,78
71.3402,38,33,13,78
71.3532,38,33,13,78
71.3730,38,34,14,78
71.3886,38,34,14,78
71.4070,38,34,14,78
71.4291,39,33,14,78
71.4473,39,33,14,78
71.4610,38,33,14,79
71.4771,38,33,14,79
71.4911,38,33,14,79
71.5075,39,33,13,78
71.5234,39,33,13,78
71.5404,39,33,13,78
71.5555,39,34,14,78
71.5844,39,34,14,78
71.6033,38,33,13,78
71.6173,38,33,13,78
71.6364,38,33,13,78
71.6497,39,34,14,79
71.6654,39,34,14,79
71.6808,38,34,14,79
71.6968,38,34,14,79
71.7108,38,34,14,79
71.7285,39,33,14,79
71.7429,39,33,14,79
71.7601,39,33,14,79
71.7758,38,33,14,79
71.7902,38,33,14,79
71.8031,38,33,14,79
71.8217,39,33,13,78
71.8354,39,33,13,78
71.8514,39,33,13,78
71.8665,38,34,13,78
71.8815,38,34,13,78
71.8965,38,34,13,78
71.9106,38,34,13,78
71.9238,38,34,13,78
71.9392,38,34,13,78
71.9531,38,33,13,78
71.9703,38,33,13,78
71.9838,38,33,13,78
72.0006,38,33,14,79
72.0164,38,33,14,79
72.0301,38,33,14,79
72.0440,39,33,13,79
72.0599,39,33,13,79
72.0762,39,33,13,79
72.0901,38,33,13,78
72.1036,38,33,13,78
72.1193,38,33,13,78
72.1337,39,34,14,78
72.1515,39,34,14,78
72.1650,39,34,14,78
72.1789,39,33,13,78
72.1954,39,33,13,78
72.2107,39,33,13,78
72.2260,39,34,14,79
72.2403,39,34,14,79
72.2553,39,34,14,79
72.2716,39,34,14,79
72.2849,39,34,14,79
72.2991,39,34,14,79
72.3128,38,33,13,79
72.3301,38,33,13,79
72.3455,38,33,13,79
72.3642,36,38,13,80
72.3824,36,38,13,80
72.4045,15,73,20,99
72.4227,15,73,20,99
72.4378,15,73,23,99
72.4522,15,73,23,99
72.4698,15,73,23,99
72.4900,16,73,23,98
72.5076,16,73,23,98
72.5228,15,73,22,98
72.5406,15,73,22,98
72.5549,15,73,22,98
72.5770,16,74,22,98
72.5971,16,74,22,98
72.6123,16,74,22,98
72.6278,16,73,20,98
72.6423,16,73,20,98
72.6604,15,73,20,98
72.6751,15,73,20,98
72.6913,15,73,20,98
72.7044,16,73,23,98
72.7190,16,73,23,98
72.7340,16,73,23,98
72.7521,15,73,20,99
72.7668,15,73,20,99
72.7846,15,73,20,99
72.8005,15,73,22,99
72.8169,15,73,22,99
72.8320,15,73,20,99
72.8497,15,73,20,99
72.8671,15,73,20,99
72.8807,15,73,23,98
72.8980,15,73,23,98
72.9131,15,73,23,98
72.9305,16,74,21,99
72.9443,16,74,21,99
72.9615,16,74,21,99
72.9754,15,74,23,99
72.9913,15,74,23,99
73.0051,15,74,23,99
73.0210,16,74,22,98
73.0343,16,74,22,98
73.0503,16,74,22,98
73.0636,15,73,23,99
73.0789,15,73,23,99
73.0916,15,73,23,99
73.1084,15,73,21,99
73.1234,15,73,21,99
73.1391,15,73,21,99
73.1542,15,73,22,98
73.1702,15,73,22,98
73.1836,15,73,22,98
73.1996,16,73,22,98
73.2128,16,73,22,98
73.2306,16,73,22,98
73.2441,16,73,21,98
73.2625,16,73,21,98
73.2765,16,73,21,98
73.2902,15,73,20,98
73.3037,15,73,20,98
73.3191,15,73,20,98
73.3330,15,73,21,98
73.3504,15,73,21,98
73.3646,15,73,23,99
73.3811,15,73,23,99
73.3957,15,73,23,99
73.4121,16,74,20,98
73.4276,16,74,20,98
73.4448,16,74,20,98
73.4618,16,74,20,98
73.4798,16,74,20,98
73.5003,16,73,23,98
73.5153,16,73,23,98
73.5346,16,73,23,98
73.5478,16,74,20,99
73.5706,16,74,20,99
73.5947,16,74,22,98
73.6097,16,74,22,98
73.6288,16,74,22,98
73.6485,16,74,21,98
73.6627,16,74,21,98
73.6806,16,74,20,98
73.6953,16,74,20,98
73.7110,16,74,20,98
73.7247,16,74,22,98
73.7400,16,74,22,98
73.7524,16,74,22,98
73.7705,15,73,20,99
73.7837,15,73,20,99
73.7993,15,73,20,99
73.8135,16,74,22,98
73.8304,16,74,22,98
73.8446,16,74,22,98
73.8599,16,73,20,99
73.8766,16,73,20,99
73.8907,16,73,20,99
73.9036,15,73,22,98
73.9248,15,73,22,98
73.9388,15,73,22,98
73.9535,16,74,22,98
73.9670,16,74,22,98
73.9822,16,74,22,98
73.9961,16,73,22,99
74.0103,16,73,22,99
74.0236,16,73,22,99
74.0397,16,73,23,98
74.0546,16,73,23,98
74.0708,16,73,23,98
74.0845,16,74,20,99
74.0988,16,74,20,99
74.1168,16,74,20,99
74.1301,16,74,22,98
74.1435,16,74,22,98
74.1616,16,74,22,98
74.1756,16,74,23,99
74.1909,16,74,23,99
74.2043,16,74,23,99
74.2196,16,73,23,98
74.2335,16,73,23,98
74.2502,16,73,23,98
74.2644,15,73,22,98
74.2796,15,73,22,98
74.2920,16,73,22,98
74.3106,16,74,22,98
74.3265,16,74,22,98
74.3407,16,73,22,98
74.3546,16,73,21,99
74.3719,16,73,21,99
74.3858,15,40,51,99
74.4087,15,40,51,99
74.4232,15,40,51,99
74.4402,15,41,51,99
74.4534,15,41,51,99
74.4686,16,40,51,98
74.4897,16,40,51,98
74.5019,16,40,51,98
74.5162,16,40,51,98
74.5308,15,40,51,99
74.5476,15,40,51,99
74.5679,15,40,52,99
74.5896,15,40,52,99
74.6076,16,40,51,99
74.6260,16,40,51,99
74.6422,16,40,51,99
74.6569,15,40,52,98
74.6777,15,40,52,98
74.6914,15,40,52,98
74.7066,16,41,52,98
74.7213,16,41,52,98
74.7382,16,41,52,98
74.7514,16,40,52,99
74.7678,16,40,52,99
74.7827,16,41,52,98
74.7990,16,41,52,98
74.8136,16,41,52,98
74.8301,16,41,52,99
74.8440,16,41,52,99
74.8617,16,41,52,99
74.8754,16,41,52,98
74.8899,16,41,52,98
74.9035,16,41,52,98
74.9213,15,40,52,99
74.9336,15,40,52,99
74.9511,15,40,52,99
74.9661,15,40,51,98
74.9803,15,40,51,98
74.9948,15,40,51,98
75.0106,15,40,51,98
75.0236,15,40,51,98
75.0394,15,40,51,98
75.0538,15,40,51,99
75.0714,15,40,51,99
75.0846,15,40,51,99
75.0989,15,40,51,98
75.1135,15,40,51,98
75.1301,15,40,51,98
75.1457,15,40,51,99
75.1615,15,40,51,99
75.1752,15,40,51,99
75.1913,15,40,52,99
75.2045,15,40,52,99
75.2191,15,40,52,99
75.2346,16,41,52,98
75.2499,16,41,52,98
75.2635,16,41,52,98
75.2797,15,40,51,99
75.2935,15,40,51,99
75.3107,15,40,51,99
75.3237,16,41,52,98
75.3392,16,41,52,98
75.3546,16,41,52,98
75.3729,15,40,52,99
75.3897,15,40,52,99
75.4093,16,41,51,98
75.4307,16,41,51,98
75.4476,15,41,51,98
75.4652,15,40,51,99
75.4808,15,40,51,99
75.4968,15,40,52,98
75.5197,15,40,52,98
75.5358,15,40,52,98
75.5536,15,40,52,98
75.5798,16,41,52,98
75.5996,16,41,51,98
75.6133,16,41,51,98
75.6272,16,41,51,98
75.6447,16,41,51,98
75.6615,16,41,51,98
75.6798,16,40,51,99
75.6977,16,40,51,99
75.7096,16,40,51,99
75.7271,16,41,51,99
75.7411,16,41,51,99
75.7570,16,41,51,99
75.7742,16,41,51,99
75.7903,16,41,51,99
75.8039,15,40,51,98
75.8191,15,40,51,98
75.8332,15,40,51,98
75.8502,15,40,51,98
75.8636,15,40,51,98
75.8788,15,40,51,98
75.8927,15,40,51,99
75.9107,15,40,51,99
75.9253,15,40,51,99
75.9407,16,41,51,98
75.9548,16,41,51,98
75.9701,16,41,51,98
75.9831,16,41,51,99
75.9997,16,41,51,99
76.0142,16,41,51,99
76.0313,15,40,52,99
76.0452,15,40,52,99
76.0600,15,40,52,99
76.0752,15,40,51,98
76.0900,15,40,51,98
76.1038,15,40,51,98
76.1188,15,40,51,98
76.1326,15,40,51,98
76.1500,15,40,51,98
76.1638,16,41,51,98
76.1787,16,41,51,98
76.1937,16,41,51,98
76.2106,16,41,51,99
76.2238,16,41,51,99
76.2392,16,41,51,99
76.2527,15,40,52,98
76.2700,15,40,52,98
76.2836,15,40,52,98
76.2988,15,40,52,98
76.3112,15,40,52,98
76.3274,15,40,52,98
76.3410,15,40,51,99
76.3577,15,40,51,99
76.3775,15,40,51,99
76.3947,28,53,24,97
76.4108,28,53,24,97
76.4305,31,55,19,95
76.4502,31,55,19,95
76.4651,31,55,19,95
76.4821,31,56,19,95
76.4996,31,56,19,95
76.5161,30,56,18,97
76.5325,30,56,18,97
76.5486,30,56,18,97
76.5763,30,56,19,97
76.5974,30,56,19,97
76.6126,30,56,19,95
76.6303,30,56,19,95
76.6453,30,56,19,97
76.6614,30,56,19,97
76.6765,30,56,19,97
76.6940,30,55,18,95
76.7093,30,55,18,95
76.7233,30,55,18,95
76.7371,31,56,19,95
76.7525,31,56,19,95
76.7712,31,56,19,95
76.7869,30,56,19,97
76.8000,30,56,19,97
76.8171,30,56,19,97
76.8295,30,56,18,95
76.8470,30,56,18,95
76.8610,30,56,18,95
76.8779,30,55,19,95
76.8920,30,55,19,95
76.9119,30,55,19,95
76.9255,30,55,18,95
76.9417,30,55,18,95
76.9567,30,55,19,95
76.9721,30,55,19,95
76.9856,30,55,19,95
76.9994,30,55,19,95
77.0145,30,55,18,95
77.0298,30,55,18,95
77.0432,30,56,18,97
77.0610,30,56,18,97
77.0754,30,56,18,97
77.0901,30,55,18,97
77.1032,30,55,18,97
77.1205,30,55,18,97
77.1341,30,56,19,95
77.1498,30,56,19,95
77.1634,30,56,19,95
77.1801,30,56,19,97
77.1927,30,56,19,97
77.2109,30,56,19,97
77.2253,30,56,18,97
77.2395,30,56,18,97
77.2515,30,56,18,97
77.2702,30,55,18,95
77.2839,30,55,18,95
77.3016,30,55,18,95
77.3153,30,55,18,95
77.3297,30,55,18,95
77.3440,30,55,18,95
77.3641,30,55,18,95
77.3802,30,55,18,95
77.3958,30,55,18,95
77.4130,31,56,19,95
77.4327,31,56,19,95
77.4501,30,56,18,97
77.4678,30,56,18,97
77.4851,30,56,18,97
77.5003,30,56,19,95
77.5156,30,56,19,95
77.5315,31,55,18,97
77.5491,31,55,18,97
77.5735,30,55,18,97
77.5936,30,55,18,97
77.6140,30,55,18,97
77.6276,30,56,19,95
77.6429,30,56,19,95
77.6575,30,56,19,95
77.6791,30,56,19,97
77.6968,30,56,19,97
77.7106,30,55,19,95
77.7270,30,55,19,95
77.7411,30,55,19,95
77.7583,31,55,18,97
77.7737,31,55,18,97
77.7910,31,55,18,97
77.8051,30,55,18,95
77.8197,30,55,18,95
77.8347,30,55,18,95
77.8487,30,56,19,97
77.8618,30,56,19,97
77.8773,30,56,19,97
77.8909,31,55,19,95
77.9067,31,55,19,95
77.9245,31,55,19,95
77.9400,31,55,19,95
77.9534,31,55,19,95
77.9690,31,55,19,95
77.9833,31,55,19,95
77.9998,31,55,19,95
78.0154,31,55,19,95
78.0295,31,56,19,97
78.0435,31,56,19,97
78.0613,31,56,19,97
78.0756,30,56,18,97
78.0895,30,56,18,97
78.1044,30,56,18,97
78.1197,30,55,18,97
78.1352,30,55,18,97
78.1496,30,55,18,97
78.1634,30,56,19,95
78.1808,30,56,19,95
78.1943,30,56,19,95
78.2088,30,55,18,97
78.2283,30,55,18,97
78.2469,30,56,19,95
78.2620,30,56,19,95
78.2775,30,56,19,95
78.2916,31,55,18,95
78.3070,31,55,18,95
78.3230,31,55,18,95
78.3396,31,55,18,97
78.3530,31,55,18,97
78.3705,31,55,18,97
78.3831,34,50,15,90
78.4056,34,50,15,90
78.4208,36,46,17,85
78.4377,36,46,17,85
78.4595,36,44,15,86
78.4794,36,44,15,86
78.4955,36,44,15,86
78.5097,35,44,17,85
78.5307,35,44,17,85
78.5524,35,46,17,85
78.5706,35,46,17,85
78.5933,35,45,15,85
78.6110,35,45,15,86
78.6228,35,45,15,86
78.6427,35,46,17,85
78.6601,35,46,17,85
78.6754,35,46,17,85
78.6893,36,45,15,85
78.7055,36,45,15,85
78.7202,36,45,15,85
78.7352,36,46,17,85
78.7495,36,46,17,85
78.7655,36,46,17,85
78.7789,35,45,17,85
78.7937,35,45,17,85
78.8094,35,45,17,85
78.8268,36,46,17,85
78.8415,36,46,17,85
78.8567,36,46,17,85
78.8766,35,45,17,86
78.8904,35,45,17,86
78.9070,36,46,17,85
78.9214,36,46,17,85
78.9376,36,46,17,85
78.9514,36,46,17,85
78.9670,36,46,17,86
78.9802,36,46,17,86
78.9966,36,46,17,85
79.0125,36,46,17,85
79.0297,36,46,17,85
79.0435,36,46,15,86
79.0597,36,46,15,86
79.0737,36,46,15,86
79.0910,35,45,15,86
79.1040,35,45,15,86
79.1187,35,45,15,86
79.1333,35,45,17,85
79.1497,35,45,17,85
79.1635,35,45,17,85
79.1793,35,45,15,85
79.1938,35,45,15,85
79.2124,35,45,15,85
79.2252,36,45,15,86
79.2394,36,45,15,86
79.2534,36,45,15,86
79.2703,36,45,15,86
79.2847,36,45,15,86
79.2996,36,45,15,86
79.3156,36,46,17,85
79.3303,36,46,17,85
79.3434,36,46,17,85
79.3622,36,46,15,86
79.3785,36,46,15,86
79.3945,36,46,17,86
79.4103,36,46,17,86
79.4280,36,46,17,86
79.4496,35,45,15,85
79.4632,35,45,15,85
79.4786,35,45,15,85
79.4937,36,46,17,85
79.5124,36,46,17,85
79.5282,35,45,15,86
79.5471,35,45,15,86
79.5697,34,45,17,86
79.5881,34,45,17,86
79.6080,34,45,17,86
79.6255,35,45,17,86
79.6411,35,45,17,86
79.6547,35,45,17,86
79.6701,36,44,15,85
79.6866,36,44,15,85
79.7000,36,44,15,85
79.7131,35,44,15,86
79.7303,35,44,15,86
79.7442,36,46,15,86
79.7622,36,46,17,86
79.7769,36,46,17,86
79.7904,36,46,17,85
79.8074,36,46,17,85
79.8219,36,46,17,85
79.8397,34,45,17,85
79.8541,34,45,17,85
79.8706,34,45,17,85
79.8843,35,45,15,85
79.8996,35,45,15,85
79.9126,35,45,15,85
79.9292,35,45,17,85
79.9429,35,45,17,85
79.9629,35,45,17,85
79.9764,35,45,15,85
79.9903,35,45,15,85
80.0041,35,45,15,85
80.0214,35,46,17,85
80.0352,35,46,17,85
80.0494,35,46,17,85
80.0631,36,46,17,85
80.0796,36,46,17,85
80.0913,36,46,17,85
80.1082,35,46,15,85
80.1243,35,46,15,85
80.1399,35,46,15,85
80.1539,36,46,17,86
80.1690,36,46,17,86
80.1813,36,46,17,86
80.1997,35,45,15,85
80.2127,35,45,15,85
80.2290,35,45,15,85
80.2428,36,46,17,85
80.2617,36,46,17,85
80.2750,36,46,17,85
80.2906,35,45,17,85
80.3066,35,45,17,85
80.3215,36,45,15,86
80.3396,36,45,15,86
80.3527,36,45,15,86
80.3697,29,53,24,95
80.3876,29,53,24,95
80.4066,29,53,24,95
80.4289,15,66,41,112
80.4450,15,66,41,112
80.4631,16,65,41,112
80.4787,16,65,41,112
80.5000,16,65,41,112
80.5183,16,69,43,114
80.5351,16,69,43,114
80.5498,15,65,40,112
80.5738,15,65,40,112
80.5927,16,65,42,110
80.6101,16,65,42,110
80.6253,16,65,42,110
80.6432,16,69,42,113
80.6576,16,69,42,113
80.6772,16,69,42,113
80.6966,16,69,43,110
80.7110,16,69,43,110
80.7285,15,65,40,110
80.7425,15,65,40,110
80.7596,15,65,40,110
80.7736,16,68,43,113
80.7908,16,68,43,113
80.8045,16,68,43,113
80.8196,15,68,43,113
80.8333,15,68,43,113
80.8486,15,68,43,113
80.8633,15,65,41,110
80.8796,15,65,41,110
80.8931,15,65,41,110
80.9100,15,65,40,110
80.9235,15,65,40,110
80.9412,15,65,40,110
80.9543,15,65,42,112
80.9685,15,65,42,112
80.9832,15,65,42,112
80.9996,15,68,43,112
81.0156,15,68,43,112
81.0297,15,68,43,112
81.0446,16,69,42,110
81.0610,16,69,42,110
81.0744,16,69,42,110
81.0885,16,68,41,112
81.1042,16,68,41,112
81.1204,16,68,41,112
81.1335,15,65,41,110
81.1503,15,65,41,110
81.1643,15,68,43,113
81.1804,15,68,43,113
81.1939,15,68,43,113
81.2108,16,66,40,110
81.2256,16,66,40,110
81.2403,16,66,40,110
81.2541,15,66,40,110
81.2686,15,65,40,110
81.2832,15,65,40,110
81.3001,15,65,40,110
81.3132,15,65,40,110
81.3297,15,65,40,110
81.3430,16,69,40,110
81.3615,16,69,40,110
81.3778,16,69,40,110
81.3959,16,68,43,114
81.4136,16,68,43,114
81.4294,16,68,43,114
81.4441,16,69,43,113
81.4658,16,69,43,113
81.4807,16,69,40,112
81.4965,16,69,40,112
81.5126,16,69,40,112
81.5287,16,69,40,110
81.5445,16,69,40,110
81.5695,15,68,42,110
81.5954,15,68,42,110
81.6111,16,69,43,114
81.6265,16,69,43,114
81.6414,16,69,43,114
81.6610,16,68,43,113
81.6776,16,68,43,113
81.6915,16,68,43,113
81.7072,15,68,42,113
81.7241,15,68,42,113
81.7380,15,68,42,113
81.7514,15,65,41,112
81.7652,15,65,41,112
81.7831,15,65,41,112
81.7965,15,68,42,113
81.8110,15,68,42,113
81.8240,15,68,42,113
81.8388,16,69,42,113
81.8534,16,69,42,113
81.8696,16,69,42,113
81.8826,15,68,43,114
81.8985,15,68,43,114
81.9128,15,68,43,114
81.9295,15,69,43,113
81.9425,15,69,43,113
81.9560,15,69,43,113
81.9700,16,69,43,114
81.9837,16,69,43,114
81.9995,16,69,43,114
82.0136,16,69,41,112
82.0298,16,69,41,112
82.0446,16,69,41,112
82.0607,15,68,42,114
82.0748,15,68,42,114
82.0898,15,68,42,114
82.1037,15,68,42,110
82.1202,15,68,42,110
82.1332,15,68,42,110
82.1478,16,66,42,112
82.1634,16,66,42,112
82.1769,16,66,42,112
82.1920,15,68,42,114
82.2056,15,68,42,114
82.2211,15,68,42,114
82.2344,16,68,43,110
82.2502,16,68,43,110
82.2635,16,68,43,110
82.2796,15,66,40,112
82.2918,15,66,40,112
82.3088,15,66,40,112
82.3243,16,69,43,112
82.3383,16,69,43,112
82.3531,16,69,43,112
82.3713,16,64,41,112
82.3856,16,64,41,112
82.4020,16,64,41,112
82.4192,31,39,35,97
82.4344,31,39,35,97
82.4500,28,38,36,95
82.4661,28,38,36,95
82.4817,28,38,36,95
82.4957,31,38,36,97
82.5120,31,38,36,97
82.5283,31,38,36,97
82.5433,29,38,36,95
82.5701,29,38,36,95
82.5917,28,38,36,95
82.6098,28,38,36,95
82.6287,30,38,33,94
82.6432,30,38,33,94
82.6615,30,38,33,94
82.6757,30,39,35,95
82.6905,30,39,35,95
82.7043,30,39,35,95
82.7215,30,38,36,97
82.7353,30,38,36,97
82.7494,30,38,36,97
82.7664,29,38,35,95
82.7803,29,38,35,95
82.7939,29,38,35,95
82.8118,31,38,35,97
82.8255,31,38,35,97
82.8404,31,38,35,97
82.8537,28,38,36,97
82.8690,28,38,36,97
82.8837,28,38,36,97
82.9000,31,39,35,95
82.9138,31,39,35,95
82.9290,31,39,35,95
82.9436,31,39,36,95
82.9610,31,39,36,95
82.9748,31,39,36,95
82.9894,30,39,36,97
83.0036,30,39,36,97
83.0211,30,39,36,97
83.0348,30,39,36,97
83.0493,30,39,36,97
83.0643,30,39,36,97
83.0795,28,38,36,97
83.0928,28,38,36,97
83.1116,28,38,36,97
83.1252,28,38,35,95
83.1411,28,38,35,95
83.1549,28,38,35,95
83.1703,31,38,36,97
83.1847,31,38,36,97
83.1994,31,38,36,97
83.2128,30,39,35,95
83.2288,30,39,35,95
83.2426,30,39,35,95
83.2608,31,38,35,95
83.2747,31,38,35,95
83.2911,31,38,35,95
83.3052,29,39,36,95
83.3208,29,39,36,95
83.3345,29,39,36,95
83.3486,28,39,35,97
83.3627,28,39,35,97
83.3806,28,39,35,97
83.3943,29,38,36,95
83.4105,29,38,36,95
83.4284,30,39,36,95
83.4443,30,39,36,95
83.4573,30,39,36,95
83.4740,30,39,35,95
83.4896,30,39,35,95
83.5060,30,39,35,95
83.5214,28,38,35,97
83.5397,28,38,35,97
83.5539,29,39,36,95
83.5772,29,39,36,95
83.5991,29,39,36,95
83.6133,28,39,35,97
83.6300,28,39,35,97
83.6446,28,39,35,97
83.6615,31,39,33,94
83.6798,31,39,33,94
83.6955,31,39,35,97
83.7122,31,39,35,97
83.7281,31,39,35,97
83.7417,29,38,36,95
83.7608,29,38,36,95
83.7743,29,38,36,95
83.7893,29,38,36,95
83.8031,29,38,36,95
83.8210,29,38,36,95
83.8345,31,38,36,97
83.8484,31,38,36,97
83.8631,31,38,36,97
83.8794,30,39,35,97
83.8951,30,39,35,97
83.9101,30,39,35,97
83.9243,29,38,36,97
83.9408,29,38,36,97
83.9542,29,38,36,97
83.9695,31,38,35,97
83.9824,31,38,35,97
83.9995,31,38,35,97
84.0136,30,39,35,95
84.0284,30,39,35,95
84.0415,30,39,35,95
84.0584,30,39,36,95
84.0738,30,39,36,95
84.0897,28,39,35,97
84.1067,28,39,35,97
84.1265,28,39,35,97
84.1414,31,39,35,97
84.1566,31,39,35,97
84.1726,31,39,35,97
84.1901,31,38,35,97
84.2032,31,38,35,97
84.2202,31,38,35,97
84.2327,31,38,35,97
84.2500,31,38,35,97
84.2631,31,38,35,97
84.2796,31,38,36,97
84.2937,31,38,36,97
84.3107,31,38,36,97
84.3251,28,39,35,95
84.3403,28,39,35,95
84.3551,29,38,35,97
84.3743,29,38,35,97
84.3886,29,38,35,97
84.4090,23,39,43,99
84.4296,23,39,43,99
84.4441,23,39,43,99
84.4627,23,38,42,98
84.4815,23,38,42,98
84.4975,23,39,43,98
84.5187,23,39,43,98
84.5313,24,39,43,99
84.5501,24,39,43,99
84.5686,24,39,43,99
84.5936,23,39,42,98
84.6116,23,39,42,98
84.6272,23,38,43,99
84.6457,23,38,43,99
84.6615,23,38,43,99
84.6767,24,38,42,98
84.6907,24,38,42,98
84.7067,24,38,42,98
84.7220,24,38,43,99
84.7409,24,38,43,99
84.7545,24,38,43,99
84.7683,24,39,43,99
84.7824,24,39,43,99
84.7994,24,39,43,99
84.8140,24,39,43,98
84.8285,24,39,43,98
84.8408,24,39,43,98
84.8600,23,38,43,99
84.8735,23,38,43,99
84.8870,23,39,42,99
84.9051,23,39,42,99
84.9194,23,39,42,99
84.9343,23,40,42,99
84.9482,23,40,42,99
84.9647,23,40,42,99
84.9782,24,39,42,98
84.9918,24,39,42,98
85.0058,24,39,42,98
85.0227,23,41,42,99
85.0383,23,41,42,99
85.0529,23,41,42,99
85.0675,24,41,42,99
85.0834,24,41,42,99
85.0978,24,41,42,99
85.1126,24,39,42,99
85.1256,24,39,42,99
85.1397,24,39,42,99
85.1546,23,38,43,99
85.1701,23,38,43,99
85.1830,23,38,43,99
85.1987,24,39,43,98
85.2133,24,39,43,98
85.2317,24,39,43,98
85.2433,24,38,43,98
85.2624,24,38,43,98
85.2765,24,38,43,98
85.2896,24,39,43,99
85.3030,24,39,43,99
85.3192,24,39,43,99
85.3331,23,39,42,98
85.3500,23,39,42,98
85.3648,23,39,42,98
85.3808,23,38,43,99
85.4103,23,38,43,99
85.4286,24,38,42,98
85.4431,24,38,42,98
85.4615,24,38,42,98
85.4772,24,38,43,99
85.4971,24,38,43,99
85.5142,24,39,42,98
85.5316,24,39,42,98
85.5472,24,39,42,98
85.5693,24,39,42,99
85.5884,24,39,42,99
85.6046,23,38,42,99
85.6268,23,38,42,99
85.6406,23,38,42,99
85.6541,24,39,43,98
85.6688,24,39,43,98
85.6873,24,39,42,99
85.7015,24,39,42,99
85.7173,24,39,42,99
85.7325,23,39,42,98
85.7461,23,39,42,98
85.7632,23,39,42,98
85.7774,24,38,42,98
85.7895,24,38,42,98
85.8040,24,38,42,98
85.8202,24,38,42,99
85.8348,24,38,42,99
85.8494,24,38,42,99
85.8626,24,39,42,98
85.8788,24,39,42,98
85.8911,24,39,42,98
85.9070,23,39,42,98
85.9220,23,39,43,98
85.9390,23,39,43,98
85.9526,24,38,42,98
85.9709,24,38,42,98
85.9858,24,38,42,98
86.0006,23,38,43,98
86.0156,23,38,43,98
86.0308,23,38,43,98
86.0445,24,39,42,99
86.0601,24,39,42,99
86.0758,24,39,42,99
86.0894,23,38,42,99
86.1036,23,38,42,99
86.1185,23,38,42,99
86.1323,23,38,43,98
86.1499,23,38,43,98
86.1635,23,38,43,98
86.1787,23,39,43,99
86.1937,23,39,43,99
86.2107,23,39,43,99
86.2237,24,38,42,99
86.2387,24,38,42,99
86.2524,24,38,42,99
86.2698,23,39,43,98
86.2831,23,39,43,98
86.2984,23,39,43,98
86.3108,24,39,43,98
86.3266,24,39,43,98
86.3409,24,39,43,98
86.3576,23,38,43,98
86.3826,23,38,43,98
86.4033,24,60,25,98
86.4180,24,60,25,98
86.4367,23,69,20,98
86.4567,23,69,20,102
86.4734,23,69,20,102
86.4910,24,69,21,102
86.5055,24,69,21,102
86.5282,23,69,21,102
86.5433,23,69,21,102
86.5616,23,69,21,102
86.5816,23,68,20,100
86.5994,23,68,20,100
86.6156,23,68,20,100
86.6299,23,69,20,102
86.6438,23,69,20,102
86.6614,24,69,20,102
86.6759,24,69,21,100
86.6908,24,69,21,100
86.7053,24,68,21,100
86.7217,24,68,21,100
86.7353,24,68,21,100
86.7500,23,69,20,100
86.7667,23,69,20,100
86.7806,23,69,20,100
86.7939,23,68,21,100
86.8100,23,68,21,102
86.8237,23,68,21,102
86.8395,23,68,21,102
86.8525,23,68,20,100
86.8697,23,68,20,100
86.8840,24,69,20,100
86.9005,24,69,20,100
86.9136,24,69,20,100
86.9283,23,68,21,100
86.9437,23,68,21,100
86.9608,23,68,21,100
86.9751,24,69,21,100
86.9890,24,69,21,100
87.0025,24,69,21,100
87.0202,24,69,21,99
87.0339,24,69,21,99
87.0482,24,69,21,99
87.0640,23,68,20,102
87.0798,23,68,20,102
87.0929,23,68,20,102
87.1098,24,68,20,102
87.1236,24,68,20,102
87.1397,24,68,20,102
87.1526,23,69,20,102
87.1684,23,69,20,102
87.1824,23,69,20,102
87.1996,24,69,21,102
87.2136,24,69,21,102
87.2283,24,69,21,102
87.2414,23,69,21,99
87.2593,23,69,21,99
87.2726,23,69,21,99
87.2872,24,69,20,100
87.3048,24,69,20,100
87.3173,24,69,20,100
87.3306,24,69,20,98
87.3458,24,69,20,98
87.3645,24,69,20,98
87.3799,23,69,21,100
87.3949,23,69,21,100
87.4122,23,69,21,100
87.4285,23,68,20,102
87.4435,23,68,20,102
87.4613,24,69,20,100
87.4785,24,69,20,100
87.4969,24,69,20,100
87.5168,24,69,21,100
87.5328,24,69,21,100
87.5483,23,68,20,100
87.5726,23,68,20,100
87.5934,24,68,21,100
87.6121,24,68,21,100
87.6272,24,68,21,100
87.6467,23,69,21,100
87.6613,23,69,21,100
87.6784,23,69,21,100
87.6932,24,68,21,100
87.7108,24,68,21,100
87.7243,24,68,21,100
87.7397,24,69,20,100
87.7530,24,69,20,100
87.7712,23,68,21,100
87.7844,23,68,21,100
87.7978,23,68,21,100
87.8147,23,68,21,102
87.8282,23,68,21,102
87.8470,23,68,21,102
87.8607,24,68,21,102
87.8788,24,68,21,102
87.8917,24,68,21,102
87.9107,24,69,21,102
87.9242,24,69,21,102
87.9396,24,69,21,102
87.9530,24,69,20,100
87.9698,24,69,20,100
87.9827,24,69,20,100
87.9987,24,68,20,102
88.0136,24,68,20,102
88.0316,24,68,20,102
88.0454,23,68,20,102
88.0617,23,68,20,102
88.0754,23,68,20,102
88.0896,24,68,20,102
88.1028,24,68,20,102
88.1192,24,68,20,102
88.1316,23,69,20,102
88.1516,23,69,20,102
88.1652,23,69,20,102
88.1794,24,69,21,99
88.1942,24,69,21,99
88.2110,24,69,21,99
88.2250,23,68,20,100
88.2394,23,68,20,100
88.2537,23,68,20,100
88.2700,24,69,20,100
88.2839,24,69,20,100
88.2983,24,69,20,100
88.3136,23,68,21,100
88.3294,23,68,21,100
88.3427,23,68,21,100
88.3637,23,68,21,102
88.3790,23,68,21,102
88.4024,24,63,24,100
88.4211,24,63,24,100
88.4350,26,59,28,100
88.4495,26,59,28,100
88.4650,26,59,28,100
88.4797,26,59,28,102
88.4980,26,59,28,102
88.5127,26,59,28,102
88.5282,26,59,28,100
88.5468,26,59,28,100
88.5711,26,59,26,100
88.5892,26,59,26,100
88.6104,26,59,26,100
88.6258,26,59,28,100
88.6401,26,59,28,100
88.6549,26,59,28,100
88.6694,26,58,26,102
88.6887,26,58,26,102
88.7023,26,59,26,102
88.7200,26,59,26,102
88.7335,26,59,26,102
88.7516,26,59,26,102
88.7651,26,59,26,102
88.7795,26,59,26,102
88.7925,26,59,28,102
88.8098,26,59,28,102
88.8259,26,59,28,102
88.8394,25,58,26,102
88.8525,25,58,26,102
88.8699,25,58,26,102
88.8835,25,58,28,100
88.9007,25,58,28,100
88.9123,25,58,28,100
88.9284,25,58,28,102
88.9433,25,58,28,102
88.9607,25,58,28,102
88.9746,26,58,26,102
88.9897,26,58,26,102
89.0044,26,58,26,102
89.0210,25,59,26,100
89.0346,25,59,26,100
89.0496,25,59,26,100
89.0633,26,59,28,102
89.0793,26,59,28,102
89.0930,26,59,28,102
89.1102,26,59,26,102
89.1224,26,59,26,102
89.1394,26,59,26,102
89.1531,26,59,26,100
89.1705,26,59,26,100
89.1830,26,59,26,100
89.1994,26,59,29,100
89.2130,26,59,29,100
89.2282,26,59,29,100
89.2420,25,59,26,102
89.2594,25,59,26,102
89.2759,25,59,26,102
89.2896,25,59,26,102
89.3028,25,59,26,102
89.3207,26,59,28,102
89.3345,26,59,28,102
89.3488,26,59,28,102
89.3631,26,59,26,102
89.3806,26,59,26,102
89.3963,26,59,26,102
89.4153,26,58,29,100
89.4284,26,58,29,100
89.4439,26,58,29,100
89.4597,25,58,26,102
89.4776,25,58,26,102
89.4965,25,58,26,102
89.5133,26,59,28,100
89.5292,26,59,28,100
89.5462,26,59,29,100
89.5641,26,59,29,100
89.5924,26,58,28,100
89.6066,26,58,28,100
89.6226,26,58,28,100
89.6387,25,58,28,100
89.6546,25,58,28,100
89.6702,25,58,28,100
89.6850,25,58,26,100
89.6990,25,58,26,100
89.7157,25,58,26,100
89.7287,26,59,30,100
89.7437,26,59,30,100
89.7574,26,59,30,100
89.7720,26,59,28,102
89.7885,26,59,28,102
89.8035,26,59,28,102
89.8177,25,58,29,100
89.8349,25,58,29,100
89.8484,25,58,29,100
89.8639,26,58,28,100
89.8773,26,58,28,100
89.8902,26,58,28,100
89.9044,26,59,26,102
89.9184,26,59,26,102
89.9361,26,59,26,102
89.9498,25,58,28,100
89.9662,25,58,28,100
89.9819,26,58,26,100
89.9996,26,58,26,100
90.0137,26,58,26,100
90.0289,26,58,26,100
90.0425,26,59,28,102
90.0612,26,59,28,102
90.0746,26,59,26,102
90.0888,26,59,26,102
90.1034,26,59,26,102
90.1196,26,58,30,102
90.1332,26,58,30,102
90.1482,26,58,30,102
90.1645,25,58,26,102
90.1795,25,58,26,102
90.1926,25,58,26,102
90.2116,26,59,26,102
90.2258,26,59,26,102
90.2405,26,59,26,102
90.2534,26,58,28,100
90.2684,26,58,28,100
90.2836,26,58,28,100
90.2993,26,59,26,102
90.3123,26,59,26,102
90.3280,26,59,26,102
90.3419,25,58,28,100
90.3599,25,58,28,100
90.3786,25,58,28,100
90.3963,29,51,23,94
90.4117,29,51,23,94
90.4296,39,34,14,78
90.4471,39,34,14,78
90.4651,39,34,14,78
90.4808,38,34,14,79
90.4969,38,34,14,79
90.5123,38,34,14,79
90.5297,39,34,14,78
90.5419,39,34,14,78
90.5649,38,34,14,79
90.5894,38,34,14,79
90.6019,39,34,14,79
90.6194,39,34,14,78
90.6357,39,34,14,78
90.6550,39,33,13,78
90.6769,39,33,13,78
90.6902,39,33,13,78
90.7072,39,34,13,78
90.7232,39,34,13,78
90.7402,39,33,14,79
90.7533,39,33,14,79
90.7666,39,33,14,79
90.7819,39,33,14,79
90.7954,39,34,14,79
90.8108,39,34,14,79
90.8240,39,34,14,79
90.8400,38,34,14,79
90.8532,38,34,14,79
90.8696,38,34,14,79
90.8826,39,33,14,79
90.8991,39,33,14,79
90.9139,38,34,14,78
90.9314,38,34,14,78
90.9451,38,34,14,78
90.9600,39,33,14,78
90.9764,39,33,14,78
90.9902,39,33,14,78
91.0016,35,34,13,78
91.0216,35,34,13,78
91.0353,35,34,13,78
91.0514,38,34,14,79
91.0650,38,34,14,79
91.0791,38,34,14,79
91.0952,38,34,13,78
91.1107,38,34,13,78
91.1252,38,34,13,78
91.1391,38,34,13,79
91.1524,38,34,13,79
91.1694,38,34,13,79
91.1825,39,33,14,79
91.1981,39,33,14,79
91.2124,39,33,14,79
91.2301,35,33,13,78
91.2436,35,33,13,78
91.2608,35,33,13,78
91.2735,36,33,13,78
91.2895,36,33,13,78
91.3026,36,33,13,78
91.3206,38,34,14,79
91.3339,38,34,14,79
91.3493,38,34,14,79
91.3632,36,34,14,79
91.3810,36,34,14,79
91.4091,39,33,14,78
91.4252,39,33,14,78
91.4401,39,33,14,78
91.4566,35,34,13,78
91.4768,35,34,13,78
91.4965,35,33,13,78
91.5133,35,33,13,78
91.5312,35,33,13,78
91.5458,35,34,13,78
91.5601,35,34,13,78
91.5893,35,33,13,78
91.6043,35,33,13,78
91.6186,35,33,13,78
91.6322,35,33,14,78
91.6495,35,33,14,78
91.6638,35,33,14,78
91.6809,35,33,14,79
91.6931,35,33,14,79
91.7107,35,33,14,79
91.7244,35,33,13,78
91.7387,35,33,13,78
91.7522,35,33,13,78
91.7692,36,34,13,79
91.7822,36,34,13,79
91.7983,36,34,13,79
91.8121,38,33,14,79
91.8292,38,33,14,79
91.8432,38,33,14,79
91.8610,39,33,13,78
91.8749,39,33,13,78
91.8892,39,33,13,78
91.9021,36,34,14,79
91.9203,36,34,14,79
91.9342,39,34,13,79
91.9507,39,34,13,79
91.9642,39,34,13,79
91.9782,36,33,14,78
91.9930,36,33,14,78
92.0106,36,33,14,78
92.0269,38,33,14,79
92.0431,38,33,14,79
92.0595,38,33,14,79
92.0744,39,33,13,78
92.0902,39,33,13,78
92.1068,39,33,13,78
92.1218,35,34,13,79
92.1393,35,34,13,79
92.1527,35,34,13,79
92.1681,35,33,13,78
92.1820,35,33,13,78
92.1992,35,33,13,78
92.2127,35,33,13,78
92.2286,35,33,13,78
92.2426,36,34,14,78
92.2594,36,34,14,78
92.2728,36,34,14,78
92.2878,36,34,14,78
92.3014,36,34,13,78
92.3179,36,34,13,78
92.3326,36,34,13,78
92.3465,36,34,14,79
92.3643,36,34,14,79
92.3800,36,36,14,79
92.3963,36,36,14,79
92.4118,36,36,14,79
92.4304,16,74,20,99
92.4441,16,74,20,99
92.4609,16,74,20,99
92.4792,15,73,20,99
92.5038,15,73,20,99
92.5214,15,73,21,98
92.5361,15,73,21,98
92.5507,15,73,21,98
92.5680,15,73,20,98
92.5896,15,73,20,98
92.6075,16,74,20,98
92.6263,16,74,20,98
92.6430,15,73,20,99
92.6595,15,73,20,99
92.6764,15,73,20,99
92.6960,15,73,20,98
92.7106,15,73,20,98
92.7269,15,73,20,98
92.7396,15,74,20,99
92.7560,15,74,20,99
92.7711,15,74,20,99
92.7879,16,74,21,95
92.8026,16,74,21,95
92.8195,16,74,21,95
92.8326,16,74,20,95
92.8481,16,74,20,95
92.8623,16,74,20,98
92.8795,16,74,20,98
92.8934,16,74,20,98
92.9117,15,73,21,98
92.9260,15,73,21,98
92.9401,15,73,21,98
92.9531,15,73,20,95
92.9681,15,73,20,95
92.9826,15,73,20,95
92.9995,15,73,21,97
93.0137,15,73,21,97
93.0301,15,73,21,97
93.0444,15,73,20,95
93.0595,15,73,20,95
93.0745,15,73,20,95
93.0887,16,74,20,98
93.1024,16,74,20,98
93.1193,16,74,20,98
93.1328,15,73,20,98
93.1478,15,73,20,98
93.1617,15,73,20,98
93.1803,16,74,20,95
93.1933,16,74,20,95
93.2097,16,74,20,95
93.2253,16,74,20,95
93.2392,16,74,20,95
93.2529,16,74,20,95
93.2697,15,73,21,97
93.2831,15,73,21,97
93.2992,15,73,21,97
93.3131,15,73,20,97
93.3280,15,73,20,97
93.3418,15,73,20,97
93.3624,16,74,20,99
93.3770,16,74,20,99
93.3938,16,74,20,99
93.4076,15,73,21,97
93.4265,15,73,21,97
93.4406,16,74,20,95
93.4568,16,74,20,95
93.4705,16,74,20,95
93.4866,16,74,20,97
93.5005,16,74,20,97
93.5207,16,74,20,97
93.5366,15,73,21,97
93.5505,15,73,21,97
93.5692,15,73,21,97
93.5895,16,74,20,98
93.6096,16,74,20,98
93.6228,16,74,20,95
93.6401,16,74,20,95
93.6552,16,74,20,95
93.6777,15,73,21,97
93.6913,15,73,21,97
93.7050,15,73,20,98
93.7216,15,73,20,98
93.7344,15,73,20,98
93.7506,15,73,20,98
93.7638,15,73,21,97
93.7793,15,73,21,97
93.7938,15,73,20,97
93.8107,15,73,20,95
93.8242,15,73,20,95
93.8391,15,73,20,95
93.8530,16,73,21,97
93.8694,16,73,21,97
93.8824,16,74,20,97
93.9006,16,74,20,97
93.9126,16,74,20,97
93.9292,15,73,21,97
93.9435,15,73,21,97
93.9597,15,73,21,97
93.9757,16,74,20,95
93.9893,16,74,20,95
94.0035,16,74,20,95
94.0211,16,74,20,97
94.0351,16,74,20,97
94.0484,16,74,20,97
94.0638,15,73,21,97
94.0771,15,73,21,97
94.0926,15,73,21,97
94.1061,16,74,20,97
94.1211,16,74,20,97
94.1347,16,74,20,97
94.1493,16,74,20,97
94.1627,16,74,20,97
94.1792,16,74,20,97
94.1922,16,74,20,97
94.2118,16,74,20,95
94.2245,16,74,20,95
94.2391,16,74,20,95
94.2521,16,74,20,95
94.2687,16,74,20,95
94.2824,15,73,21,95
94.2988,15,73,21,95
94.3121,15,73,21,95
94.3284,15,73,20,95
94.3423,15,73,20,95
94.3615,15,73,20,95
94.3747,15,73,20,95
94.3918,15,73,20,95
94.4067,15,73,20,95
94.4261,13,41,46,95
94.4466,13,41,46,95
94.4611,14,39,49,97
94.4793,14,39,49,97
94.4932,14,39,49,97
94.5058,14,39,49,95
94.5288,14,39,49,95
94.5458,13,39,52,95
94.5699,13,39,52,95
94.5939,13,39,50,95
94.6095,13,39,50,95
94.6247,13,39,50,95
94.6478,14,39,49,95
94.6634,14,39,49,95
94.6796,14,39,49,95
94.6914,14,39,50,95
94.7098,14,39,50,95
94.7228,13,38,49,97
94.7404,13,38,49,97
94.7538,13,38,49,97
94.7685,13,38,49,97
94.7828,14,39,50,95
94.7988,14,39,50,95
94.8117,14,39,50,95
94.8282,13,38,49,97
94.8449,13,38,49,97
94.8595,14,39,49,97
94.8728,14,39,50,95
94.8892,14,39,50,95
94.9031,14,39,50,95
94.9167,13,38,49,97
94.9313,13,38,49,97
94.9444,13,38,49,97
94.9617,14,39,50,95
94.9777,14,39,50,95
94.9919,14,38,49,95
95.0107,14,38,49,95
95.0251,14,38,49,95
95.0406,14,39,50,95
95.0550,14,39,50,95
95.0711,14,39,50,95
95.0842,14,38,49,95
95.0978,14,38,49,95
95.1116,14,38,49,95
95.1288,14,39,50,97
95.1424,14,39,50,97
95.1600,14,39,50,97
95.1735,14,39,49,95
95.1903,14,39,49,95
95.2042,14,39,49,95
95.2177,13,39,50,95
95.2348,13,39,50,95
95.2488,13,39,50,95
95.2649,13,39,50,97
95.2814,13,39,50,97
95.2949,13,39,50,97
95.3106,14,39,49,95
95.3236,14,39,49,95
95.3376,14,39,49,95
95.3556,14,39,50,95
95.3688,14,39,50,95
95.3847,14,39,50,95
95.4098,13,38,49,97
95.4402,14,39,50,95
95.4540,14,39,50,95
95.4741,14,39,50,95
95.4888,13,38,49,97
95.5050,13,38,49,97
95.5205,14,39,50,95
95.5417,14,39,50,95
95.5548,14,39,50,95
95.5766,13,38,49,97
95.6000,13,38,49,97
95.6197,14,39,50,95
95.6381,14,39,50,95
95.6510,14,39,50,95
95.6679,14,39,52,97
95.6837,14,39,52,97
95.6993,14,39,52,97
95.7141,13,38,50,97
95.7276,13,38,50,97
95.7420,13,38,50,97
95.7611,13,38,50,97
95.7744,13,38,50,97
95.7884,13,38,50,97
95.8021,14,39,51,95
95.8201,14,39,51,95
95.8332,14,39,51,95
95.8476,13,39,50,97
95.8633,13,39,50,97
95.8793,13,39,49,95
95.8929,13,39,49,95
95.9100,13,39,49,95
95.9219,13,38,49,97
95.9395,13,38,49,97
95.9529,13,38,49,97
95.9680,14,39,50,95
95.9817,14,39,50,95
95.9991,14,39,50,95
96.0124,13,38,49,97
96.0293,13,38,49,97
96.0429,13,38,49,97
96.0608,14,39,51,95
96.0742,14,39,51,95
96.0877,14,39,51,95
96.1030,13,39,50,95
96.1189,13,39,50,95
96.1327,13,39,50,95
96.1487,13,38,49,95
96.1627,13,38,49,95
96.1802,13,38,49,95
96.1932,13,38,50,94
96.2065,13,38,50,94
96.2229,13,38,50,94
96.2365,14,38,49,93
96.2508,14,38,49,93
96.2641,14,38,49,93
96.2776,14,39,49,94
96.2925,14,39,49,94
96.3107,14,39,49,94
96.3242,13,38,50,94
96.3387,13,38,50,94
96.3515,13,38,50,94
96.3694,13,39,50,94
96.3839,13,39,50,94
96.4051,13,39,50,94
96.4265,26,49,25,92
96.4404,26,49,25,92
96.4579,30,54,15,92
96.4757,30,54,15,92
96.4906,30,54,15,92
96.5064,30,54,17,94
96.5229,30,54,17,94
96.5378,30,54,17,94
96.5577,30,54,15,94
96.5897,31,54,15,93
96.6027,31,54,15,93
96.6153,31,54,15,93
96.6294,31,54,15,93
96.6468,31,56,17,93
96.6648,31,56,17,93
96.6799,30,53,15,93
96.6950,30,53,15,93
96.7103,30,53,15,93
96.7250,30,56,17,94
96.7386,30,56,17,94
96.7562,30,56,17,94
96.7711,30,56,17,94
96.7866,30,56,17,94
96.7997,30,56,17,94
96.8171,30,56,15,94
96.8310,30,56,15,94
96.8486,30,56,15,94
96.8621,30,56,17,93
96.8789,30,56,17,93
96.8920,30,56,17,93
96.9097,30,55,15,94
96.9234,30,55,15,94
96.9411,30,55,15,94
96.9545,31,55,17,93
96.9687,31,55,17,93
96.9845,31,55,17,93
96.9988,31,55,19,93
97.0132,31,55,19,93
97.0284,31,55,19,93
97.0425,30,55,19,93
97.0608,30,55,19,93
97.0744,30,55,19,93
97.0892,30,55,18,95
97.1048,30,55,18,95
97.1195,30,56,19,94
97.1332,30,56,19,94
97.1486,30,56,19,94
97.1619,31,55,18,97
97.1788,31,55,18,97
97.1919,31,55,18,97
97.2100,31,55,18,97
97.2241,31,55,18,97
97.2407,31,55,18,97
97.2543,30,55,18,95
97.2685,30,55,18,95
97.2834,30,55,18,95
97.2989,30,56,19,97
97.3117,30,56,19,97
97.3293,30,56,19,97
97.3416,31,55,19,95
97.3614,31,55,19,95
97.3757,31,55,19,95
97.3948,31,55,19,95
97.4107,31,55,19,95
97.4271,31,55,19,95
97.4416,30,55,18,95
97.4647,30,55,18,95
97.4878,31,56,19,95
97.4997,31,56,19,95
97.5185,30,56,18,97
97.5367,30,56,18,97
97.5538,30,56,18,97
97.5707,30,55,18,95
97.5936,30,55,18,95
97.6113,30,55,18,95
97.6296,30,55,18,95
97.6472,30,55,18,95
97.6687,31,56,19,95
97.6822,31,56,19,95
97.6989,31,55,19,97
97.7115,31,55,19,97
97.7286,31,55,19,97
97.7427,31,56,18,97
97.7597,31,56,18,97
97.7745,31,56,18,97
97.7887,31,56,18,95
97.8024,31,56,18,95
97.8188,31,56,18,95
97.8326,31,55,19,95
97.8486,31,55,19,95
97.8642,31,55,19,95
97.8783,30,56,19,95
97.8924,30,56,19,95
97.9108,30,56,19,95
97.9240,31,55,19,95
97.9394,31,55,19,95
97.9535,31,55,19,95
97.9688,30,56,19,97
97.9826,30,56,19,97
97.9980,30,56,19,97
98.0123,30,56,18,97
98.0297,30,56,18,97
98.0435,30,56,18,97
98.0620,31,55,19,97
98.0756,31,55,19,97
98.0901,31,55,19,97
98.1035,31,56,18,95
98.1194,31,56,18,95
98.1335,31,56,18,95
98.1487,30,55,18,95
98.1640,30,55,18,95
98.1794,30,55,18,95
98.1935,30,56,18,97
98.2107,30,56,18,97
98.2245,30,56,18,97
98.2393,30,56,19,95
98.2534,30,56,19,95
98.2686,30,56,19,95
98.2834,31,55,18,97
98.2986,31,55,18,97
98.3119,31,55,18,97
98.3294,31,55,18,97
98.3431,31,55,18,97
98.3600,30,55,18,95
98.3771,30,55,18,95
98.3930,30,55,18,95
98.4061,33,50,17,92
98.4270,33,50,17,92
98.4480,35,46,17,92
98.4613,35,46,15,86
98.4845,35,46,15,86
98.4988,35,46,15,85
98.5134,35,46,15,85
98.5268,35,46,15,85
98.5477,35,45,15,86
98.5681,35,45,15,86
98.5875,36,46,15,85
98.6073,36,46,15,85
98.6263,35,46,15,85
98.6448,35,46,15,85
98.6608,35,46,15,85
98.6732,35,46,17,85
98.6903,35,46,17,85
98.7055,35,46,17,85
98.7213,36,46,17,85
98.7343,36,46,17,85
98.7496,36,46,17,85
98.7631,36,45,15,86
98.7784,36,45,15,86
98.7927,36,45,15,86
98.8108,36,45,15,85
98.8240,36,45,15,85
98.8384,36,45,15,85
98.8520,35,45,15,85
98.8690,35,45,15,85
98.8826,35,45,15,85
98.8975,36,46,15,85
98.9115,36,46,15,85
98.9302,36,46,15,85
98.9439,36,45,15,86
98.9576,36,45,15,86
98.9743,36,45,15,86
98.9890,36,45,15,85
99.0025,36,45,15,85
99.0227,36,45,15,85
99.0365,36,46,17,85
99.0505,36,46,17,85
99.0641,36,46,17,85
99.0794,36,46,17,85
99.0938,36,46,17,85
99.1094,36,46,17,85
99.1237,36,46,15,85
99.1376,36,46,15,85
99.1530,36,46,17,86
99.1702,36,46,17,86
99.1838,36,46,17,86
99.1982,36,46,17,86
99.2107,36,44,15,85
99.2267,36,44,15,85
99.2399,36,44,15,85
99.2535,36,44,15,85
99.2683,36,44,15,85
99.2828,36,44,15,85
99.2986,35,44,15,85
99.3122,35,44,15,85
99.3289,35,44,15,85
99.3428,35,43,17,85
99.3599,35,43,17,85
99.3751,35,43,17,85
99.3907,36,44,17,85
99.4064,36,44,17,85
99.4246,36,43,17,85
99.4375,36,43,17,85
99.4541,36,43,17,85
99.4771,36,44,17,85
99.4927,36,44,17,85
99.5112,34,44,15,86
99.5317,34,44,15,86
99.5486,34,44,15,86
99.5725,34,44,15,85
99.6024,36,43,15,86
99.6228,36,43,15,86
99.6365,36,43,15,86
99.6551,33,44,15,86
99.6761,33,44,15,86
99.6909,34,44,17,85
99.7100,34,44,17,85
99.7245,34,44,17,85
99.7390,36,43,17,86
99.7521,36,43,17,86
99.7684,36,43,17,86
99.7823,34,43,17,85
99.8006,34,43,17,85
99.8145,34,43,17,85
99.8285,36,44,15,85
99.8435,36,44,15,85
99.8608,36,44,15,85
99.8756,35,44,15,85
99.8885,35,44,15,85
99.9007,35,44,15,85
99.9186,36,44,15,86
99.9316,36,44,15,86
99.9476,36,44,15,86
99.9616,36,44,15,85
99.9755,36,44,15,85
99.9906,36,44,15,85
100.0043,34,44,15,85
100.0228,34,44,15,85
100.0371,34,44,15,85
100.0507,36,44,17,86
100.0643,36,44,17,86
100.0783,36,44,17,86
100.0922,35,43,15,85
100.1094,35,43,15,85
100.1227,35,43,15,85
100.1385,36,44,15,85
100.1528,36,44,15,85
100.1685,36,44,15,85
100.1817,33,44,15,85
100.1987,33,44,15,85
100.2118,33,44,15,85
100.2286,35,43,17,85
100.2417,35,43,17,85
100.2600,35,43,17,85
100.2741,33,43,17,85
100.2885,33,43,17,85
100.3028,33,43,17,85
100.3178,34,44,17,85
100.3303,34,44,17,85
100.3486,34,44,17,85
100.3632,34,43,15,86
100.3783,34,43,15,86
100.3946,30,43,15,86
100.4124,30,48,21,90
100.4276,30,48,21,90
100.4436,16,66,40,112
100.4598,16,66,40,112
100.4767,16,66,40,112
100.4957,15,65,41,112
100.5124,15,65,41,112
100.5291,13,66,41,109
100.5438,13,66,41,109
100.5737,13,66,40,108
100.5911,13,66,40,108
100.6056,13,66,40,108
100.6267,13,65,40,109
100.6486,13,65,40,109
100.6629,14,66,41,108
100.6791,14,66,41,108
100.6915,14,66,41,108
100.7114,13,66,41,108
100.7248,13,66,41,108
100.7391,13,66,41,108
100.7537,13,63,40,108
100.7687,13,63,40,108
100.7824,13,63,40,108
100.7981,13,64,41,108
100.8121,13,64,41,108
100.8300,13,64,41,108
100.8435,13,63,41,107
100.8606,13,63,41,107
100.8746,13,63,41,107
100.8888,13,63,41,107
100.9022,13,63,41,107
100.9175,13,63,41,107
100.9321,14,64,40,105
100.9485,14,64,40,105
100.9621,14,64,40,105
100.9795,14,64,41,105
100.9931,14,64,41,105
101.0094,14,64,41,105
101.0239,14,64,40,107
101.0396,14,64,40,107
101.0533,14,64,40,107
101.0685,13,63,41,105
101.0820,13,63,41,105
101.0987,13,63,41,105
101.1144,13,64,41,107
101.1285,13,64,41,107
101.1432,13,64,41,107
101.1595,14,64,40,105
101.1732,14,64,40,105
101.1884,14,64,40,105
101.2018,14,63,41,107
101.2181,14,63,41,107
101.2325,14,63,41,107
101.2494,13,63,40,105
101.2637,13,63,40,105
101.2773,13,63,40,105
101.2930,13,63,40,105
101.3094,13,63,40,105
101.3230,13,63,40,105
101.3378,14,63,40,105
101.3505,14,63,40,105
101.3681,14,63,40,105
101.3820,13,63,41,105
101.4097,13,63,41,105
101.4269,14,64,40,105
101.4433,14,64,40,105
101.4607,14,64,41,105
101.4805,14,64,41,105
101.4957,14,64,41,105
101.5120,14,64,40,105
101.5288,14,64,40,105
101.5440,14,64,40,105
101.5706,13,64,41,107
101.5896,14,64,40,107
101.6067,14,64,40,105
101.6256,14,64,40,105
101.6463,14,64,40,105
101.6615,14,64,40,105
101.6790,14,64,40,105
101.6941,13,64,40,107
101.7109,13,64,40,107
101.7228,13,64,40,107
101.7395,13,63,40,105
101.7528,13,63,40,105
101.7679,13,63,40,105
101.7826,14,63,40,105
101.7987,14,63,40,105
101.8118,14,63,40,105
101.8284,13,63,41,105
101.8416,13,63,41,105
101.8610,13,63,41,107
101.8741,13,63,41,107
101.8881,13,63,41,107
101.9005,13,63,41,107
101.9165,13,63,41,107
101.9298,13,63,41,107
101.9442,13,63,41,107
101.9599,14,64,40,109
101.9748,14,64,40,109
101.9885,14,64,40,109
102.0023,14,64,41,105
102.0214,14,64,41,105
102.0364,14,64,40,107
102.0500,14,64,40,107
102.0637,14,64,40,107
102.0774,14,64,40,107
102.0909,13,63,41,108
102.1094,13,63,41,108
102.1224,13,63,41,108
102.1376,13,63,40,105
102.1513,13,63,40,105
102.1693,13,63,40,105
102.1826,13,64,40,108
102.1977,13,64,40,108
102.2114,14,65,41,109
102.2294,14,65,41,109
102.2425,14,65,41,109
102.2598,13,64,40,108
102.2736,13,64,40,108
102.2890,13,64,40,108
102.3021,13,64,40,109
102.3195,13,64,40,109
102.3322,13,64,40,109
102.3490,14,63,41,108
102.3642,14,63,41,108
102.3791,14,63,41,108
102.3955,13,64,40,105
102.4121,13,64,40,105
102.4265,13,64,40,105
102.4417,29,36,33,90
102.4557,29,36,33,90
102.4697,29,36,33,90
102.4836,29,36,34,92
102.4979,29,36,34,92
102.5140,29,36,34,92
102.5296,28,36,34,90
102.5433,28,36,34,90
102.5705,29,35,33,92
102.5910,29,35,33,92
102.6046,29,35,33,92
102.6199,29,35,33,90
102.6367,29,35,33,90
102.6519,29,35,33,90
102.6676,28,35,33,92
102.6837,28,35,33,92
102.6980,28,35,33,92
102.7121,28,35,33,90
102.7254,28,35,33,90
102.7390,28,35,33,90
102.7543,29,35,33,90
102.7685,29,35,33,90
102.7828,29,35,33,90
102.7974,29,35,33,90
102.8110,29,35,33,90
102.8285,29,35,33,90
102.8420,28,35,34,90
102.8615,28,35,34,90
102.8759,28,35,34,90
102.8894,29,36,34,90
102.9042,29,36,34,90
102.9201,29,36,34,90
102.9354,28,36,34,92
102.9495,28,36,34,92
102.9634,28,36,34,92
102.9780,28,35,33,92
102.9927,28,35,33,92
103.0108,28,35,33,92
103.0250,29,35,33,90
103.0396,29,35,33,90
103.0526,29,35,33,90
103.0685,28,35,33,92
103.0819,28,35,33,92
103.0977,28,35,33,92
103.1125,29,35,33,90
103.1284,29,35,33,90
103.1415,29,35,33,90
103.1580,29,35,33,92
103.1712,29,35,33,92
103.1900,29,35,33,90
103.2037,29,35,33,90
103.2181,29,35,33,90
103.2313,28,36,33,92
103.2484,28,36,33,92
103.2632,28,36,33,92
103.2778,28,35,33,92
103.2914,28,35,33,92
103.3079,28,35,33,92
103.3223,29,35,33,92
103.3353,29,35,33,90
103.3487,29,35,33,90
103.3636,29,35,33,90
103.3796,28,35,33,92
103.3941,28,35,33,92
103.4147,29,35,33,90
103.4287,29,35,33,90
103.4454,29,35,33,90
103.4599,28,36,34,90
103.4804,28,36,34,90
103.4964,28,36,34,90
103.5123,28,35,34,92
103.5265,28,35,34,92
103.5438,28,36,33,92
103.5649,28,36,33,92
103.5875,29,36,34,92
103.6075,29,36,34,92
103.6276,29,36,34,92
103.6402,29,35,36,94
103.6621,29,35,36,94
103.6812,28,36,34,92
103.6957,28,36,34,92
103.7108,28,36,34,92
103.7274,28,35,34,92
103.7407,28,35,34,92
103.7595,28,35,34,92
103.7736,28,36,33,94
103.7873,28,36,33,94
103.8015,28,36,33,94
103.8194,28,36,34,93
103.8324,28,36,34,93
103.8472,28,36,34,93
103.8608,29,35,33,94
103.8786,29,35,33,94
103.8935,29,35,33,94
103.9075,28,36,33,94
103.9218,28,36,33,94
103.9387,28,36,33,94
103.9522,28,36,36,94
103.9673,28,36,36,94
103.9839,28,36,36,94
103.9984,29,36,34,94
104.0118,29,36,34,94
104.0289,29,36,34,94
104.0411,29,36,34,93
104.0608,29,36,34,93
104.0756,28,39,33,94
104.0929,28,39,33,94
104.1067,28,39,33,94
104.1217,28,36,34,94
104.1353,28,36,34,94
104.1512,28,36,34,94
104.1667,28,39,33,94
104.1809,28,39,33,94
104.1943,28,39,33,94
104.2101,29,38,34,93
104.2240,29,38,34,93
104.2390,29,38,34,93
104.2520,28,38,34,93
104.2685,28,38,34,93
104.2828,28,38,34,93
104.2989,28,38,33,94
104.3125,28,38,33,94
104.3274,28,38,33,94
104.3415,28,38,34,93
104.3599,28,38,34,93
104.3743,28,38,34,93
104.3937,28,39,33,93
104.4142,28,39,33,93
104.4336,23,38,41,97
104.4491,23,38,41,97
104.4645,23,38,41,97
104.4800,24,39,43,97
104.4953,24,39,43,97
104.5124,24,39,43,97
104.5278,24,38,42,95
104.5440,24,38,42,95
104.5563,23,39,43,97
104.5842,23,39,43,97
104.5991,23,39,43,97
104.6174,23,39,43,97
104.6302,23,39,43,97
104.6494,23,39,43,97
104.6640,24,39,42,95
104.6788,24,39,42,95
104.6924,24,39,42,95
104.7079,24,38,42,97
104.7240,24,38,42,97
104.7387,24,38,42,97
104.7523,24,38,42,95
104.7702,24,38,42,95
104.7837,24,38,43,97
104.8002,24,38,43,97
104.8135,24,38,43,97
104.8276,24,38,43,97
104.8415,24,39,43,97
104.8608,24,39,43,97
104.8759,23,38,42,95
104.8913,23,38,42,95
104.9048,23,38,42,95
104.9199,24,38,42,95
104.9334,24,38,42,95
104.9486,24,38,42,95
104.9614,23,38,42,95
104.9784,23,38,42,95
104.9925,23,38,42,95
105.0072,23,39,42,95
105.0245,23,39,42,95
105.0397,23,39,42,95
105.0534,23,38,43,98
105.0689,23,38,43,98
105.0826,23,38,43,98
105.0995,24,38,43,98
105.1133,24,38,43,98
105.1278,24,38,43,98
105.1419,24,39,43,97
105.1607,24,39,43,97
105.1744,24,39,43,97
105.1921,24,38,42,98
105.2058,24,38,42,98
105.2206,24,38,42,98
105.2335,23,38,43,95
105.2476,23,38,43,95
105.2617,23,38,43,95
105.2787,23,38,43,99
105.2919,23,38,43,99
105.3078,23,38,43,99
105.3243,24,39,43,98
105.3407,24,39,43,98
105.3545,24,39,43,98
105.3715,23,39,42,95
105.3872,23,39,42,95
105.4108,24,38,42,97
105.4282,24,38,42,97
105.4434,24,38,42,97
105.4639,23,38,42,95
105.4776,23,38,42,95
105.4969,23,38,42,98
105.5117,23,38,42,98
105.5289,23,38,42,98
105.5430,24,39,42,98
105.5605,24,39,42,98
105.5820,23,38,43,98
105.6004,23,38,43,98
105.6156,23,38,43,98
105.6285,23,39,43,99
105.6454,23,39,43,99
105.6598,23,39,43,99
105.6754,23,38,42,99
105.6893,23,38,42,99
105.7014,23,38,42,99
105.7203,24,39,42,98
105.7344,24,39,42,98
105.7483,24,39,42,98
105.7641,23,38,43,99
105.7783,23,38,43,99
105.7927,23,38,43,99
105.8071,24,38,42,99
105.8227,24,38,42,99
105.8385,24,38,42,99
105.8515,24,38,42,98
105.8678,24,38,42,98
105.8800,24,38,42,98
105.8960,24,38,42,99
105.9106,24,38,42,99
105.9301,24,38,42,99
105.9441,24,39,42,98
105.9592,24,39,42,98
105.9728,24,39,42,98
105.9876,23,39,43,98
106.0014,23,39,43,98
106.0185,23,39,43,98
106.0337,24,38,42,99
106.0493,24,38,42,99
106.0637,24,38,42,99
106.0783,23,39,43,98
106.0923,23,39,43,98
106.1076,23,39,43,98
106.1240,23,38,42,99
106.1385,23,38,42,99
106.1513,23,38,42,99
106.1705,23,38,43,98
106.1836,23,38,43,98
106.1996,23,38,43,98
106.2127,24,38,43,98
106.2274,24,38,43,98
106.2424,24,38,43,98
106.2593,24,39,42,99
106.2735,24,39,42,99
106.2886,24,39,42,99
106.3021,24,38,42,99
106.3186,24,38,42,99
106.3321,24,38,42,99
106.3475,23,38,42,98
106.3631,23,38,42,98
106.3786,23,38,42,98
106.3925,23,39,42,99
106.4100,23,39,42,99
106.4250,23,58,28,98
106.4436,23,58,28,98
106.4576,23,58,28,98
106.4795,23,69,21,102
106.4984,23,69,21,102
106.5150,24,68,20,102
106.5302,24,68,20,102
106.5472,24,68,20,102
106.5682,23,68,21,100
106.5904,23,68,21,100
106.6057,23,68,20,100
106.6220,23,68,20,100
106.6346,23,68,20,100
106.6521,23,68,20,100
106.6694,23,68,20,100
106.6860,23,68,20,100
106.7005,23,69,20,102
106.7160,23,69,20,102
106.7293,23,69,20,102
106.7452,24,69,21,100
106.7593,24,69,21,100
106.7754,24,69,21,100
106.7892,24,69,21,102
106.8052,24,69,21,102
106.8206,24,69,21,102
106.8371,24,69,21,102
106.8517,24,69,21,102
106.8683,23,69,20,102
106.8816,23,69,20,102
106.8971,23,69,20,102
106.9095,23,69,20,102
106.9264,24,69,21,100
106.9403,24,69,21,100
106.9567,24,69,21,102
106.9745,24,69,21,102
106.9883,24,69,21,102
107.0047,23,68,21,102
107.0183,23,68,21,102
107.0333,23,68,21,102
107.0499,24,68,21,102
107.0633,24,68,21,102
107.0765,24,68,21,102
107.0916,24,68,21,102
107.1054,24,68,21,102
107.1214,24,68,21,102
107.1345,24,69,21,102
107.1497,24,69,21,102
107.1640,24,69,21,102
107.1787,23,68,21,102
107.1913,23,68,21,102
107.2110,23,68,21,102
107.2255,24,68,21,102
107.2417,24,68,21,102
107.2548,24,68,21,102
107.2728,24,69,21,102
107.2862,24,69,21,102
107.3000,24,69,21,102
107.3147,24,69,21,100
107.3288,24,69,21,100
107.3425,24,69,21,100
107.3615,24,69,21,102
107.3777,24,69,21,102
107.4016,23,68,21,102
107.4201,23,68,21,102
107.4366,23,68,21,102
107.4530,24,68,21,102
107.4790,24,68,21,102
107.4936,24,68,21,102
107.5124,24,68,21,102
107.5264,24,68,21,102
107.5424,24,69,21,102
107.5546,24,69,21,102
107.5763,23,69,20,102
107.5988,23,69,20,102
107.6146,23,69,20,102
107.6302,23,68,21,102
107.6448,23,68,21,102
107.6632,23,68,21,102
107.6774,23,68,20,100
107.6936,23,68,20,100
107.7074,23,69,20,102
107.7256,23,69,20,102
107.7389,23,69,20,102
107.7549,24,69,21,100
107.7707,24,69,21,100
107.7882,24,69,21,100
107.8011,24,69,21,102
107.8194,24,69,21,102
107.8310,24,69,21,102
107.8484,23,68,21,102
107.8621,23,68,21,102
107.8791,23,68,21,102
107.8935,24,68,20,102
107.9096,24,68,20,102
107.9231,24,68,20,102
107.9363,23,68,21,100
107.9543,23,68,21,100
107.9657,23,68,21,100
107.9800,23,68,20,100
107.9931,23,68,20,100
108.0100,23,68,20,100
108.0251,23,68,20,100
108.0397,23,68,20,100
108.0530,23,68,20,100
108.0720,24,69,20,100
108.0860,24,69,20,100
108.0993,24,69,20,100
108.1142,23,68,20,100
108.1271,23,68,20,100
108.1455,23,68,20,100
108.1596,23,68,21,102
108.1771,23,68,21,102
108.1904,23,68,21,102
108.2066,24,68,20,100
108.2230,24,68,20,100
108.2380,24,68,20,100
108.2532,24,69,21,100
108.2667,24,69,21,100
108.2807,24,69,21,100
108.2965,23,68,20,100
108.3106,23,68,20,100
108.3239,23,68,20,100
108.3394,23,68,21,102
108.3527,23,68,21,102
108.3688,23,68,21,102
108.3828,23,69,20,102
108.4066,23,69,20,102
108.4263,24,63,22,100
108.4406,24,63,22,100
108.4624,26,59,26,102
108.4782,26,59,26,102
108.4933,26,59,26,102
108.5059,26,58,26,102
108.5294,26,58,26,102
108.5486,26,58,26,102
108.5675,26,59,28,100
108.5893,26,59,28,100
108.6095,25,58,30,102
108.6236,25,58,30,102
108.6401,25,58,30,100
108.6616,25,58,30,100
108.6786,25,58,30,100
108.6916,25,58,29,100
108.7077,25,58,29,100
108.7254,25,58,29,100
108.7389,25,59,29,102
108.7525,25,59,29,102
108.7670,25,59,29,102
108.7811,26,59,28,102
108.7981,26,59,28,102
108.8114,26,59,28,102
108.8276,26,59,29,100
108.8424,26,59,29,100
108.8609,26,59,29,100
108.8746,25,59,28,102
108.8887,25,59,28,102
108.9030,25,59,28,102
108.9182,26,58,26,102
108.9313,26,58,26,102
108.9474,26,58,26,102
108.9608,25,58,26,102
108.9797,25,58,26,102
108.9932,25,58,26,102
109.0074,26,58,30,102
109.0243,26,58,30,102
109.0383,26,58,30,102
109.0514,26,59,28,100
109.0697,26,59,28,100
109.0833,26,59,28,100
109.0995,26,59,28,100
109.1125,26,59,28,100
109.1274,26,59,29,100
109.1423,26,59,29,100
109.1593,26,59,29,100
109.1734,26,58,30,102
109.1886,26,58,30,102
109.2020,26,58,30,102
109.2182,26,59,28,100
109.2319,26,59,28,100
109.2472,26,59,28,100
109.2609,26,59,28,100
109.2793,26,59,28,100
109.2919,26,59,28,100
109.3071,26,59,26,102
109.3231,26,59,26,102
109.3383,26,59,26,102
109.3517,26,58,26,100
109.3725,26,58,26,100
109.3874,26,58,26,100
109.4046,26,59,28,102
109.4219,26,59,28,102
109.4402,26,59,26,102
109.4543,26,59,26,102
109.4689,26,59,26,102
109.4862,26,58,30,102
109.5056,26,58,30,102
109.5262,26,58,30,102
109.5387,26,59,30,102
109.5570,26,59,30,102
109.5785,26,59,28,102
109.5976,26,59,28,102
109.6152,25,58,26,102
109.6323,25,58,26,102
109.6494,25,58,26,102
109.6621,26,59,26,102
109.6795,26,59,26,102
109.6952,26,59,26,102
109.7095,26,59,29,100
109.7226,26,59,29,100
109.7379,26,59,29,100
109.7503,26,59,28,100
109.7659,26,59,28,100
109.7791,26,59,28,100
109.7956,26,59,29,100
109.8095,26,59,29,100
109.8281,26,59,29,100
109.8415,26,59,29,100
109.8604,26,59,29,100
109.8738,26,59,29,100
109.8887,25,59,26,102
109.9038,25,59,26,102
109.9177,25,59,26,102
109.9325,25,59,26,102
109.9486,25,59,26,102
109.9617,25,59,26,102
109.9790,26,59,28,102
109.9928,26,59,28,102
110.0061,26,59,28,102
110.0227,26,59,29,102
110.0377,26,59,29,102
110.0542,26,59,29,102
110.0751,25,58,26,102
110.0885,25,58,26,102
110.1056,26,59,30,100
110.1189,26,59,30,100
110.1351,26,59,30,100
110.1485,26,59,26,102
110.1673,26,59,26,102
110.1790,26,59,26,102
110.1962,26,59,29,100
110.2107,26,59,29,100
110.2268,26,59,29,100
110.2435,26,58,30,102
110.2596,26,58,30,102
110.2727,26,58,30,102
110.2891,26,58,29,100
110.3009,26,58,29,100
110.3193,26,58,29,100
110.3326,25,58,30,100
110.3476,25,58,30,100
110.3624,25,58,30,100
110.3784,25,59,30,102
110.3940,25,59,30,102
110.4150,28,54,25,95
110.4355,28,54,25,95
110.4496,28,54,25,95
110.4674,39,34,13,79
110.4827,39,34,13,79
110.4985,39,34,13,79
110.5132,39,34,14,78
110.5280,39,34,14,78
110.5438,38,33,14,78
110.5617,38,33,13,78
110.5892,36,33,13,78
110.6122,36,33,13,78
110.6306,36,33,13,78
110.6475,38,34,14,79
110.6633,38,34,14,79
110.6787,39,33,13,79
110.6921,39,33,13,78
110.7070,39,33,13,78
110.7231,38,33,13,79
110.7396,38,33,13,79
110.7531,38,33,13,79
110.7673,38,33,13,79
110.7806,38,34,13,78
110.7980,38,34,13,78
110.8120,39,33,13,79
110.8290,39,33,13,79
110.8422,39,33,13,79
110.8607,35,33,13,78
110.8743,35,33,13,78
110.8883,35,33,13,78
110.9032,38,33,13,79
110.9185,38,33,13,79
110.9320,38,33,13,79
110.9481,39,33,13,78
110.9606,39,33,13,78
110.9785,39,33,13,78
110.9915,39,34,14,78
111.0098,39,34,14,78
111.0249,39,34,14,78
111.0415,38,33,13,79
111.0566,38,33,13,79
111.0755,38,33,13,79
111.0888,39,33,13,78
111.1043,39,33,13,78
111.1179,39,33,13,78
111.1353,38,33,14,79
111.1492,38,33,14,79
111.1686,39,33,13,78
111.1819,39,33,13,78
111.1986,39,33,13,78
111.2125,38,34,13,78
111.2282,38,34,13,78
111.2425,38,34,13,78
111.2571,38,33,13,78
111.2742,38,33,13,78
111.2881,38,33,13,78
111.3014,36,34,13,78
111.3195,36,34,13,78
111.3328,36,34,13,78
111.3505,38,33,13,78
111.3647,38,33,13,78
111.3804,38,33,13,78
111.4053,38,34,14,79
111.4238,38,34,14,79
111.4445,39,33,14,79
111.4601,39,33,14,79
111.4796,35,33,13,78
111.4932,35,33,13,78
111.5112,35,33,13,78
111.5264,38,34,14,79
111.5410,38,34,14,79
111.5548,39,33,14,79
111.5834,39,33,14,79
111.6037,39,33,14,79
111.6185,35,33,14,79
111.6359,35,33,14,79
111.6524,35,33,14,79
111.6696,35,33,14,79
111.6836,35,33,14,79
111.6976,38,34,14,79
111.7121,38,34,13,78
111.7280,38,34,13,78
111.7413,38,34,14,79
111.7640,38,34,14,79
111.7779,38,34,14,79
111.7968,35,33,13,79
111.8147,35,33,13,79
111.8288,35,33,13,79
111.8453,38,33,14,79
111.8594,38,33,14,79
111.8764,36,33,13,78
111.8909,36,33,13,78
111.9101,36,33,13,78
111.9230,39,34,14,79
111.9388,39,34,14,79
111.9536,39,34,14,79
111.9679,38,34,14,79
111.9808,38,34,14,79
111.9970,38,34,14,79
112.0108,39,33,14,79
112.0301,39,33,14,79
112.0444,39,33,14,79
112.0612,38,34,14,79
112.0767,38,34,14,79
112.0905,38,34,14,79
112.1044,39,33,14,79
112.1196,39,33,14,79
112.1346,39,33,14,79
112.1493,35,33,13,78
112.1630,35,33,13,78
112.1793,35,33,13,78
112.1916,36,34,13,79
112.2093,36,34,13,79
112.2229,36,34,13,79
112.2376,38,33,13,78
112.2509,38,33,13,78
112.2681,38,33,13,78
112.2815,35,33,13,78
112.2986,35,33,13,78
112.3117,35,33,13,78
112.3278,36,34,13,78
112.3417,36,34,13,78
112.3578,36,34,13,78
112.3755,36,33,14,79
112.3896,36,33,14,79
112.4058,35,35,14,79
112.4276,35,35,14,79
112.4475,35,35,14,79
112.4612,15,73,21,99
112.4788,15,73,21,99
112.4945,15,73,21,98
112.5119,15,73,21,98
112.5265,15,73,21,98
112.5456,15,73,20,99
112.5702,15,73,20,99
112.5871,15,73,20,99
112.6086,15,73,20,99
112.6242,15,73,20,99
112.6416,16,74,20,98
112.6564,16,74,20,98
112.6769,16,73,20,98
112.6948,16,73,20,98
112.7095,16,73,20,98
112.7276,15,73,20,98
112.7412,15,73,20,98
112.7594,15,73,20,98
112.7726,16,74,20,98
112.7885,16,74,20,98
112.8030,16,74,20,98
112.8185,15,73,21,98
112.8326,15,73,21,98
112.8467,15,73,21,98
112.8628,15,73,21,99
112.8785,15,73,21,99
112.8926,15,73,21,99
112.9116,15,73,21,99
112.9251,15,73,21,99
112.9389,16,74,20,99
112.9535,16,74,20,99
112.9671,16,74,20,99
112.9837,15,73,21,98
112.9983,15,73,21,98
113.0135,15,73,21,98
113.0286,16,74,20,99
113.0481,16,74,20,99
113.0651,16,74,20,99
113.0783,15,73,21,98
113.0947,15,73,21,98
113.1095,15,73,21,98
113.1262,15,74,21,99
113.1395,15,74,21,99
113.1557,15,74,21,99
113.1701,16,74,21,98
113.1861,16,74,21,98
113.1995,16,74,21,98
113.2123,16,73,20,99
113.2267,16,73,20,99
113.2433,16,73,20,99
113.2593,16,74,20,99
113.2731,16,74,20,99
113.2885,16,74,20,99
113.3018,15,73,20,99
113.3197,15,73,20,99
113.3332,15,73,20,99
113.3470,15,73,21,99
113.3653,15,73,21,99
113.3824,16,74,20,98
113.4050,16,74,20,98
113.4279,16,73,21,99
113.4418,16,73,21,99
113.4626,16,73,21,99
113.4784,15,73,20,99
113.4982,15,73,20,99
113.5152,16,74,20,98
113.5316,16,74,20,98
113.5518,16,74,20,98
113.5679,15,73,20,99
113.5923,15,73,20,99
113.6147,15,73,20,98
113.6293,15,73,20,98
113.6483,15,74,20,99
113.6642,15,74,20,99
113.6782,15,74,20,99
113.6972,15,73,20,98
113.7111,15,73,20,98
113.7245,15,73,20,98
113.7382,16,74,20,98
113.7520,16,74,20,98
113.7689,16,74,20,98
113.7828,15,73,21,98
113.7963,15,73,21,98
113.8130,15,73,21,98
113.8265,16,74,20,99
113.8454,16,74,20,99
113.8607,16,74,20,99
113.8786,15,73,21,98
113.8905,15,73,21,98
113.9108,15,73,21,98
113.9252,15,74,21,99
113.9392,15,74,21,99
113.9539,15,74,21,99
113.9684,15,73,20,99
113.9814,15,73,20,99
113.9977,15,73,20,99
114.0108,16,74,20,98
114.0308,16,74,20,98
114.0432,16,74,20,98
114.0570,15,73,20,99
114.0711,15,73,20,99
114.0881,15,73,20,99
114.1024,16,74,21,99
114.1171,16,74,21,99
114.1312,16,73,21,98
114.1502,16,73,21,98
114.1640,16,73,21,98
114.1778,16,73,21,98
114.1927,15,73,20,99
114.2092,15,73,20,99
114.2227,15,73,20,99
114.2376,15,73,20,98
114.2511,15,73,20,98
114.2679,15,73,20,98
114.2811,15,74,20,99
114.2980,15,74,20,99
114.3122,15,73,20,98
114.3279,15,73,20,98
114.3411,15,73,20,98
114.3576,16,74,20,98
114.3774,16,74,20,98
114.3921,16,74,20,98
114.4066,15,73,20,98
114.4252,15,73,20,98
114.4386,15,73,20,98
114.4536,13,43,47,99
114.4668,13,43,47,99
114.4862,13,43,47,99
114.5014,13,40,52,98
114.5181,13,40,52,98
114.5367,13,40,52,98
114.5537,13,40,52,98
114.5777,14,41,51,99
114.5947,14,41,51,99
114.6143,14,41,51,99
114.6377,14,40,52,98
114.6580,14,40,52,98
114.6750,13,41,51,98
114.6912,13,41,51,98
114.7093,13,41,51,98
114.7230,13,41,51,98
114.7370,13,41,51,98
114.7511,13,41,51,98
114.7679,13,41,51,98
114.7818,13,41,51,98
114.7985,13,41,51,98
114.8118,13,40,52,98
114.8282,13,40,52,98
114.8422,13,40,52,98
114.8569,13,40,52,98
114.8733,13,40,52,98
114.8878,13,40,52,98
114.9006,13,41,52,99
114.9182,13,41,52,99
114.9321,13,41,52,99
114.9491,13,41,52,99
114.9621,13,41,52,99
114.9776,13,41,52,99
114.9905,13,40,52,99
115.0093,13,40,52,99
115.0234,13,40,52,98
115.0395,13,40,52,98
115.0533,13,40,52,98
115.0705,14,40,52,99
115.0842,14,40,52,99
115.0993,14,40,52,99
115.1126,14,41,51,97
115.1277,14,41,51,97
115.1416,14,41,51,97
115.1568,13,40,52,99
115.1727,13,40,52,99
115.1877,13,40,52,99
115.2006,13,40,52,97
115.2167,13,40,52,97
115.2304,13,40,52,97
115.2487,14,41,52,99
115.2627,14,41,52,99
115.2776,14,41,52,99
115.2936,14,40,51,99
115.3094,14,40,51,99
115.3225,14,40,51,99
115.3382,13,41,52,99
115.3526,13,41,52,99
115.3699,13,41,52,99
115.3838,13,40,52,99
115.4032,13,40,52,99
115.4257,13,40,52,98
115.4413,13,40,52,98
115.4567,13,40,52,98
115.4752,14,40,52,99
115.4920,14,40,52,99
115.5055,14,40,52,99
115.5231,14,41,51,99
115.5375,14,41,51,99
115.5536,14,40,51,99
115.5775,14,40,51,99
115.5982,13,41,52,99
115.6135,13,41,52,99
115.6278,13,41,52,99
115.6478,13,40,52,99
115.6652,13,40,52,99
115.6793,13,40,52,99
115.6967,13,40,52,98
115.7110,13,40,52,98
115.7283,13,40,52,98
115.7413,14,40,52,99
115.7566,14,40,52,99
115.7725,14,41,51,99
115.7889,14,41,51,99
115.8020,14,41,51,99
115.8186,14,41,51,99
115.8323,14,40,51,99
115.8458,14,40,51,99
115.8608,14,40,51,99
115.8745,14,41,51,98
115.8918,14,41,51,98
115.9056,14,41,51,98
115.9196,14,41,51,98
115.9332,14,41,51,98
115.9485,14,41,51,98
115.9620,13,40,52,98
115.9782,13,40,52,98
115.9920,13,40,52,98
116.0070,13,41,51,98
116.0211,13,41,51,98
116.0383,13,41,51,98
116.0520,13,41,51,99
116.0666,13,41,51,99
116.0807,13,41,51,99
116.0980,14,41,51,98
116.1111,14,41,51,98
116.1265,14,41,51,98
116.1406,14,41,51,97
116.1610,14,41,51,97
116.1743,14,41,51,97
116.1882,14,40,52,98
116.2033,14,40,52,98
116.2180,14,40,52,98
116.2314,14,41,49,97
116.2465,14,41,49,97
116.2608,13,41,50,95
116.2797,13,41,50,95
116.2930,13,41,50,95
116.3065,13,40,51,97
116.3258,13,40,51,97
116.3391,13,40,51,97
116.3529,13,40,50,95
116.3687,13,40,50,95
116.3849,13,40,50,95
116.4005,13,41,52,95
116.4163,13,41,52,95
116.4306,13,41,52,95
116.4458,26,50,29,95
116.4630,26,50,29,95
116.4793,26,50,29,95
116.4963,30,55,18,97
116.5121,30,55,18,97
116.5317,31,56,19,97
116.5479,31,56,19,97
116.5698,31,56,18,97
116.5895,31,56,18,97
116.6068,31,56,18,97
116.6263,31,56,19,95
116.6456,31,56,19,95
116.6620,31,55,19,97
116.6782,31,55,19,97
116.6913,31,55,19,97
116.7118,31,56,19,97
116.7255,31,56,19,97
116.7415,31,56,19,97
116.7550,30,56,18,97
116.7729,30,56,18,97
116.7866,30,56,18,97
116.8024,30,56,19,95
116.8167,30,56,19,95
116.8327,30,56,19,95
116.8473,31,56,19,97
116.8626,31,56,19,97
116.8775,31,56,19,97
116.8952,30,56,18,97
116.9108,30,56,18,97
116.9259,30,56,18,97
116.9390,31,55,19,97
116.9553,31,55,19,97
116.9704,30,56,19,97
116.9882,30,56,19,97
117.0011,30,56,19,97
117.0177,31,55,19,97
117.0308,31,55,19,95
117.0498,31,55,19,95
117.0636,31,56,19,97
117.0791,31,56,19,97
117.0927,31,56,19,97
117.1057,31,56,18,97
117.1222,31,56,18,97
117.1357,31,56,18,97
117.1545,31,56,19,95
117.1664,31,56,19,95
117.1848,31,56,19,95
117.1990,31,55,19,97
117.2149,31,55,19,97
117.2304,31,55,19,97
117.2480,31,56,19,97
117.2610,31,56,19,97
117.2772,31,56,19,97
117.2909,30,56,18,97
117.3110,30,56,18,97
117.3244,30,56,18,97
117.3397,30,56,18,97
117.3544,30,56,18,97
117.3715,30,56,18,97
117.3869,30,56,18,97
117.4042,30,56,19,95
117.4296,30,56,19,95
117.4465,30,56,19,95
117.4668,30,56,19,97
117.4791,30,56,19,97
117.4945,30,56,19,97
117.5108,30,56,18,97
117.5275,30,56,18,97
117.5430,30,56,18,97
117.5595,30,55,18,95
117.5789,30,55,18,95
117.5987,31,56,19,95
117.6178,31,56,19,95
117.6347,31,56,19,95
117.6496,31,55,19,97
117.6645,31,55,19,97
117.6796,31,55,19,97
117.6929,31,56,19,97
117.7069,31,56,19,97
117.7200,31,56,19,97
117.7379,30,56,18,97
117.7515,30,56,18,97
117.7678,30,56,18,97
117.7817,30,56,18,97
117.7977,30,56,18,97
117.8118,30,56,18,97
117.8266,30,56,18,97
117.8402,30,56,18,97
117.8594,31,56,18,97
117.8731,31,56,18,97
117.8877,31,56,18,97
117.9007,31,56,18,95
117.9177,31,56,18,95
117.9317,31,56,18,95
117.9466,31,55,19,95
117.9624,31,55,19,95
117.9776,31,55,19,95
117.9905,31,56,18,97
118.0067,31,56,18,97
118.0226,31,56,18,97
118.0390,31,56,18,95
118.0527,31,56,18,95
118.0681,31,56,18,95
118.0815,31,55,19,95
118.0976,31,55,19,95
118.1113,31,55,19,95
118.1277,30,56,19,95
118.1412,30,56,19,95
118.1594,30,56,19,95
118.1728,30,56,18,97
118.1884,30,56,18,97
118.2015,30,56,18,97
118.2177,31,55,19,97
118.2315,31,55,19,97
118.2465,31,55,19,97
118.2608,31,56,18,95
118.2775,31,56,18,95
118.2931,31,56,18,95
118.3072,30,55,18,95
118.3236,30,55,18,95
118.3395,30,55,18,95
118.3524,30,56,18,97
118.3668,30,56,18,97
118.3853,30,56,18,97
118.4094,30,56,19,95
118.4236,30,56,19,95
118.4401,34,51,15,92
118.4615,34,51,15,92
118.4803,35,45,15,86
118.4950,35,45,15,86
118.5157,35,45,15,86
118.5328,35,45,17,85
118.5496,35,45,17,85
118.5703,36,45,17,86
118.5911,36,45,17,86
118.6111,36,44,17,86
118.6277,36,44,17,86
118.6477,36,44,17,86
118.6657,35,45,15,85
118.6810,35,45,15,85
118.6966,35,45,15,85
118.7132,36,46,17,86
118.7281,36,46,17,86
118.7417,36,43,17,86
118.7602,36,43,17,86
118.7745,36,43,17,86
118.7885,35,45,17,86
118.8036,35,45,17,86
118.8167,35,45,17,86
118.8333,36,46,17,85
118.8467,36,46,17,85
118.8649,36,46,17,85
118.8780,36,46,17,86
118.8945,36,46,17,86
118.9110,36,46,17,86
118.9278,36,46,17,85
118.9415,36,46,17,85
118.9566,36,46,17,85
118.9721,36,45,15,86
118.9878,36,45,15,86
119.0010,36,45,15,86
119.0165,36,45,17,85
119.0317,36,45,17,85
119.0477,36,45,17,85
119.0616,35,46,17,85
119.0781,35,46,17,85
119.0932,35,46,17,85
119.1092,36,43,17,86
119.1226,36,43,17,86
119.1386,36,43,17,86
119.1527,35,45,17,86
119.1678,35,45,17,86
119.1826,35,45,17,86
119.1977,36,46,15,86
119.2116,36,46,15,86
119.2275,36,46,15,86
119.2408,35,45,15,85
119.2563,35,45,15,85
119.2718,35,45,15,85
119.2877,36,43,17,85
119.3012,36,43,17,85
119.3164,36,43,17,85
119.3314,35,45,17,85
119.3477,35,45,17,85
119.3616,35,45,17,85
119.3786,35,45,15,85
119.3927,35,45,15,85
119.4119,36,46,15,85
119.4283,36,46,15,85
119.4462,36,46,15,85
119.4641,36,45,15,86
119.4804,36,45,15,86
119.4963,36,45,15,86
119.5113,36,45,17,85
119.5273,36,45,17,85
119.5416,35,44,17,85
119.5552,35,44,17,85
119.5851,35,46,17,85
119.6025,35,46,17,85
119.6221,35,46,17,85
119.6406,36,46,15,86
119.6595,36,46,15,86
119.6761,36,46,17,86
119.6891,36,46,17,86
119.7054,36,46,17,86
119.7222,35,45,15,85
119.7381,35,45,15,85
119.7524,35,45,15,85
119.7676,36,46,17,85
119.7814,36,46,17,85
119.7980,36,46,17,85
119.8111,35,45,17,85
119.8273,35,45,17,85
119.8412,35,45,17,85
119.8611,35,45,17,85
119.8745,35,45,17,85
119.8885,35,45,17,85
119.9034,35,45,15,85
119.9180,35,45,15,85
119.9308,35,45,15,85
119.9473,36,46,15,85
119.9621,36,46,15,85
119.9794,36,46,15,85
119.9933,36,45,15,86
