t_s,rojo,verde,azul,claro
0.0000,30,21,4,53
0.0142,30,21,4,53
0.0261,30,21,4,53
0.0418,30,21,4,53
0.0557,30,21,6,51
0.0727,30,21,6,51
0.0907,31,20,6,51
0.1044,31,20,6,51
0.1205,31,20,6,51
0.1343,30,21,4,53
0.1480,30,21,4,53
0.1627,30,21,4,53
0.1786,31,20,6,51
0.1941,31,20,6,51
0.2082,31,20,6,51
0.2216,30,21,6,54
0.2366,30,21,6,54
0.2508,30,21,6,54
0.2659,30,20,6,50
0.2814,30,20,6,50
0.2956,30,20,6,50
0.3105,31,21,4,50
0.3262,31,21,4,50
0.3394,31,21,4,50
0.3546,31,21,4,53
0.3693,31,21,4,53
0.3870,31,21,4,53
0.4017,30,20,6,54
0.4205,30,20,6,54
0.4353,30,20,6,54
0.4503,31,21,4,50
0.4667,31,21,4,50
0.4836,31,21,4,50
0.5027,30,21,4,50
0.5164,30,21,4,50
0.5376,31,20,6,54
0.5493,31,20,6,54
0.5656,31,20,6,54
0.5815,30,21,6,51
0.5964,30,21,6,51
0.6084,30,21,6,51
0.6258,30,20,6,51
0.6402,30,20,6,51
0.6562,30,20,6,51
0.6714,30,21,4,53
0.6857,30,21,4,53
0.7027,30,21,4,53
0.7176,31,20,6,51
0.7332,31,20,6,51
0.7509,31,20,6,51
0.7676,30,21,4,50
0.7845,30,21,4,50
0.8005,30,21,4,53
0.8186,30,21,4,53
0.8389,30,21,6,51
0.8632,30,21,6,51
0.8784,30,21,6,51
0.8916,30,21,6,54
0.9064,30,21,6,54
0.9258,30,21,6,54
0.9427,30,21,4,50
0.9567,30,21,4,50
0.9738,30,21,4,50
0.9872,31,21,4,50
1.0014,31,21,4,50
1.0146,31,21,4,50
1.0364,30,20,4,53
1.0486,30,20,4,53
1.0654,31,20,6,51
1.0829,31,20,6,51
1.0973,31,20,6,51
1.1097,30,21,4,50
1.1255,30,21,4,50
1.1387,30,21,4,50
1.1549,30,20,6,50
1.1695,30,20,6,50
1.1830,30,20,6,50
1.1983,30,21,4,50
1.2120,30,21,4,50
1.2271,30,21,4,50
1.2394,31,20,6,54
1.2557,31,20,6,54
1.2694,31,20,6,54
1.2855,31,20,6,54
1.2994,31,20,6,50
1.3156,31,20,6,50
1.3281,31,20,6,51
1.3446,31,20,6,51
1.3584,31,20,6,51
1.3755,31,20,6,54
1.3892,31,20,6,54
1.4046,31,20,6,54
1.4217,30,21,4,53
1.4357,30,21,4,53
1.4515,30,21,4,53
1.4663,30,20,6,51
1.4830,30,20,6,51
1.4968,30,20,6,51
1.5106,24,40,34,86
1.5247,24,40,34,86
1.5435,24,40,34,86
1.5569,3,75,91,148
1.5835,3,75,91,148
1.6006,3,79,91,148
1.6154,3,79,91,148
1.6291,3,79,91,148
1.6511,3,75,92,149
1.6654,3,75,92,149
1.6846,4,76,92,149
1.7029,4,76,92,148
1.7178,4,76,92,148
1.7370,3,75,92,149
1.7545,3,75,92,149
1.7704,3,75,92,149
1.7843,3,75,92,148
1.8004,3,75,92,148
1.8146,3,75,92,148
1.8283,4,76,92,148
1.8576,4,76,92,148
1.8737,3,76,92,148
1.8880,3,76,92,148
1.9042,3,78,91,148
1.9203,3,78,91,148
1.9341,3,78,91,148
1.9497,4,75,92,148
1.9649,4,75,92,148
1.9820,4,75,92,148
1.9951,3,76,92,149
2.0118,3,76,92,149
2.0252,3,76,92,149
2.0400,4,76,91,148
2.0560,4,76,91,148
2.0726,4,76,91,148
2.0861,3,75,92,148
2.1011,3,75,92,148
2.1147,3,75,92,148
2.1344,3,79,92,148
2.1464,3,79,92,148
2.1610,3,79,92,148
2.1746,3,76,92,149
2.1926,3,76,92,149
2.2061,3,76,92,149
2.2238,3,76,91,148
2.2374,3,76,91,148
2.2521,3,76,91,148
2.2667,3,75,91,148
2.2846,3,75,91,148
2.2991,3,75,91,148
2.3123,4,76,92,148
2.3273,4,76,92,148
2.3448,4,76,92,148
2.3610,3,79,91,149
2.3746,3,79,91,149
2.3923,4,76,92,148
2.4126,4,76,92,148
2.4262,4,76,92,148
2.4442,3,78,91,148
2.4583,3,78,91,148
2.4719,3,78,91,148
2.4873,4,76,91,148
2.5006,4,76,91,148
2.5161,4,76,91,148
2.5283,3,76,91,148
2.5456,3,76,91,148
2.5595,3,76,91,148
2.5818,3,75,92,148
2.5951,3,75,92,148
2.6098,3,75,92,148
2.6231,4,75,92,149
2.6396,4,75,92,149
2.6570,4,75,92,149
2.6733,3,78,91,148
2.6876,3,78,91,148
2.7031,3,78,91,148
2.7171,3,76,92,148
2.7348,3,76,92,148
2.7509,4,76,91,148
2.7674,4,76,91,148
2.7836,4,76,91,148
2.7995,4,76,92,149
2.8157,4,76,92,149
2.8397,4,75,92,149
2.8611,4,75,92,149
2.8754,4,75,92,149
2.8922,3,75,92,149
2.9137,3,75,92,149
2.9284,3,75,92,149
2.9462,3,75,92,149
2.9643,3,75,92,149
2.9790,4,76,91,148
2.9927,4,76,91,148
3.0067,4,76,91,148
3.0227,3,79,91,149
3.0363,3,79,91,149
3.0493,3,79,91,149
3.0647,4,75,92,148
3.0790,4,75,92,148
3.0976,4,75,92,148
3.1114,3,75,91,148
3.1255,3,75,91,148
3.1420,3,75,91,148
3.1557,3,76,92,149
3.1700,3,76,92,149
3.1853,3,76,92,149
3.1996,3,76,91,148
3.2157,3,76,91,148
3.2287,3,76,91,148
3.2457,4,76,92,148
3.2592,4,76,92,148
3.2724,4,76,92,148
3.2893,3,75,91,148
3.3025,3,75,91,148
3.3196,3,75,91,148
3.3329,3,76,91,148
3.3474,3,76,91,148
3.3615,3,76,91,148
3.3774,3,76,92,149
3.3911,3,76,92,149
3.4055,3,76,92,149
3.4199,4,75,92,148
3.4366,4,75,92,148
3.4502,4,75,92,148
3.4657,3,75,91,148
3.4813,3,75,91,148
3.4956,3,75,91,148
3.5102,6,74,88,145
3.5254,6,74,88,145
3.5387,6,74,88,145
3.5558,34,19,75,114
3.5698,34,19,75,114
3.5854,34,19,75,114
3.5998,33,18,76,113
3.6148,33,18,76,113
3.6336,33,19,75,114
3.6510,33,19,75,114
3.6647,33,19,75,114
3.6846,33,19,75,113
3.7032,33,19,75,113
3.7171,33,19,75,113
3.7395,33,18,75,114
3.7522,33,18,75,114
3.7684,34,19,76,113
3.7850,34,19,76,113
3.8046,34,19,76,113
3.8253,34,19,75,114
3.8576,34,19,76,114
3.8825,34,19,76,114
3.8996,34,19,76,114
3.9134,33,18,75,113
3.9286,33,18,75,113
3.9446,33,18,75,113
3.9597,33,19,75,114
3.9731,33,19,75,114
3.9906,34,19,75,114
4.0043,34,19,75,114
4.0192,34,19,75,114
4.0332,34,19,75,114
4.0474,33,18,75,114
4.0606,33,18,75,114
4.0766,33,18,75,114
4.0905,33,19,75,114
4.1066,33,19,75,114
4.1238,34,19,76,113
4.1375,34,19,76,113
4.1528,34,19,76,113
4.1667,34,19,76,113
4.1863,34,18,76,114
4.2004,34,18,76,114
4.2154,33,19,75,114
4.2305,33,19,75,114
4.2457,33,19,75,114
4.2592,33,19,75,113
4.2754,33,19,75,113
4.2892,33,19,75,113
4.3044,33,19,75,114
4.3191,33,19,75,114
4.3356,33,19,75,114
4.3501,33,19,75,114
4.3645,33,19,75,114
4.3782,33,19,75,114
4.3954,33,18,75,114
4.4116,33,18,75,114
4.4282,33,18,75,114
4.4443,33,19,75,114
4.4588,33,19,75,114
4.4718,33,19,75,114
4.4858,34,19,76,113
4.4992,34,19,76,113
4.5155,34,19,76,113
4.5288,34,18,76,114
4.5442,34,18,76,114
4.5578,34,18,76,114
4.5830,33,18,76,114
4.5962,33,18,76,114
4.6126,33,19,75,113
4.6279,33,19,75,113
4.6463,33,19,75,113
4.6602,33,18,76,113
4.6752,33,18,76,113
4.6953,33,18,76,113
4.7113,34,18,76,114
4.7263,34,18,76,114
4.7442,34,19,76,113
4.7605,34,19,76,113
4.7763,34,19,76,113
4.7887,33,18,75,114
4.8061,33,18,75,114
4.8236,33,19,76,114
4.8468,33,19,76,114
4.8655,33,19,76,114
4.8831,33,19,75,113
4.9004,33,19,75,113
4.9150,33,19,75,113
4.9356,33,18,76,114
4.9544,33,18,76,114
4.9683,33,19,76,114
4.9833,33,19,76,114
5.0003,33,19,76,114
5.0134,33,18,76,114
5.0286,33,18,76,114
5.0435,33,18,76,114
5.0595,33,19,75,114
5.0735,33,19,75,114
5.0869,33,19,75,114
5.0998,33,19,75,114
5.1151,33,19,75,114
5.1288,33,19,75,114
5.1465,33,18,76,114
5.1596,33,18,76,114
5.1757,33,18,76,114
5.1908,34,19,75,117
5.2057,34,19,75,117
5.2194,34,19,75,117
5.2364,34,19,75,113
5.2496,34,19,75,113
5.2666,34,19,75,113
5.2813,34,19,76,113
5.2957,34,19,76,113
5.3113,34,19,76,113
5.3255,34,19,75,114
5.3407,34,19,75,114
5.3543,34,19,75,114
5.3681,34,19,76,114
5.3855,34,19,76,114
5.3985,34,19,76,114
5.4144,33,18,75,113
5.4293,33,18,75,113
5.4455,33,18,75,113
5.4592,33,19,75,114
5.4746,33,19,75,114
5.4884,33,19,75,114
5.5055,33,19,75,114
5.5192,33,19,75,114
5.5347,33,19,75,114
5.5481,18,16,75,102
5.5667,18,16,75,102
5.5827,18,16,75,102
5.6005,18,15,75,98
5.6128,18,15,75,98
5.6286,18,15,75,98
5.6426,19,15,75,99
5.6587,19,15,75,99
5.6740,19,16,76,102
5.6934,19,16,76,102
5.7133,19,16,76,102
5.7271,18,16,76,100
5.7467,18,16,76,100
5.7618,18,16,76,100
5.7759,18,16,75,102
5.7973,18,16,75,102
5.8141,18,16,75,100
5.8317,18,16,75,100
5.8565,19,16,76,99
5.8730,19,16,76,99
5.8890,19,16,76,99
5.9058,19,15,75,99
5.9216,19,15,75,99
5.9378,19,15,75,99
5.9533,19,15,75,99
5.9725,19,15,75,99
5.9862,19,16,76,98
6.0014,19,16,76,98
6.0151,19,16,76,98
6.0350,18,15,75,99
6.0505,18,15,75,99
6.0655,18,15,75,99
6.0785,18,16,76,98
6.0963,18,16,76,98
6.1089,18,16,76,98
6.1274,18,15,75,99
6.1423,18,15,75,99
6.1563,18,15,75,99
6.1698,19,15,75,98
6.1854,19,15,75,98
6.1986,19,15,75,98
6.2152,18,16,75,99
6.2274,18,16,75,99
6.2455,18,16,75,99
6.2586,18,15,75,99
6.2773,18,15,75,99
6.2924,18,15,75,99
6.3066,19,15,75,98
6.3202,19,15,75,98
6.3353,19,15,75,98
6.3488,19,15,75,100
6.3653,19,15,75,100
6.3787,19,15,75,100
6.3948,18,16,75,102
6.4097,18,16,75,102
6.4256,18,16,75,102
6.4413,19,15,75,102
6.4558,19,15,75,102
6.4688,19,15,75,102
6.4855,18,15,75,99
6.4984,18,15,75,99
6.5167,18,15,75,99
6.5315,18,16,76,98
6.5452,18,16,76,98
6.5596,18,15,75,99
6.5838,18,15,75,99
6.5970,18,15,75,99
6.6119,19,15,75,98
6.6262,19,15,75,98
6.6487,19,15,75,98
6.6623,18,16,75,99
6.6762,18,16,75,99
6.6948,19,15,75,99
6.7146,19,15,75,99
6.7283,19,15,75,99
6.7469,19,16,76,102
6.7619,19,16,76,102
6.7824,18,16,76,102
6.8035,18,16,76,102
6.8169,18,16,76,102
6.8446,18,15,76,99
6.8673,18,15,76,99
6.8816,19,16,76,100
6.8983,19,16,76,100
6.9157,19,15,75,99
6.9338,19,15,75,99
6.9525,19,15,75,99
6.9668,19,16,75,98
6.9852,19,16,75,98
6.9989,19,16,75,98
7.0146,19,15,75,98
7.0291,19,15,75,98
7.0451,19,15,75,98
7.0596,19,16,76,100
7.0742,19,16,76,100
7.0892,19,16,76,100
7.1054,19,16,76,99
7.1189,19,16,76,99
7.1345,19,16,76,99
7.1476,18,16,75,99
7.1653,18,16,75,99
7.1789,18,16,75,99
7.1957,19,16,76,102
7.2092,19,16,76,102
7.2253,18,16,76,99
7.2427,18,16,76,99
7.2589,18,16,76,99
7.2724,19,15,75,100
7.2863,19,15,75,100
7.2987,19,15,75,100
7.3156,19,15,75,100
7.3279,18,15,75,99
7.3454,18,15,75,99
7.3601,18,15,75,99
7.3756,18,16,76,99
7.3900,18,16,76,99
7.4052,19,16,76,99
7.4195,19,16,76,98
7.4375,19,16,76,98
7.4512,19,16,76,99
7.4647,19,16,76,99
7.4817,19,16,76,99
7.4951,18,15,75,99
7.5115,18,15,75,99
7.5251,18,15,75,99
7.5407,15,48,34,85
7.5539,15,48,34,85
7.5705,15,48,34,85
7.5846,13,63,17,78
7.5977,13,63,17,78
7.6292,14,64,17,78
7.6487,14,64,17,78
7.7018,13,63,17,80
7.7317,14,64,15,79
7.7668,14,63,17,80
7.7941,14,63,17,80
7.8128,13,63,17,78
7.8437,13,63,17,80
7.8654,13,63,17,80
7.8876,13,63,17,80
7.9034,13,64,15,78
7.9176,13,64,15,78
7.9385,13,63,15,78
7.9510,13,63,15,78
7.9657,13,63,15,78
7.9799,13,63,15,78
8.0000,13,63,15,78
8.0163,13,63,15,78
8.0361,14,64,15,78
8.0553,14,64,15,78
8.0693,13,63,17,78
8.0843,13,63,17,78
8.0983,13,63,17,78
8.1125,13,63,17,78
8.1263,13,64,15,78
8.1405,13,64,15,78
8.1568,13,64,15,78
8.1708,13,63,15,80
8.1868,13,63,15,80
8.2024,14,63,15,80
8.2161,14,64,15,79
8.2323,14,64,15,79
8.2508,13,63,15,78
8.2646,13,63,15,78
8.2806,13,63,15,78
8.2941,14,64,15,78
8.3124,14,64,15,78
8.3266,14,64,15,78
8.3422,14,63,17,78
8.3565,14,63,17,78
8.3721,14,63,17,78
8.3847,14,64,15,79
8.4022,14,64,15,79
8.4154,14,64,15,79
8.4352,13,63,15,78
8.4527,13,63,15,78
8.4666,13,63,15,78
8.4828,13,63,15,79
8.4970,13,63,15,79
8.5115,13,63,15,79
8.5252,13,63,15,79
8.5378,13,63,15,79
8.5552,13,63,15,79
8.5714,13,63,15,80
8.5857,13,63,15,80
8.5987,13,63,15,79
8.6154,13,63,15,79
8.6321,13,63,15,79
8.6491,14,63,15,79
8.6654,14,63,15,79
8.6837,14,63,15,79
8.7031,14,64,15,79
8.7165,14,64,15,79
8.7368,13,63,17,78
8.7518,13,63,17,78
8.7662,13,63,17,78
8.7837,14,64,17,78
8.7969,14,64,17,78
8.8187,14,64,17,78
8.8388,14,64,15,78
8.8613,14,64,15,78
8.8768,14,63,17,78
8.8923,14,63,17,78
8.9088,14,63,17,78
8.9237,13,63,15,78
8.9394,13,63,15,78
8.9561,13,63,17,78
8.9711,13,63,17,78
8.9846,13,63,17,78
9.0027,14,64,17,78
9.0162,14,64,17,78
9.0355,14,64,17,78
9.0486,14,64,15,78
9.0656,14,64,15,78
9.0813,14,64,15,78
9.0948,13,63,15,79
9.1098,13,63,15,79
9.1232,13,63,15,79
9.1375,13,63,15,79
9.1522,13,63,15,79
9.1660,13,63,15,79
9.1814,13,63,15,79
9.1953,13,63,15,79
9.2098,13,63,15,79
9.2252,14,64,17,79
9.2395,14,64,17,79
9.2546,14,64,17,79
9.2696,14,64,15,78
9.2872,14,64,15,78
9.3010,14,64,15,78
9.3148,14,64,17,79
9.3282,14,64,17,79
9.3458,14,64,17,79
9.3595,14,64,15,78
9.3750,14,64,15,78
9.3881,14,64,15,78
9.4067,13,64,17,78
9.4213,13,64,17,78
9.4361,13,64,17,78
9.4517,13,64,15,78
9.4657,13,64,15,78
9.4793,13,64,15,78
9.4948,13,63,15,80
9.5071,13,63,15,80
9.5235,13,63,15,80
9.5367,21,71,45,115
9.5506,21,71,45,115
9.5662,21,71,45,115
9.5815,33,78,88,175
9.5957,33,78,88,175
9.6105,33,78,88,175
9.6256,33,79,87,175
9.6407,33,79,87,175
9.6554,33,79,87,175
9.6692,33,79,87,177
9.6863,33,79,87,177
9.7012,33,79,87,177
9.7166,33,78,86,174
9.7316,33,78,86,174
9.7521,33,78,89,174
9.7677,33,78,89,177
9.7842,33,78,89,177
9.7980,34,79,89,177
9.8143,34,79,89,177
9.8283,34,79,89,177
9.8532,33,78,87,177
9.8730,33,78,87,177
9.8864,33,78,87,177
9.9043,34,79,87,177
9.9191,34,79,87,177
9.9333,33,79,89,177
9.9515,33,79,89,177
9.9665,33,79,89,177
9.9829,34,78,88,175
9.9963,34,78,88,175
10.0123,34,78,88,175
10.0276,34,78,87,177
10.0451,34,78,87,177
10.0587,34,78,87,177
10.0741,33,78,89,175
10.0899,33,78,89,175
10.1052,33,78,89,175
10.1186,33,78,89,174
10.1343,33,78,89,174
10.1504,33,78,89,174
10.1651,33,79,89,175
10.1787,33,79,89,175
10.1940,33,79,89,175
10.2090,34,79,89,177
10.2253,34,79,89,177
10.2406,34,79,87,175
10.2557,34,79,87,175
10.2672,34,79,87,175
10.2847,34,79,87,175
10.2985,34,79,87,175
10.3138,34,79,87,175
10.3276,33,79,87,177
10.3453,33,79,87,177
10.3588,33,79,87,177
10.3746,34,79,87,175
10.3876,34,79,87,175
10.4060,34,79,87,175
10.4203,33,79,89,177
10.4366,33,79,89,177
10.4502,33,79,89,177
10.4650,33,78,89,177
10.4783,33,78,89,177
10.4941,33,78,89,177
10.5063,34,79,87,175
10.5228,34,79,87,175
10.5362,34,79,87,175
10.5526,33,78,87,175
10.5647,33,78,87,175
10.5837,33,78,87,175
10.5971,34,79,87,177
10.6127,34,79,87,177
10.6248,34,79,87,177
10.6428,33,79,86,173
10.6570,33,79,86,173
10.6741,33,79,86,173
10.6887,34,79,89,177
10.7062,34,79,89,177
10.7186,34,79,89,177
10.7369,33,79,89,175
10.7548,33,79,89,175
10.7739,34,79,87,177
10.7863,34,79,87,177
10.8012,34,79,87,177
10.8220,33,78,89,175
10.8403,33,78,89,175
10.8597,34,79,89,175
10.8745,34,79,89,177
10.8931,34,79,89,177
10.9063,34,79,89,177
10.9241,34,79,89,177
10.9398,34,79,89,177
10.9567,34,78,87,177
10.9710,34,78,87,177
10.9854,34,78,87,177
11.0004,33,79,89,175
11.0147,33,79,89,175
11.0283,33,79,89,175
11.0462,34,79,87,177
11.0604,34,79,87,177
11.0756,34,79,87,177
11.0877,34,79,88,175
11.1054,34,79,88,175
11.1203,34,79,88,175
11.1343,33,78,89,177
11.1465,33,78,89,177
11.1652,33,78,89,177
11.1790,34,78,86,177
11.1955,34,78,86,177
11.2090,34,78,86,177
11.2262,33,78,89,177
11.2393,33,78,89,177
11.2540,33,78,89,177
11.2685,34,79,89,177
11.2851,34,79,89,177
11.2988,34,79,89,177
11.3138,34,78,87,177
11.3310,34,78,87,177
11.3455,34,78,87,177
11.3588,33,79,87,177
11.3742,33,79,87,177
11.3902,33,79,87,177
11.4053,34,79,89,177
11.4188,34,79,89,177
11.4357,34,79,89,177
11.4508,33,79,87,177
11.4656,33,79,87,177
11.4785,34,79,87,177
11.4954,34,79,89,175
11.5100,34,79,89,175
11.5275,34,69,78,157
11.5425,34,69,78,157
11.5579,34,69,78,157
11.5827,31,3,0,34
11.5959,31,3,0,34
11.6132,31,3,0,34
11.6276,31,4,1,34
11.6441,31,4,1,34
11.6585,31,4,1,34
11.6745,30,4,0,34
11.6954,30,4,0,34
11.7128,30,4,0,34
11.7274,30,4,0,34
11.7452,30,4,0,34
11.7617,30,4,0,34
11.7756,30,4,0,34
11.7907,30,4,0,34
11.8069,30,3,1,34
11.8222,30,3,1,34
11.8411,31,3,1,34
11.8656,31,3,1,34
11.8817,31,3,1,33
11.8954,31,3,1,33
11.9121,31,3,1,33
11.9359,30,4,1,34
11.9560,30,4,1,34
11.9708,30,3,0,34
11.9855,30,3,0,34
12.0007,30,3,0,34
12.0125,30,4,0,34
12.0283,30,4,0,34
12.0431,30,4,0,34
12.0597,30,4,0,34
12.0721,30,4,0,34
12.0859,30,4,0,34
12.0994,30,4,0,34
12.1163,30,3,1,34
12.1323,30,3,1,34
12.1468,30,3,1,34
12.1598,31,3,1,34
12.1747,31,3,1,34
12.1868,31,3,1,33
12.2053,31,3,1,33
12.2193,31,3,1,33
12.2345,30,4,1,33
12.2511,30,4,1,33
12.2650,30,4,1,33
12.2780,31,4,0,34
12.2948,31,4,0,34
12.3078,31,4,0,34
12.3266,31,3,1,33
12.3405,31,3,1,33
12.3547,31,3,1,33
12.3697,30,4,1,34
12.3850,30,4,1,34
12.3986,30,4,1,34
12.4145,30,4,1,33
12.4317,30,4,1,33
12.4473,30,4,1,33
12.4605,30,3,1,34
12.4746,30,3,1,34
12.4902,30,3,1,34
12.5050,31,3,1,34
12.5190,31,3,1,34
12.5355,31,3,1,34
12.5490,30,3,0,34
12.5651,30,3,0,34
12.5788,30,3,0,34
12.5949,31,3,0,34
12.6070,31,3,0,34
12.6227,31,3,0,34
12.6377,30,3,0,34
12.6529,30,3,0,34
12.6711,30,3,0,34
12.6934,31,4,0,34
12.7065,31,4,0,34
12.7247,31,3,0,34
12.7430,31,3,0,34
12.7582,31,3,0,34
12.7718,31,3,0,34
12.7894,31,3,0,34
12.8028,31,3,0,34
12.8196,31,3,0,34
12.8507,31,3,0,34
12.8684,31,3,0,34
12.8842,31,3,0,34
12.8983,31,3,0,34
12.9155,31,3,0,34
12.9336,31,3,0,34
12.9538,31,3,0,34
12.9725,31,3,0,34
12.9864,31,3,0,34
13.0021,31,3,0,34
13.0164,31,3,0,34
13.0334,31,3,0,34
13.0474,31,3,0,34
13.0650,31,3,0,34
13.0773,31,3,0,34
13.0953,31,3,0,34
13.1075,31,3,0,34
13.1250,31,3,0,34
13.1398,31,3,0,34
13.1538,31,3,0,34
13.1698,31,3,0,34
13.1859,31,3,0,34
13.1990,31,3,0,34
13.2141,31,3,0,34
13.2284,31,3,0,34
13.2459,31,3,0,34
13.2595,30,3,1,34
13.2737,30,3,1,34
13.2932,30,3,1,34
13.3084,31,4,1,34
13.3219,31,4,1,34
13.3380,31,4,1,34
13.3521,31,3,0,34
13.3681,31,3,0,34
13.3827,31,3,0,34
13.3974,31,3,0,34
13.4111,31,3,0,34
13.4257,31,3,0,34
13.4395,31,3,0,34
13.4543,31,3,0,34
13.4684,31,3,0,34
13.4855,31,3,1,33
13.4985,31,3,1,33
13.5151,31,3,1,33
13.5295,31,3,0,34
13.5454,31,3,0,34
13.5605,31,3,0,34
13.5833,4,61,13,65
13.6018,4,61,13,65
13.6155,1,63,15,68
13.6346,1,63,15,68
13.6521,1,63,15,68
13.6671,0,64,15,69
13.6824,0,64,15,69
13.7038,0,64,15,68
13.7236,0,64,15,68
13.7380,0,64,15,68
13.7538,1,63,17,68
13.7693,1,63,17,68
13.7860,1,63,17,68
13.8006,1,63,17,68
13.8157,1,63,17,68
13.8391,1,63,17,68
13.8611,1,63,17,68
13.8758,1,63,17,68
13.8926,1,63,17,68
13.9082,1,63,17,68
13.9241,1,63,17,68
13.9448,1,63,17,68
13.9631,1,63,17,68
13.9763,1,63,15,69
13.9921,1,63,15,69
14.0064,1,63,15,69
14.0219,0,64,15,68
14.0362,0,64,15,68
14.0526,0,64,15,68
14.0662,0,64,15,68
14.0824,0,64,15,68
14.0954,0,64,15,68
14.1147,0,64,17,68
14.1278,0,64,17,68
14.1448,1,63,15,69
14.1600,1,63,15,69
14.1736,1,63,15,69
14.1907,1,63,15,68
14.2041,1,63,15,68
14.2219,1,63,15,68
14.2351,0,64,15,69
14.2516,0,64,15,69
14.2655,0,64,15,69
14.2848,1,63,15,68
14.2986,1,63,15,68
14.3138,1,63,15,68
14.3267,1,63,15,68
14.3456,1,63,15,68
14.3585,1,63,15,68
14.3757,0,64,17,69
14.3923,0,64,17,69
14.4074,0,64,17,69
14.4218,1,64,15,68
14.4426,1,64,15,68
14.4563,1,63,17,68
14.4713,1,63,17,68
14.4852,1,63,17,68
14.5024,0,64,15,69
14.5178,0,64,15,69
14.5355,0,64,15,69
14.5486,0,64,15,69
14.5648,0,64,15,69
14.5787,0,64,15,69
14.5957,0,64,15,69
14.6097,0,64,15,69
14.6248,0,64,15,69
14.6443,0,64,15,69
14.6609,0,64,15,69
14.6753,1,63,17,68
14.6916,1,63,17,68
14.7135,1,63,17,68
14.7272,0,64,15,69
14.7456,0,64,15,69
14.7596,0,64,15,69
14.7753,1,64,15,68
14.7894,1,64,15,68
14.8043,1,63,15,68
14.8212,1,63,17,68
14.8383,1,63,17,68
14.8571,0,64,15,69
14.8782,0,64,15,69
14.8955,0,64,15,69
14.9115,0,64,15,69
14.9285,0,64,15,69
14.9457,1,63,17,68
14.9634,1,63,17,68
14.9771,1,63,17,68
14.9938,0,64,15,69
15.0094,0,64,15,69
15.0250,0,64,15,69
15.0383,1,63,17,68
15.0548,1,63,17,68
15.0693,1,63,17,68
15.0849,0,64,15,69
15.0991,0,64,15,69
15.1142,0,64,15,69
15.1278,0,64,15,69
15.1449,0,64,15,69
15.1579,0,64,15,69
15.1748,0,64,15,69
15.1882,0,64,15,69
15.2066,0,64,15,69
15.2205,0,64,15,69
15.2346,0,64,15,69
15.2502,0,64,15,69
15.2648,0,64,15,69
15.2795,0,64,15,69
15.2948,1,63,15,68
15.3092,1,63,15,68
15.3263,1,63,15,68
15.3401,1,63,15,68
15.3532,1,63,15,68
15.3717,1,63,15,68
15.3878,0,64,15,68
15.4039,0,64,15,68
15.4177,0,64,15,68
15.4376,0,64,17,68
15.4519,0,64,17,68
15.4656,0,64,17,68
15.4789,1,63,15,69
15.4956,1,63,15,69
15.5076,1,63,15,69
15.5253,1,63,15,68
15.5387,1,63,15,68
15.5540,1,63,15,68
15.5690,0,29,57,79
15.5848,0,29,57,79
15.5988,0,29,57,79
15.6138,1,16,76,83
15.6277,1,16,76,83
15.6463,1,16,76,83
15.6609,1,15,75,84
15.6742,1,15,75,84
15.6930,1,15,75,84
15.7062,0,16,76,85
15.7200,0,16,76,85
15.7385,0,16,76,84
15.7545,0,16,76,84
15.7699,0,16,76,84
15.7856,0,16,75,83
15.8038,0,16,75,83
15.8224,0,16,75,83
15.8414,1,16,76,83
15.8659,1,16,76,83
15.8827,0,16,76,83
15.8960,0,16,76,83
15.9159,1,16,76,84
15.9345,1,16,76,84
15.9511,1,16,76,84
15.9673,1,15,75,84
15.9847,1,15,75,84
15.9984,1,15,75,84
16.0163,1,15,75,84
16.0295,1,15,75,84
16.0453,1,15,75,84
16.0598,1,15,75,84
16.0750,1,15,75,84
16.0903,1,15,75,84
16.1063,0,16,76,85
16.1196,0,16,76,85
16.1363,0,16,76,85
16.1496,0,16,76,83
16.1660,0,16,76,83
16.1794,0,16,76,83
16.1955,1,15,75,84
16.2100,1,15,75,84
16.2236,0,16,75,84
16.2406,0,16,75,84
16.2556,0,16,75,84
16.2693,0,16,75,84
16.2852,0,16,75,84
16.2974,0,16,75,84
16.3155,0,16,75,84
16.3292,0,16,75,84
16.3448,0,16,75,84
16.3596,1,15,75,83
16.3754,1,15,75,83
16.3891,1,15,75,83
16.4057,0,16,76,83
16.4196,0,16,76,83
16.4387,0,16,76,83
16.4522,0,16,76,83
16.4656,0,16,76,83
16.4820,0,16,76,83
16.4955,1,15,75,84
16.5113,1,15,75,84
16.5253,1,15,75,84
16.5419,0,16,76,85
16.5573,0,16,76,85
16.5855,1,15,75,86
16.6031,1,15,75,86
16.6202,1,15,75,86
16.6373,0,16,76,84
16.6496,0,16,76,84
16.6656,0,16,76,84
16.6825,0,16,76,84
16.6991,0,16,76,84
16.7145,0,16,75,84
16.7359,0,16,75,84
16.7563,0,16,75,84
16.7726,1,16,76,86
16.7871,1,16,76,86
16.8005,1,16,76,86
16.8164,1,16,76,83
16.8378,1,16,76,83
16.8626,0,16,76,83
16.8791,0,16,76,83
16.9029,1,16,76,84
16.9204,1,16,76,84
16.9360,0,16,76,84
16.9527,0,16,76,84
16.9718,0,16,76,84
16.9861,1,15,75,84
17.0031,1,15,75,84
17.0173,1,15,75,84
17.0330,1,15,76,85
17.0488,1,15,76,85
17.0644,1,15,76,85
17.0813,1,15,75,84
17.0948,1,15,75,84
17.1117,1,15,75,84
17.1259,1,15,75,83
17.1447,1,15,75,83
17.1577,0,16,76,83
17.1741,0,16,76,83
17.1885,0,16,76,83
17.2050,1,16,75,84
17.2187,1,16,75,84
17.2341,1,16,75,84
17.2484,0,16,75,86
17.2672,0,16,75,86
17.2814,0,16,75,86
17.2950,1,15,75,84
17.3110,1,15,75,84
17.3252,1,15,75,84
17.3402,1,15,75,84
17.3542,1,15,75,84
17.3695,1,15,75,84
17.3853,0,16,75,86
17.3983,0,16,75,86
17.4152,0,16,75,86
17.4328,1,15,75,84
17.4525,1,15,75,84
17.4661,1,15,75,84
17.4837,1,15,75,83
17.4996,1,15,75,83
17.5151,0,16,76,85
17.5293,0,16,76,85
17.5446,0,16,76,85
17.5586,16,29,46,80
17.5829,16,29,46,80
17.5958,16,29,46,80
17.6100,34,46,12,78
17.6236,34,46,12,78
17.6365,34,46,12,78
17.6519,34,46,11,78
17.6656,34,46,11,78
17.6848,34,46,11,78
17.6995,33,45,11,79
17.7151,33,45,11,79
17.7324,33,46,12,78
17.7531,33,46,12,78
17.7738,33,46,12,78
17.7894,34,46,11,78
17.8080,34,46,11,78
17.8229,33,46,11,78
17.8443,33,46,11,78
17.8634,33,46,12,78
17.8833,33,46,12,79
17.9024,33,46,12,79
17.9194,34,46,12,79
17.9379,34,46,12,79
17.9552,33,46,12,79
17.9695,33,46,12,79
17.9839,33,46,12,79
17.9996,33,46,12,79
18.0142,33,45,11,79
18.0309,33,45,11,79
18.0443,34,45,11,78
18.0615,34,45,11,78
18.0751,34,45,11,78
18.0932,34,46,11,78
18.1079,34,46,11,78
18.1242,34,46,11,78
18.1414,33,45,11,79
18.1550,33,45,11,79
18.1693,33,45,11,79
18.1841,34,46,12,78
18.1978,34,46,12,78
18.2147,34,46,12,78
18.2281,33,45,12,79
18.2458,33,45,12,79
18.2594,33,45,12,79
18.2725,34,46,11,78
18.2875,34,46,11,78
18.3012,34,46,11,78
18.3148,34,46,11,78
18.3316,34,46,11,78
18.3462,34,46,11,78
18.3598,34,46,11,78
18.3738,34,46,11,78
18.3887,34,46,11,78
18.4047,34,46,11,79
18.4186,34,46,11,79
18.4380,34,46,11,79
18.4527,33,45,12,78
18.4664,33,45,12,78
18.4816,33,45,12,78
18.4953,33,46,12,79
18.5090,33,46,12,79
18.5247,33,46,12,79
18.5386,34,45,11,78
18.5551,34,45,11,78
18.5690,34,45,11,78
18.5849,34,46,11,78
18.5996,34,46,11,78
18.6137,34,46,11,78
18.6318,33,45,11,79
18.6485,33,45,11,79
18.6622,33,45,11,79
18.6769,34,46,12,78
18.6937,34,46,12,78
18.7100,33,46,12,78
18.7233,33,45,12,79
18.7419,33,45,12,79
18.7636,34,46,11,78
18.7777,34,46,11,78
18.7964,33,45,11,78
18.8125,33,45,11,78
18.8283,33,45,11,78
18.8620,33,45,11,79
18.8843,33,45,11,79
18.8996,34,46,11,78
18.9140,34,46,11,78
18.9312,33,45,11,79
18.9507,33,45,11,79
18.9724,33,45,11,79
18.9867,34,46,11,78
19.0022,34,46,11,78
19.0158,34,46,11,78
19.0334,30,46,12,79
19.0493,30,46,12,79
19.0647,34,46,11,79
19.0782,34,46,11,78
19.0952,34,46,11,78
19.1095,33,45,11,79
19.1228,33,45,11,79
19.1404,33,45,11,79
19.1533,34,46,12,78
19.1710,34,46,12,78
19.1854,34,46,12,78
19.2004,31,46,11,79
19.2143,31,46,11,79
19.2343,31,46,11,79
19.2516,34,45,11,78
19.2652,34,45,11,78
19.2833,34,45,11,78
19.2970,34,46,11,78
19.3162,34,46,11,78
19.3292,33,45,11,79
19.3445,33,45,11,79
19.3591,33,45,11,79
19.3752,31,45,11,79
19.3912,31,45,11,79
19.4062,31,45,11,79
19.4201,33,45,11,79
19.4367,33,45,11,79
19.4501,33,45,11,79
19.4639,33,45,12,79
19.4783,33,45,12,79
19.4926,33,45,12,79
19.5063,33,45,12,79
19.5212,33,45,12,79
19.5358,33,45,12,79
19.5502,33,45,12,79
19.5649,34,40,10,73
19.5786,34,40,10,73
19.5941,34,40,10,73
19.6088,31,21,4,50
19.6249,31,21,4,50
19.6412,30,21,6,51
19.6585,30,21,6,51
19.6727,30,21,6,51
19.6930,31,20,6,51
19.7123,31,20,6,51
19.7251,31,20,6,51
19.7447,30,21,4,50
19.7581,30,21,4,50
19.7742,30,21,6,51
19.7902,30,21,6,51
19.8054,30,21,6,51
19.8216,31,20,6,50
19.8452,31,20,6,50
19.8676,30,20,6,51
19.8831,30,20,6,51
19.9036,30,20,6,51
19.9220,31,20,6,51
19.9373,31,20,6,51
19.9542,31,21,4,50
19.9701,31,21,4,50
19.9846,31,21,4,50
19.9975,31,20,4,50
20.0135,31,20,4,50
20.0274,31,20,4,50
20.0446,30,21,4,50
20.0582,30,21,4,50
20.0766,30,21,4,50
20.0900,30,20,6,51
20.1046,30,20,6,51
20.1182,30,20,6,51
20.1354,30,21,6,51
20.1476,30,21,6,51
20.1652,30,21,6,51
20.1782,30,21,4,50
20.1953,30,21,4,50
20.2082,30,21,4,50
20.2253,30,20,6,50
20.2397,30,20,6,50
20.2541,30,20,6,50
20.2662,31,21,4,53
20.2853,31,21,4,53
20.2987,31,21,4,53
20.3155,31,20,6,50
20.3313,31,20,6,50
20.3451,31,20,6,50
20.3593,31,21,4,53
20.3738,31,21,4,53
20.3900,31,21,4,53
20.4050,31,20,6,50
20.4193,31,20,6,50
20.4351,31,20,6,50
20.4493,30,21,6,54
20.4654,30,21,6,54
20.4791,30,21,6,54
20.4947,31,21,4,50
20.5085,31,21,4,50
20.5248,31,21,4,50
20.5383,31,20,6,50
20.5546,31,20,6,50
20.5695,30,20,6,50
20.5852,30,21,4,50
20.5981,30,21,4,50
20.6152,30,21,4,50
20.6292,30,21,6,51
20.6466,30,21,6,51
20.6616,31,20,6,51
20.6796,31,20,6,51
20.7019,31,20,6,51
20.7156,31,21,4,50
20.7372,31,21,4,50
20.7509,31,20,4,50
20.7686,31,20,4,50
20.7845,31,20,4,50
20.8048,30,21,4,50
20.8246,30,21,4,50
20.8447,31,20,6,54
20.8632,31,20,6,54
20.8789,31,20,6,54
20.8967,30,21,4,50
20.9134,30,21,4,50
20.9361,30,21,6,51
20.9587,30,21,6,51
20.9725,31,20,6,50
20.9880,31,20,6,50
21.0024,31,20,6,50
21.0162,31,20,6,51
21.0314,31,20,6,51
21.0456,31,20,6,51
21.0591,30,21,6,51
21.0745,30,21,6,51
21.0881,30,21,6,51
21.1050,31,20,6,50
21.1201,31,20,6,50
21.1347,31,20,6,50
21.1498,30,20,6,51
21.1647,30,20,6,51
21.1785,30,20,6,51
21.1945,30,21,6,51
21.2075,30,21,6,51
21.2242,30,21,6,51
21.2424,30,21,4,50
21.2560,30,21,4,50
21.2709,30,21,4,50
21.2837,30,20,6,50
21.3020,30,20,6,50
21.3174,30,20,6,50
21.3334,30,21,4,50
21.3471,30,21,4,50
21.3647,30,21,4,50
21.3785,30,21,6,51
21.3946,30,21,6,51
21.4083,30,21,6,51
21.4254,30,21,4,50
21.4461,30,21,4,50
21.4621,30,21,6,51
21.4757,30,21,6,51
21.4947,30,21,6,51
21.5082,31,20,6,50
21.5260,31,20,6,50
21.5394,31,20,6,50
21.5536,30,20,6,54
21.5687,30,20,6,54
21.5845,30,20,6,54
21.5984,4,76,91,149
21.6134,4,76,91,149
21.6276,4,76,91,149
21.6459,4,76,92,149
21.6594,4,76,92,149
21.6767,4,75,92,149
21.6960,4,75,92,149
21.7112,4,75,92,149
21.7257,4,78,92,149
21.7467,4,78,92,149
21.7620,4,78,92,149
21.7768,3,75,91,148
21.7940,3,75,91,148
21.8114,3,75,91,148
21.8258,3,76,91,148
21.8512,3,76,91,148
21.8715,3,75,91,148
21.8854,3,75,91,148
21.9057,4,76,92,148
21.9183,4,76,92,148
21.9353,4,76,92,148
21.9515,4,76,91,148
21.9653,4,76,91,148
21.9792,4,76,91,148
21.9958,3,76,92,149
22.0096,3,76,92,149
22.0255,3,76,92,149
22.0393,3,75,91,149
22.0528,3,75,91,149
22.0717,3,75,91,149
22.0844,3,76,92,148
22.0992,3,76,92,148
22.1127,3,76,92,148
22.1288,4,79,92,148
22.1428,4,79,92,148
22.1576,4,79,92,148
22.1712,3,75,91,148
22.1852,3,75,91,148
22.1992,3,75,91,148
22.2152,4,76,92,148
22.2288,4,76,92,148
22.2456,4,76,92,148
22.2576,4,76,91,148
22.2761,4,76,91,148
22.2893,4,76,91,148
22.3035,4,76,92,149
22.3200,4,76,92,149
22.3351,4,76,92,149
22.3503,4,76,91,148
22.3644,4,76,91,148
22.3786,4,76,91,148
22.3957,3,75,92,148
22.4087,3,75,92,148
22.4234,3,75,92,148
22.4425,4,76,92,148
22.4574,4,76,92,148
22.4710,4,76,92,148
22.4853,3,75,91,148
22.4987,3,75,91,148
22.5150,3,75,91,148
22.5286,4,76,92,149
22.5450,4,76,92,149
22.5574,4,76,92,149
22.5830,3,76,91,149
22.5960,3,76,91,149
22.6144,4,76,92,149
22.6281,4,76,92,149
22.6466,4,76,92,149
22.6608,3,76,91,149
22.6766,3,76,91,149
22.6952,3,76,91,149
22.7113,4,76,92,149
22.7247,4,76,92,149
22.7501,3,76,91,149
22.7654,3,76,91,149
22.7817,3,76,91,149
22.8019,4,76,92,149
22.8216,4,76,92,149
22.8426,3,76,91,149
22.8595,3,76,91,149
22.8756,3,75,91,149
22.8920,3,75,91,148
22.9061,3,75,91,148
22.9244,4,75,92,148
22.9415,4,75,92,148
22.9574,4,75,92,148
22.9707,3,76,91,148
22.9862,3,76,91,148
22.9986,3,76,91,148
23.0153,3,75,91,148
23.0294,3,75,91,148
23.0448,3,75,91,148
23.0586,3,76,92,149
23.0750,3,76,92,149
23.0883,3,76,92,149
23.1054,3,76,91,148
23.1210,3,76,91,148
23.1355,3,76,91,148
23.1498,4,76,92,148
23.1645,4,76,92,148
23.1784,4,76,92,148
23.1948,3,76,92,148
23.2080,3,76,92,148
23.2258,3,76,92,148
23.2420,3,75,92,148
23.2554,3,75,92,148
23.2704,3,75,92,148
23.2846,4,76,92,148
23.2983,4,76,92,148
23.3152,4,76,92,148
23.3314,3,76,92,148
23.3444,3,76,92,148
23.3582,3,76,92,148
23.3747,4,76,92,149
23.3880,4,76,92,149
23.4046,4,76,92,149
23.4193,3,76,91,149
23.4355,3,76,91,149
23.4489,3,76,91,149
23.4635,4,76,92,149
23.4769,4,76,92,149
23.4946,4,76,92,149
23.5077,3,75,91,149
23.5235,3,75,91,149
23.5376,3,75,91,149
23.5547,4,76,92,149
23.5690,4,76,92,149
23.5855,4,76,92,149
23.5998,29,29,77,122
23.6145,29,29,77,122
23.6276,33,19,76,113
23.6467,33,19,76,113
23.6617,33,19,76,113
23.6784,33,19,75,114
23.6955,33,19,75,114
23.7121,33,19,75,114
23.7265,34,19,75,114
23.7457,34,19,75,114
23.7593,34,19,75,114
23.7740,34,19,76,114
23.7943,34,19,76,114
23.8105,34,18,76,114
23.8254,34,18,76,114
23.8496,34,18,76,114
23.8660,33,18,76,114
23.8854,33,18,76,114
23.8974,33,19,76,114
23.9145,33,19,76,114
23.9328,33,19,76,114
23.9499,33,18,76,114
23.9718,33,18,76,114
23.9872,33,19,75,114
24.0044,33,19,75,114
24.0191,33,19,75,114
24.0338,34,19,75,114
24.0464,34,19,75,114
24.0646,34,19,75,114
24.0785,34,19,76,114
24.0946,34,19,76,114
24.1092,34,19,76,114
24.1257,34,18,76,114
24.1395,34,18,76,114
24.1525,34,18,76,114
24.1697,33,18,76,114
24.1833,33,18,76,114
24.2015,33,18,76,114
24.2146,34,18,75,114
24.2344,34,18,75,114
24.2475,34,18,75,114
24.2645,33,19,75,114
24.2781,33,19,75,114
24.2948,33,19,75,114
24.3083,34,19,75,114
24.3245,34,19,75,114
24.3382,34,19,75,114
24.3535,34,19,76,114
24.3682,34,19,76,114
24.3844,33,19,75,114
24.3986,33,19,75,114
24.4149,33,19,75,114
24.4289,33,18,75,114
24.4473,33,18,75,114
24.4605,33,18,75,114
24.4765,33,18,75,113
24.4906,33,18,75,113
24.5044,33,18,75,113
24.5192,34,19,75,114
24.5336,34,19,75,114
24.5483,34,19,75,114
24.5646,34,19,75,114
24.5791,34,19,75,114
24.5940,34,19,75,114
24.6078,34,18,76,113
24.6246,34,18,76,113
24.6374,34,18,76,113
24.6538,33,19,76,114
24.6693,33,19,76,114
24.6854,33,19,76,114
24.7006,34,19,75,113
24.7158,34,19,75,113
24.7361,34,19,75,113
24.7518,34,19,75,114
24.7655,34,19,75,114
24.7847,33,18,76,113
24.7993,33,18,76,113
24.8157,33,18,76,113
24.8288,34,19,76,113
24.8573,34,19,76,113
24.8764,34,19,75,114
24.8948,34,19,75,114
24.9130,34,19,75,114
24.9253,34,19,76,114
24.9440,34,19,76,114
24.9613,34,18,76,114
24.9764,34,18,76,114
24.9918,34,18,76,114
25.0064,33,18,76,114
25.0237,33,18,76,114
25.0383,33,18,76,114
25.0550,33,19,76,114
25.0686,33,19,76,114
25.0843,33,19,76,114
25.0977,33,18,76,114
25.1148,33,18,76,114
25.1281,33,18,76,114
25.1447,33,19,75,114
25.1586,33,19,75,114
25.1748,33,19,75,114
25.1887,33,19,75,114
25.2046,33,19,75,114
25.2179,33,19,75,114
25.2362,33,18,75,114
25.2497,33,18,75,114
25.2632,33,18,75,114
25.2775,33,19,75,114
25.2947,33,19,75,114
25.3090,33,19,75,114
25.3243,34,19,76,113
25.3385,34,19,76,113
25.3561,34,19,76,113
25.3696,34,18,76,114
25.3827,34,18,76,114
25.4002,34,18,76,114
25.4136,33,19,75,114
25.4262,33,19,75,114
25.4435,33,19,75,114
25.4568,33,18,75,114
25.4711,33,18,75,114
25.4845,33,18,75,114
25.4977,33,18,75,113
25.5135,33,18,75,113
25.5275,33,18,75,113
25.5445,34,19,75,114
25.5583,34,19,75,114
25.5815,34,19,75,114
25.5948,24,16,75,107
25.6097,24,16,75,107
25.6262,19,15,75,98
25.6488,19,15,75,98
25.6636,19,15,75,98
25.6817,18,16,76,98
25.7018,18,16,76,98
25.7194,19,15,75,99
25.7353,19,15,75,99
25.7499,19,15,75,99
25.7656,18,16,76,99
25.7821,18,16,76,99
25.8027,18,16,76,99
25.8172,18,16,76,102
25.8338,18,16,76,102
25.8557,19,15,75,99
25.8723,19,15,75,99
25.8855,19,15,75,99
25.9041,18,16,75,99
25.9197,18,16,75,99
25.9335,18,16,75,99
25.9502,19,16,76,99
25.9641,19,16,76,99
25.9830,19,15,75,98
26.0018,19,15,75,98
26.0154,19,15,75,98
26.0335,15,15,75,98
26.0492,15,15,75,98
26.0641,15,15,75,98
26.0789,18,16,75,98
26.0939,18,16,75,98
26.1086,18,16,75,98
26.1233,15,15,75,99
26.1376,15,15,75,99
26.1528,15,15,75,99
26.1695,19,16,76,99
26.1831,19,16,76,99
26.1968,19,16,76,99
26.2105,16,16,76,98
26.2255,16,16,76,98
26.2388,16,16,76,98
26.2521,18,16,76,98
26.2677,18,16,76,98
26.2827,18,16,76,98
26.3007,18,16,76,99
26.3144,18,16,76,99
26.3315,18,16,76,99
26.3453,16,16,76,98
26.3617,16,16,76,98
26.3765,19,16,76,98
26.3946,19,16,76,98
26.4081,19,16,76,98
26.4239,18,16,76,99
26.4427,18,16,76,99
26.4564,18,16,76,99
26.4703,19,15,75,99
26.4837,19,15,75,99
26.5005,19,15,75,99
26.5124,19,15,75,99
26.5263,19,16,76,99
26.5402,19,16,76,99
26.5542,19,16,76,99
26.5693,19,16,76,98
26.5844,19,16,76,98
26.5981,19,16,76,98
26.6146,15,16,76,99
26.6288,15,16,76,99
26.6464,18,16,76,99
26.6597,18,16,76,98
26.6742,18,16,76,98
26.6922,19,15,75,99
26.7103,19,15,75,99
26.7248,19,15,75,99
26.7463,18,15,75,98
26.7596,18,15,75,98
26.7745,15,15,75,98
26.7953,15,15,75,98
26.8128,15,15,75,98
26.8264,16,16,76,99
26.8465,16,16,76,99
26.8661,19,15,76,98
26.8848,19,15,76,98
26.9012,19,15,76,98
26.9166,19,16,76,99
26.9343,19,16,76,99
26.9530,19,16,76,99
26.9725,19,15,75,98
26.9862,19,15,75,98
27.0017,18,16,75,99
27.0172,18,16,75,99
27.0343,18,16,75,99
27.0484,18,15,75,99
27.0635,18,15,75,99
27.0771,18,15,75,99
27.0943,19,15,75,98
27.1077,19,15,75,98
27.1233,19,15,75,98
27.1360,18,15,75,99
27.1516,18,15,75,99
27.1667,18,15,75,99
27.1835,16,15,75,98
27.1995,16,15,75,98
27.2143,16,15,75,98
27.2273,19,15,75,99
27.2432,19,15,75,99
27.2568,19,15,75,99
27.2757,19,15,75,99
27.2893,19,15,75,99
27.3035,19,15,75,99
27.3229,18,15,75,98
27.3394,18,15,75,98
27.3532,15,15,75,98
27.3696,15,15,75,98
27.3829,15,15,75,98
27.3966,15,15,75,98
27.4096,18,16,76,98
27.4238,18,16,76,98
27.4407,18,16,76,98
27.4553,18,16,75,99
27.4702,18,16,75,99
27.4840,18,16,75,99
27.4978,18,15,75,102
27.5145,18,15,75,102
27.5277,18,15,75,102
27.5447,19,15,75,99
27.5580,19,15,75,99
27.5830,16,31,57,94
27.6011,16,31,57,94
27.6152,16,31,57,94
27.6330,14,63,17,78
27.6477,14,63,17,78
27.6648,14,64,15,78
27.6797,14,64,15,78
27.6962,14,64,15,78
27.7105,14,64,15,78
27.7252,14,64,15,78
27.7445,14,64,15,78
27.7601,13,63,15,78
27.7740,13,63,15,78
27.7924,13,63,15,78
27.8054,13,63,17,78
27.8213,13,63,17,78
27.8431,14,64,17,79
27.8638,14,64,17,79
27.8775,14,64,17,79
27.8939,14,63,17,78
27.9146,14,63,17,78
27.9356,14,64,15,79
27.9507,14,64,15,79
27.9685,14,64,15,79
27.9830,13,63,15,79
27.9974,13,63,15,79
28.0110,13,63,15,79
28.0250,14,64,15,78
28.0416,14,64,15,78
28.0552,14,64,15,78
28.0686,13,63,15,78
28.0839,13,63,15,78
28.0961,13,63,15,78
28.1136,14,64,15,78
28.1265,14,64,15,78
28.1434,14,64,15,78
28.1573,13,64,17,78
28.1707,13,64,17,78
28.1859,13,64,17,78
28.1995,14,63,17,80
28.2137,14,63,17,80
28.2271,14,63,17,80
28.2446,13,64,15,78
28.2603,13,64,15,78
28.2741,13,64,15,78
28.2870,14,64,15,78
28.3031,14,64,15,78
28.3170,14,64,15,78
28.3316,13,63,17,78
28.3474,13,63,17,78
28.3607,13,63,17,78
28.3758,13,63,17,78
28.3874,13,63,15,79
28.4029,13,63,15,79
28.4195,13,63,15,78
28.4353,13,63,15,78
28.4495,13,63,15,78
28.4631,14,63,15,78
28.4769,14,64,15,78
28.4943,14,64,15,78
28.5083,13,64,17,78
28.5232,13,64,17,78
28.5370,13,64,17,78
28.5543,14,63,17,78
28.5685,14,63,17,78
28.5836,14,63,17,78
28.5981,13,63,17,78
28.6143,13,63,17,78
28.6287,13,63,17,78
28.6464,13,63,15,79
28.6617,13,63,15,79
28.6756,13,63,15,79
28.6911,13,63,15,81
28.7086,13,63,15,81
28.7234,13,63,15,81
28.7411,14,64,15,78
28.7623,14,64,15,78
28.7773,14,64,15,80
28.7952,14,64,15,80
28.8081,14,64,15,80
28.8248,14,64,15,78
28.8526,14,64,15,78
28.8719,14,63,17,78
28.8888,14,63,17,78
28.9032,14,63,17,78
28.9191,13,63,17,78
28.9332,13,63,17,78
28.9528,14,63,15,79
28.9716,14,63,15,79
28.9851,14,63,15,79
29.0014,13,63,17,81
29.0152,13,63,17,81
29.0347,13,63,17,81
29.0488,13,64,15,79
29.0647,13,64,15,79
29.0780,13,64,15,79
29.0946,14,64,17,78
29.1095,14,64,17,78
29.1246,14,64,17,78
29.1380,14,63,17,78
29.1545,14,63,17,78
29.1674,14,63,17,78
29.1838,14,64,15,79
29.1977,14,64,15,79
29.2155,14,64,15,79
29.2286,14,64,17,80
29.2453,14,64,17,80
29.2590,13,64,17,80
29.2744,13,64,15,78
29.2875,13,64,15,78
29.3040,13,64,15,78
29.3188,13,64,15,81
29.3353,13,64,15,81
29.3485,13,64,15,81
29.3652,13,64,15,78
29.3785,13,64,15,78
29.3942,13,63,17,78
29.4085,13,63,17,78
29.4238,13,63,17,78
29.4370,13,63,17,78
29.4550,13,63,17,78
29.4686,13,63,17,78
29.4857,13,63,17,78
29.4998,13,63,17,78
29.5143,13,63,17,78
29.5287,14,63,15,78
29.5437,14,63,15,78
29.5594,14,63,15,78
29.5828,13,64,15,78
29.6027,13,64,15,78
29.6161,33,79,88,175
29.6364,33,79,88,175
29.6514,33,79,88,175
29.6661,34,79,89,177
29.6822,34,79,89,177
29.6973,34,79,89,177
29.7118,33,78,89,177
29.7275,33,78,89,177
29.7450,33,78,89,177
29.7598,34,79,89,177
29.7750,34,79,89,177
29.7937,34,78,89,175
29.8097,34,78,89,175
29.8250,34,78,89,175
29.8422,33,78,89,177
29.8580,33,78,89,177
29.8756,33,78,89,177
29.8933,33,79,89,177
29.9131,33,79,89,177
29.9291,33,78,89,175
29.9457,33,78,89,175
29.9610,33,78,89,175
29.9758,34,78,88,175
29.9917,34,78,88,175
30.0047,34,78,88,175
30.0192,33,78,87,175
30.0326,33,78,87,175
30.0508,33,78,87,175
30.0657,34,79,89,177
30.0825,34,79,89,177
30.0958,34,79,89,177
30.1126,34,79,87,177
30.1266,34,79,87,177
30.1442,34,79,87,177
30.1577,34,79,89,177
30.1748,34,79,89,177
30.1890,34,79,89,177
30.2042,33,79,89,177
30.2177,33,79,89,177
30.2368,33,79,89,177
30.2490,33,78,89,175
30.2644,33,78,89,175
30.2791,33,78,89,175
30.2944,33,79,89,177
30.3100,33,79,89,177
30.3243,33,78,89,177
30.3388,33,78,89,177
30.3544,33,78,89,177
30.3688,34,79,87,175
30.3843,34,79,87,175
30.3990,34,79,87,175
30.4149,33,78,87,175
30.4330,33,78,87,175
30.4490,33,78,87,175
30.4637,34,79,87,177
30.4837,34,79,87,177
30.5010,34,79,87,177
30.5153,33,78,89,175
30.5338,33,78,89,175
30.5501,34,79,89,177
30.5642,34,79,89,177
30.5782,34,79,89,177
30.5928,34,79,89,177
30.6075,34,79,89,177
30.6241,34,79,89,177
30.6401,33,78,87,177
30.6565,33,78,87,177
30.6701,33,78,87,177
30.6851,34,79,86,175
30.7013,34,79,86,175
30.7187,34,79,86,175
30.7368,34,78,87,177
30.7525,34,78,87,177
30.7741,34,78,89,175
30.7892,34,78,89,175
30.8052,34,78,89,175
30.8202,33,78,88,177
30.8426,33,78,88,177
30.8622,34,79,87,177
30.8777,34,79,87,177
30.8947,34,79,87,177
30.9101,33,78,89,175
30.9257,33,78,89,175
30.9400,33,78,89,175
30.9541,34,79,87,177
30.9671,34,79,87,177
30.9845,34,79,87,177
30.9984,33,79,88,175
31.0148,33,79,88,175
31.0282,33,79,88,175
31.0447,34,78,89,175
31.0583,34,78,89,175
31.0748,34,78,89,175
31.0886,33,78,86,177
31.1045,33,78,86,177
31.1194,33,78,86,177
31.1335,34,78,86,177
31.1461,34,78,86,177
31.1643,34,78,86,177
31.1776,33,78,88,175
31.1957,33,78,88,175
31.2096,33,78,88,175
31.2243,34,79,89,177
31.2394,34,79,89,177
31.2548,34,79,89,177
31.2694,34,79,87,177
31.2843,34,79,87,177
31.2978,34,79,87,177
31.3136,33,79,89,177
31.3260,33,79,89,177
31.3444,33,79,89,177
31.3580,34,79,86,174
31.3735,34,79,86,174
31.3874,34,78,89,175
31.4044,34,78,89,175
31.4178,34,78,89,175
31.4353,33,78,88,177
31.4503,33,78,88,177
31.4656,33,78,88,177
31.4791,34,78,87,174
31.4951,34,78,87,174
31.5092,34,78,87,174
31.5241,34,79,86,173
31.5405,34,79,86,173
31.5546,34,79,86,173
31.5684,34,79,87,173
31.5847,34,79,87,173
31.5978,34,79,87,173
31.6158,30,15,15,58
31.6317,30,15,15,58
31.6475,30,15,15,58
31.6601,30,4,1,34
31.6743,30,4,1,34
31.6905,30,4,1,34
31.7078,31,3,1,33
31.7236,31,3,1,33
31.7428,31,3,1,33
31.7619,30,4,1,34
31.7755,30,4,1,34
31.7925,30,3,0,34
31.8087,30,3,0,34
31.8244,30,3,0,34
31.8450,31,4,0,34
31.8664,31,4,0,34
31.8833,31,3,0,34
31.8976,31,3,0,34
31.9181,31,3,0,34
31.9338,31,3,0,34
31.9503,31,3,0,34
31.9627,31,3,0,34
31.9794,31,3,0,34
31.9953,31,3,0,34
32.0103,31,3,0,34
32.0236,31,3,0,34
32.0431,31,3,0,34
32.0575,31,3,0,34
32.0761,31,3,0,34
32.0897,31,3,0,34
32.1027,31,3,1,33
32.1205,31,3,1,33
32.1337,31,3,1,33
32.1512,31,3,1,34
32.1647,31,3,1,34
32.1811,31,3,1,34
32.1972,31,4,1,33
32.2144,31,4,1,33
32.2275,31,4,1,33
32.2436,30,3,0,34
32.2577,30,3,0,34
32.2742,31,4,0,34
32.2911,31,4,0,34
32.3074,31,4,0,34
32.3223,31,4,0,34
32.3376,31,4,0,34
32.3508,31,4,0,34
32.3652,31,4,0,34
32.3772,30,4,1,34
32.3940,30,4,1,34
32.4084,30,4,1,34
32.4236,30,4,1,34
32.4415,30,4,1,34
32.4550,31,3,1,33
32.4682,31,3,1,33
32.4844,31,3,1,33
32.4982,30,4,1,33
32.5118,30,4,1,33
32.5282,30,4,1,33
32.5432,30,4,1,33
32.5596,30,4,1,33
32.5824,30,4,1,33
32.5958,30,3,1,34
32.6121,30,3,1,34
32.6244,30,3,1,34
32.6418,31,3,1,33
32.6557,31,3,1,33
32.6749,30,3,1,34
32.6927,30,3,1,34
32.7070,30,3,1,34
32.7195,30,3,1,34
32.7358,31,4,0,34
32.7535,31,4,0,34
32.7697,30,4,1,34
32.7843,30,4,1,34
32.8012,30,4,1,34
32.8227,30,3,1,34
32.8434,30,3,1,34
32.8655,31,4,1,34
32.8831,31,4,1,34
32.8981,31,3,0,34
32.9146,31,3,0,34
32.9291,31,3,0,34
32.9467,31,3,0,34
32.9615,31,3,0,34
32.9762,31,3,0,34
32.9891,31,3,0,34
33.0042,31,3,0,34
33.0176,31,3,0,34
33.0336,31,3,0,34
33.0479,31,3,0,34
33.0643,31,3,0,34
33.0776,31,3,0,34
33.0937,31,3,0,34
33.1069,31,3,0,34
33.1241,31,3,0,34
33.1384,31,3,0,34
33.1529,31,3,0,34
33.1652,31,3,0,34
33.1824,31,3,0,34
33.1954,31,3,0,34
33.2130,31,3,0,34
33.2267,31,3,0,34
33.2454,31,3,0,34
33.2587,31,3,0,34
33.2729,31,3,0,34
33.2900,31,3,0,34
33.3040,31,3,0,34
33.3177,31,3,0,34
33.3354,31,3,0,34
33.3485,31,3,0,34
33.3648,31,3,0,34
33.3788,31,3,0,34
33.3941,31,3,0,34
33.4100,31,3,0,34
33.4247,31,3,0,34
33.4400,31,3,0,34
33.4538,31,3,0,34
33.4688,31,3,0,34
33.4846,31,4,1,33
33.4980,31,4,1,33
33.5131,31,4,1,33
33.5254,31,4,1,34
33.5411,31,4,1,34
33.5547,31,4,1,34
33.5713,31,3,0,34
33.5836,31,3,0,34
33.6009,31,3,0,34
33.6146,14,38,9,54
33.6357,14,38,9,54
33.6515,0,64,15,68
33.6666,0,64,15,68
33.6841,0,64,15,68
33.7032,1,63,15,68
33.7211,1,63,15,68
33.7335,1,63,15,68
33.7547,1,63,15,69
33.7690,1,63,15,69
33.7873,1,64,15,69
33.8035,1,64,15,69
33.8210,1,64,15,69
33.8397,0,64,15,69
33.8675,0,64,15,68
33.8902,0,64,15,68
33.9071,0,64,15,68
33.9245,0,64,15,68
33.9395,0,64,15,68
33.9549,0,64,15,68
33.9680,1,63,17,68
33.9844,1,63,17,68
33.9981,1,63,17,68
34.0145,1,64,17,69
34.0268,1,64,17,69
34.0442,1,64,17,69
34.0582,1,64,17,69
34.0728,1,64,17,69
34.0868,1,64,17,69
34.1046,1,63,15,68
34.1186,1,63,15,68
34.1337,1,63,15,68
34.1478,0,64,17,69
34.1652,0,64,17,69
34.1784,0,64,17,69
34.1927,1,63,17,68
34.2096,1,63,17,68
34.2231,1,63,17,68
34.2410,0,64,15,68
34.2543,0,64,15,68
34.2710,1,63,17,68
34.2857,1,63,17,68
34.3017,1,63,17,68
34.3166,1,63,17,68
34.3316,1,63,17,68
34.3480,1,63,17,68
34.3640,1,63,17,68
34.3790,1,63,17,68
34.3945,1,63,17,68
34.4110,1,63,17,68
34.4251,1,63,17,68
34.4444,1,63,17,68
34.4576,1,63,17,68
34.4766,1,63,17,68
34.4903,1,63,17,68
34.5037,1,63,17,68
34.5182,1,63,17,68
34.5328,1,63,17,68
34.5490,1,63,17,68
34.5615,1,63,17,68
34.5832,1,63,17,68
34.6012,1,63,17,68
34.6163,1,63,17,68
34.6347,1,63,17,68
34.6503,1,63,17,68
34.6666,1,63,17,68
34.6820,1,63,17,68
34.6975,1,63,17,68
34.7112,1,63,17,68
34.7254,1,63,17,68
34.7404,1,63,17,68
34.7555,1,63,17,68
34.7690,1,63,17,68
34.7844,1,63,17,68
34.8006,1,63,17,68
34.8177,1,63,17,68
34.8448,1,63,17,68
34.8653,1,63,17,68
34.8818,1,63,17,68
34.8951,1,63,17,68
34.9170,1,63,17,68
34.9333,1,64,15,68
34.9515,1,64,15,68
34.9648,1,64,15,68
34.9846,0,64,15,69
34.9987,0,64,15,69
35.0141,0,64,15,69
35.0275,1,63,17,69
35.0437,1,63,17,69
35.0573,1,63,17,69
35.0745,0,64,15,69
35.0875,0,64,15,69
35.1044,0,64,15,69
35.1184,0,64,17,68
35.1340,0,64,17,68
35.1472,0,64,17,68
35.1635,1,63,17,68
35.1773,1,63,17,68
35.1940,1,63,17,68
35.2071,0,64,15,69
35.2246,0,64,15,69
35.2394,0,64,15,69
35.2540,0,64,15,69
35.2683,0,64,15,69
35.2846,0,64,15,69
35.3002,0,64,15,69
35.3141,0,64,15,69
35.3273,0,64,15,69
35.3443,0,64,15,69
35.3582,0,64,15,69
35.3755,0,64,15,69
35.3892,0,64,15,69
35.4034,0,64,15,69
35.4192,0,64,15,69
35.4338,1,63,15,68
35.4494,1,63,15,68
35.4642,1,63,15,68
35.4781,1,63,15,68
35.4947,1,63,15,68
35.5080,1,63,15,68
35.5255,0,64,15,69
35.5380,0,64,15,69
35.5540,0,64,15,69
35.5684,1,63,15,68
35.5836,1,63,15,68
35.5979,1,63,15,68
35.6138,0,49,34,73
35.6271,0,49,34,73
35.6433,1,15,75,83
35.6607,1,15,75,83
35.6768,1,15,75,83
35.6905,0,16,76,83
35.7059,0,16,76,83
35.7217,0,16,76,83
35.7372,0,16,76,83
35.7521,0,16,76,83
35.7667,0,16,76,83
35.7817,1,15,75,84
35.7965,1,15,75,84
35.8217,1,15,75,83
35.8543,1,15,75,83
35.8705,0,16,76,83
35.8881,0,16,76,83
35.9018,0,16,76,83
35.9193,1,16,76,84
35.9343,1,16,76,84
35.9565,1,15,76,83
35.9738,1,15,76,83
35.9874,1,15,76,83
36.0027,1,16,75,84
36.0177,1,16,75,84
36.0341,1,16,75,84
36.0473,0,16,75,84
36.0646,0,16,75,84
36.0764,0,16,75,84
36.0938,1,15,75,84
36.1084,1,15,75,84
36.1227,1,15,75,84
36.1353,1,15,76,83
36.1539,1,15,76,83
36.1673,1,15,76,83
36.1853,1,16,75,84
36.1997,1,16,75,84
36.2141,1,16,75,84
36.2285,0,16,76,83
36.2438,0,16,76,83
36.2579,0,16,76,83
36.2738,0,16,76,83
36.2863,0,16,76,83
36.3015,0,16,76,83
36.3161,0,16,76,84
36.3315,0,16,76,84
36.3446,0,16,76,84
36.3585,0,16,76,84
36.3738,0,16,76,84
36.3872,0,16,76,84
36.4047,0,16,75,84
36.4182,0,16,75,84
36.4335,0,16,75,84
36.4521,0,16,75,84
36.4658,0,16,75,84
36.4840,0,16,75,83
36.5022,0,16,75,83
36.5220,0,16,75,83
36.5359,0,16,75,84
36.5514,0,16,75,84
36.5681,0,16,75,84
36.5844,0,16,76,84
36.5985,0,16,76,84
36.6126,0,16,76,84
36.6308,0,16,76,83
36.6486,0,16,76,83
36.6646,0,16,76,84
36.6843,0,16,76,84
36.7012,0,16,76,84
36.7153,1,15,75,84
36.7330,1,15,75,84
36.7527,1,15,75,84
36.7668,0,16,76,83
36.7835,0,16,76,83
36.8016,0,16,76,83
36.8208,0,16,76,83
36.8404,0,16,76,84
36.8657,0,16,76,84
36.8842,0,16,75,83
36.9028,0,16,75,83
36.9214,0,16,75,83
36.9358,1,15,75,83
36.9543,1,15,75,83
36.9712,1,15,75,83
36.9847,0,16,76,83
36.9976,0,16,76,83
37.0153,0,16,76,83
37.0289,0,16,76,84
37.0442,0,16,76,84
37.0590,0,16,76,84
37.0740,1,15,75,84
37.0889,1,15,75,84
37.1038,1,15,75,84
37.1192,0,16,76,83
37.1340,0,16,76,83
37.1475,0,16,76,83
37.1627,0,16,76,84
37.1751,0,16,76,84
37.1907,0,16,76,84
37.2053,0,16,75,83
37.2227,0,16,75,83
37.2370,0,16,75,83
37.2540,0,16,75,84
37.2676,0,16,75,84
37.2834,0,16,75,84
37.2975,0,16,76,83
37.3155,0,16,76,83
37.3288,0,16,76,84
37.3442,0,16,76,84
37.3601,0,16,76,84
37.3745,0,16,76,84
37.3873,0,16,76,84
37.4037,0,16,76,84
37.4186,0,16,75,84
37.4365,0,16,75,84
37.4514,0,16,75,84
37.4666,0,16,75,84
37.4828,0,16,75,84
37.4971,0,16,75,84
37.5111,0,16,75,84
37.5268,0,16,75,84
37.5431,0,16,75,84
37.5573,0,16,75,84
37.5817,0,16,75,84
37.5988,3,15,73,84
37.6147,3,15,73,84
37.6286,3,15,73,84
37.6448,31,46,11,78
37.6602,31,46,11,78
37.6743,31,46,11,78
37.6912,30,46,12,79
37.7121,30,46,12,79
37.7331,33,46,12,79
37.7474,33,46,12,79
37.7640,33,46,12,79
37.7836,33,45,12,79
37.7982,33,45,12,79
37.8137,33,45,12,79
37.8387,34,45,11,78
37.8605,34,45,11,78
37.8745,34,45,11,79
37.8961,34,45,11,79
37.9115,30,46,12,79
37.9280,30,46,12,79
37.9426,30,46,12,79
37.9607,34,46,12,78
37.9845,34,46,12,78
37.9985,33,46,11,78
38.0119,33,46,11,78
38.0277,33,46,11,78
38.0417,33,46,11,78
38.0556,33,46,11,78
38.0695,33,46,11,78
38.0845,33,46,11,78
38.0982,33,46,11,78
38.1141,33,46,11,78
38.1272,33,46,11,78
38.1426,33,46,11,78
38.1567,33,46,11,78
38.1739,33,46,11,78
38.1871,33,46,11,78
38.2033,33,46,11,78
38.2173,34,46,12,78
38.2367,34,46,12,78
38.2503,34,46,12,78
38.2644,33,46,11,78
38.2791,33,46,11,78
38.2945,33,46,11,78
38.3082,33,46,11,78
38.3236,33,46,11,78
38.3396,33,46,11,78
38.3553,34,46,12,78
38.3688,34,46,12,78
38.3828,34,46,12,78
38.3996,31,45,12,78
38.4133,31,45,12,78
38.4323,31,45,12,78
38.4466,33,46,12,79
38.4667,33,46,12,79
38.4816,33,45,12,79
38.4953,33,45,12,79
38.5092,33,45,12,79
38.5244,34,46,11,78
38.5402,34,46,11,78
38.5539,34,46,11,78
38.5678,34,46,11,78
38.5835,33,45,11,78
38.5976,33,45,11,78
38.6152,33,45,11,79
38.6290,33,45,11,79
38.6462,33,45,11,79
38.6617,34,46,11,78
38.6756,34,46,11,78
38.6908,34,46,11,78
38.7088,34,46,11,78
38.7242,34,46,11,78
38.7406,34,46,11,78
38.7554,31,45,11,78
38.7738,31,45,11,78
38.7875,31,45,11,78
38.8052,34,45,11,79
38.8238,34,45,11,79
38.8432,33,46,12,79
38.8678,33,46,12,79
38.8846,31,46,11,78
38.9043,31,46,11,78
38.9216,31,46,11,78
38.9375,34,46,11,79
38.9541,34,46,11,79
38.9675,33,45,12,79
38.9847,33,45,12,79
38.9986,33,45,12,79
39.0125,33,45,12,79
39.0262,31,46,11,79
39.0437,31,46,11,79
39.0572,33,46,12,79
39.0738,33,46,12,79
39.0897,33,46,12,79
39.1038,30,45,12,78
39.1184,30,45,12,78
39.1335,30,45,12,78
39.1485,33,45,12,78
39.1636,33,45,12,78
39.1770,33,45,12,78
39.1937,33,46,12,79
39.2071,33,46,12,79
39.2267,33,46,12,79
39.2420,33,45,12,79
39.2581,33,45,12,79
39.2718,33,45,12,79
39.2856,34,45,11,78
39.2985,34,45,11,78
39.3159,34,45,11,78
39.3294,34,45,11,79
39.3460,34,45,11,79
39.3594,34,45,11,79
39.3736,33,46,12,79
39.3895,33,46,12,79
39.4043,33,46,12,79
39.4182,33,45,11,78
39.4356,33,45,11,78
39.4509,33,45,11,78
39.4647,33,46,12,79
39.4780,33,46,12,79
39.4958,33,46,12,79
39.5093,33,46,12,79
39.5253,33,46,12,79
39.5392,33,46,12,79
39.5541,33,46,11,78
39.5691,33,46,11,78
39.5841,33,46,11,78
39.5986,34,45,11,78
39.6146,34,45,11,78
39.6297,31,25,6,56
39.6480,31,25,6,56
39.6617,31,25,6,56
39.6822,31,21,4,50
39.7012,31,21,4,50
39.7146,31,21,4,50
39.7348,31,20,6,50
39.7510,31,20,6,50
39.7667,31,21,4,50
39.7853,31,21,4,50
39.8025,31,21,4,50
39.8226,31,20,6,51
39.8403,31,20,6,51
39.8648,30,21,4,50
39.8823,30,21,4,50
39.8998,30,21,4,50
39.9163,30,21,4,50
39.9293,30,21,4,50
39.9451,31,20,6,50
39.9589,31,20,6,50
39.9725,31,20,6,50
39.9890,31,20,6,51
40.0037,31,20,6,51
40.0175,31,20,6,51
40.0335,30,21,6,51
40.0487,30,21,6,51
40.0638,30,21,6,51
40.0775,31,20,6,50
40.0924,31,20,6,50
40.1074,31,20,6,50
40.1238,30,20,6,51
40.1371,30,20,6,51
40.1537,30,20,6,51
40.1674,31,20,6,50
40.1839,31,20,6,50
40.1975,31,20,6,50
40.2134,31,20,6,50
40.2273,31,20,6,50
40.2461,31,20,6,50
40.2610,30,20,6,51
40.2750,30,20,6,51
40.2898,30,20,6,51
40.3042,30,21,6,51
40.3208,30,21,6,51
40.3355,30,21,6,51
40.3485,30,21,4,50
40.3662,30,21,4,50
40.3815,30,21,4,50
40.3980,30,20,6,50
40.4113,30,20,6,50
40.4247,30,20,6,50
40.4391,30,21,4,50
40.4548,30,21,4,50
40.4671,30,21,4,50
40.4859,31,21,4,50
40.4995,31,21,4,50
40.5125,31,21,4,50
40.5318,30,20,6,50
40.5473,30,20,6,50
40.5639,30,20,6,50
40.5775,31,21,4,50
40.5945,31,21,4,50
40.6082,30,21,4,50
40.6239,30,21,4,50
40.6397,30,21,4,50
40.6540,31,20,6,50
40.6695,31,20,6,50
40.6870,31,20,6,50
40.7023,30,21,6,51
40.7225,30,21,6,51
40.7428,30,21,6,51
40.7614,30,21,6,51
40.7755,30,21,6,51
40.7935,31,20,6,51
40.8111,31,20,6,51
40.8331,31,20,6,53
40.8586,31,20,6,53
40.8756,31,20,6,51
40.8894,31,20,6,51
40.9047,31,20,6,51
40.9249,30,21,4,50
40.9433,30,21,4,50
40.9604,30,21,4,50
40.9743,30,21,6,51
40.9907,30,21,6,51
41.0044,30,21,6,51
41.0205,30,21,4,50
41.0342,30,21,4,50
41.0505,31,20,4,50
41.0653,31,20,6,51
41.0833,31,20,6,51
41.0978,30,21,4,50
41.1136,30,21,4,50
41.1265,30,21,4,50
41.1430,30,21,4,50
41.1597,30,21,4,50
41.1735,30,21,4,50
41.1865,31,20,6,50
41.2038,31,20,6,50
41.2182,31,20,6,50
41.2338,31,20,6,54
41.2481,31,20,6,54
41.2627,31,20,6,54
41.2786,30,21,4,50
41.2935,30,21,4,50
41.3067,30,21,4,50
41.3229,30,21,6,51
41.3389,30,21,6,51
41.3554,30,21,6,51
41.3687,30,21,6,51
41.3843,30,21,6,51
41.3977,30,21,6,51
41.4136,31,21,4,50
41.4266,31,21,4,50
41.4464,31,21,4,50
41.4617,31,20,4,50
41.4760,31,20,4,50
41.4914,31,20,4,50
41.5070,31,21,4,50
41.5224,31,21,4,50
41.5363,31,21,4,50
41.5502,30,20,6,53
41.5642,30,20,6,53
41.5777,30,20,6,53
41.5947,30,21,4,50
41.6090,30,21,4,50
41.6238,30,21,4,50
41.6390,16,51,50,103
41.6551,16,51,50,103
41.6698,16,51,50,103
41.6857,4,76,92,149
41.7030,4,76,92,149
41.7172,4,76,91,148
41.7360,4,76,91,148
41.7564,3,76,92,148
41.7750,3,76,92,148
41.7877,3,76,92,148
41.8040,4,76,91,148
41.8209,4,76,91,148
41.8371,4,76,91,148
41.8543,3,76,91,149
41.8738,3,76,91,149
41.8927,3,76,91,149
41.9074,4,76,92,149
41.9227,4,76,92,149
41.9435,3,76,91,149
41.9607,3,76,91,149
41.9745,3,76,91,149
41.9913,3,76,92,149
42.0056,3,76,92,149
42.0245,3,76,92,149
42.0381,4,76,91,148
42.0539,4,76,91,148
42.0682,3,75,92,148
42.0848,3,75,92,148
42.0983,3,75,92,148
42.1124,3,75,92,148
42.1285,3,76,92,149
42.1435,3,76,92,149
42.1567,3,76,92,149
42.1738,3,76,91,148
42.1893,3,76,91,148
42.2045,4,76,92,148
42.2182,4,76,92,148
42.2335,4,76,92,148
42.2485,4,75,92,149
42.2635,4,75,92,149
42.2768,4,75,92,149
42.2939,3,76,92,148
42.3080,3,76,92,148
42.3241,3,76,92,148
42.3394,4,76,92,149
42.3547,4,76,92,149
42.3690,4,76,92,149
42.3841,3,76,91,149
42.3979,3,76,91,149
42.4124,3,76,91,149
42.4296,4,76,92,149
42.4462,4,76,92,149
42.4593,4,76,92,149
42.4737,3,76,91,149
42.4863,3,76,91,149
42.5040,3,76,91,149
42.5190,3,76,91,149
42.5336,3,76,91,149
42.5491,3,76,91,149
42.5638,4,76,92,149
42.5780,4,76,92,149
42.5937,4,76,92,149
42.6078,3,76,91,149
42.6238,3,76,91,149
42.6395,3,76,91,149
42.6545,3,76,92,149
42.6705,3,76,92,149
42.6864,3,76,92,149
42.7026,4,76,91,148
42.7216,4,76,91,148
42.7364,4,75,89,149
42.7545,4,75,89,149
42.7677,4,75,89,149
42.7852,3,75,92,148
42.8016,3,75,92,148
42.8164,3,75,92,148
42.8316,4,76,92,148
42.8629,4,76,92,148
42.8819,3,76,92,148
42.9003,3,76,92,148
42.9154,4,76,92,149
42.9369,4,76,92,149
42.9502,4,76,92,149
42.9648,3,76,91,149
42.9821,3,76,91,149
42.9962,3,76,91,149
43.0136,4,76,92,149
43.0273,4,76,92,149
43.0423,4,76,92,149
43.0574,3,76,91,149
43.0738,3,76,91,149
43.0873,3,76,91,149
43.1037,3,76,91,149
43.1184,3,76,91,149
43.1344,4,76,91,149
43.1505,4,76,92,149
43.1640,4,76,92,149
43.1763,3,76,91,149
43.1960,3,76,91,149
43.2100,3,76,91,149
43.2244,3,76,91,149
43.2408,3,76,91,149
43.2548,3,76,91,149
43.2694,3,76,92,149
43.2836,3,76,92,149
43.2982,3,76,92,149
43.3157,4,76,91,148
43.3316,4,76,91,148
43.3487,4,76,91,148
43.3623,3,76,92,149
43.3768,3,76,92,149
43.3920,3,76,92,149
43.4061,3,75,91,148
43.4206,3,75,91,148
43.4361,3,75,91,148
43.4500,3,75,92,148
43.4648,3,75,92,148
43.4795,3,75,92,148
43.4947,4,76,92,148
43.5083,4,76,92,148
43.5222,4,76,92,148
43.5397,3,75,88,148
43.5546,3,75,88,148
43.5780,3,76,92,148
43.5935,3,76,92,148
43.6102,3,76,92,148
43.6236,11,61,87,139
43.6397,11,61,87,139
43.6570,11,61,87,139
43.6746,34,18,76,114
43.6956,34,18,76,114
43.7096,33,18,75,114
43.7249,33,18,75,114
43.7406,33,18,75,114
43.7558,33,18,76,113
43.7707,33,18,76,113
43.7864,33,18,76,113
43.8008,33,18,76,114
43.8195,33,18,76,114
43.8335,33,18,76,114
43.8570,34,18,75,114
43.8727,34,18,75,114
43.8928,33,18,75,113
43.9118,33,18,75,113
43.9266,33,18,75,113
43.9455,34,19,75,114
43.9602,34,19,75,114
43.9744,34,19,75,114
43.9868,33,18,75,114
44.0034,33,18,75,114
44.0165,33,18,75,114
44.0350,33,19,76,114
44.0500,33,19,76,114
44.0635,33,19,76,114
44.0775,33,19,75,113
44.0930,33,19,75,113
44.1066,33,18,76,114
44.1235,33,18,76,114
44.1389,33,18,76,114
44.1546,33,18,76,114
44.1662,33,19,76,114
44.1835,33,19,76,114
44.1987,33,18,76,114
44.2146,33,18,76,114
44.2289,33,18,76,114
44.2448,34,18,75,114
44.2581,34,18,75,114
44.2726,34,18,75,114
44.2874,33,18,76,113
44.3040,33,18,76,113
44.3175,33,18,76,113
44.3360,34,19,76,113
44.3497,34,19,76,113
44.3635,34,19,76,113
44.3764,34,18,76,114
44.3925,34,18,76,114
44.4063,34,18,76,114
44.4235,33,18,75,114
44.4394,33,18,75,114
44.4562,33,18,75,114
44.4696,33,18,75,113
44.4854,33,18,75,113
44.4987,33,18,75,113
44.5130,34,18,75,113
44.5284,34,18,75,113
44.5436,34,18,75,113
44.5595,34,19,75,114
44.5791,34,19,75,114
44.5960,33,18,75,113
44.6110,33,18,75,113
44.6245,33,18,75,113
44.6466,34,18,75,113
44.6621,34,18,75,113
44.6754,34,18,75,113
44.6884,34,19,75,114
44.7090,34,19,75,114
44.7248,34,19,75,114
44.7397,33,18,75,114
44.7551,33,18,75,114
44.7731,33,19,75,114
44.7901,33,19,75,114
44.8048,33,19,75,114
44.8240,34,19,76,113
44.8433,34,19,76,113
44.8648,34,18,76,114
44.8787,34,18,76,114
44.8975,34,18,76,114
44.9112,33,18,76,114
44.9294,33,18,76,114
44.9520,34,18,75,114
44.9692,34,18,75,114
44.9847,34,18,75,114
44.9979,33,19,75,114
45.0126,33,19,75,114
45.0280,33,19,75,114
45.0434,34,19,75,114
45.0568,34,19,75,114
45.0723,34,19,75,114
45.0848,34,19,75,114
45.1021,34,19,76,114
45.1153,34,19,76,114
45.1290,34,18,76,114
45.1469,34,18,76,114
45.1584,34,18,76,114
45.1757,33,18,76,114
45.1889,33,18,76,114
45.2031,33,18,76,114
45.2168,33,19,76,114
45.2341,33,19,76,114
45.2477,33,19,76,114
45.2625,34,19,75,113
45.2765,34,19,75,113
45.2944,34,19,75,113
45.3076,34,19,75,114
45.3241,34,19,75,114
45.3380,34,19,75,114
45.3538,34,18,75,114
45.3679,34,18,75,114
45.3837,34,18,75,114
45.3982,34,18,75,113
45.4137,34,18,75,113
45.4267,34,18,75,113
45.4444,34,18,76,114
45.4615,34,18,76,114
45.4826,34,18,76,114
45.4960,33,18,76,114
45.5124,33,18,76,114
45.5276,33,19,76,114
45.5438,33,19,76,114
45.5574,33,19,76,114
45.5789,33,18,76,114
45.5936,33,18,76,114
45.6085,33,18,76,114
45.6225,34,18,75,114
45.6427,34,18,75,114
45.6617,18,15,75,99
45.6749,18,15,75,99
45.6932,18,15,75,99
45.7125,19,16,76,98
45.7288,19,16,76,98
45.7438,19,16,76,98
45.7619,16,16,76,99
45.7792,16,16,76,99
45.7978,15,15,75,99
45.8152,15,15,75,99
45.8384,18,15,75,99
45.8609,18,15,75,99
45.8757,18,15,75,99
45.8898,19,16,76,98
45.9055,19,16,76,98
45.9207,19,16,76,98
45.9386,19,16,76,98
45.9543,19,16,76,98
45.9686,19,16,76,98
45.9840,16,16,76,98
45.9970,16,16,76,98
46.0151,16,16,76,98
46.0284,18,16,76,99
46.0438,18,16,76,99
46.0572,18,16,76,99
46.0735,16,16,76,98
46.0895,16,16,76,98
46.1046,18,15,75,99
46.1181,18,15,75,99
46.1364,18,15,75,99
46.1495,18,15,75,99
46.1657,18,15,75,99
46.1794,18,15,75,99
46.1945,19,15,75,99
46.2107,19,15,75,99
46.2244,19,15,75,99
46.2385,19,15,75,99
46.2533,19,15,75,99
46.2665,19,15,75,99
46.2839,15,15,75,99
46.2968,15,15,75,99
46.3106,15,15,75,99
46.3258,18,15,75,99
46.3395,18,15,75,99
46.3551,18,15,75,99
46.3697,18,15,75,99
46.3858,19,15,75,98
46.4010,19,15,75,98
46.4147,16,16,75,99
46.4293,16,16,75,99
46.4451,16,16,75,99
46.4624,19,15,76,98
46.4767,19,15,76,98
46.4961,19,15,76,98
46.5094,19,16,76,99
46.5240,19,16,76,99
46.5408,19,16,76,99
46.5544,19,15,75,98
46.5677,19,15,75,98
46.5836,19,15,75,98
46.5955,18,16,76,99
46.6154,18,16,76,99
46.6296,18,16,76,99
46.6473,18,15,75,99
46.6632,18,15,75,99
46.6822,18,16,76,98
46.7008,18,16,76,98
46.7168,18,16,76,98
46.7361,18,16,76,98
46.7521,18,16,76,98
46.7712,18,16,75,99
46.7869,18,16,75,99
46.8047,18,16,75,99
46.8192,18,15,75,99
46.8431,18,15,75,99
46.8655,19,15,75,98
46.8816,19,15,75,98
46.8988,19,15,75,98
46.9206,15,15,75,98
46.9332,15,15,75,98
46.9514,19,16,76,98
46.9655,19,16,76,98
46.9853,19,16,76,98
46.9991,19,16,76,98
47.0131,19,16,76,98
47.0275,19,16,76,98
47.0435,15,15,75,99
47.0564,15,15,75,99
47.0725,15,15,75,99
47.0848,18,15,75,99
47.1015,18,15,75,99
47.1148,18,15,75,99
47.1324,19,15,75,98
47.1486,19,15,75,98
47.1635,19,15,75,98
47.1771,19,15,75,98
47.1924,19,15,75,98
47.2062,19,15,75,98
47.2234,15,15,75,99
47.2371,15,15,75,99
47.2524,15,15,75,99
47.2672,18,16,75,99
47.2840,18,16,75,99
47.2975,18,16,75,99
47.3132,19,16,76,99
47.3271,19,16,76,99
47.3433,19,16,76,99
47.3571,19,15,75,98
47.3723,19,15,75,98
47.3863,18,16,76,99
47.4047,18,16,76,99
47.4190,18,16,76,99
47.4343,18,15,75,99
47.4504,18,15,75,99
47.4644,18,15,75,99
47.4782,18,16,76,98
47.4939,18,16,76,98
47.5060,18,16,76,98
47.5232,18,16,76,98
47.5369,18,16,76,98
47.5530,18,16,76,98
47.5691,18,16,75,99
47.5832,18,16,75,99
47.5981,18,16,75,99
47.6140,15,15,75,99
47.6321,15,15,75,99
47.6505,15,15,75,99
47.6657,16,56,26,84
47.6857,16,56,26,84
47.7033,14,63,15,79
47.7193,14,63,15,79
47.7432,13,63,17,79
47.7608,13,63,17,79
47.7761,13,63,17,79
47.7908,14,64,15,78
47.8087,14,64,15,78
47.8305,13,64,17,78
47.8613,13,64,17,78
47.8755,13,63,15,79
47.8922,13,63,15,79
47.9108,13,63,15,79
47.9242,13,63,15,79
47.9407,13,63,15,79
47.9622,13,63,15,79
47.9766,13,63,15,78
47.9922,13,63,15,78
48.0061,13,63,15,78
48.0232,13,63,15,79
48.0377,13,63,15,79
48.0522,13,63,15,79
48.0669,14,64,17,79
48.0837,14,64,17,79
48.0977,13,64,17,79
48.1131,13,64,17,79
48.1275,13,64,17,79
48.1436,13,63,15,79
48.1567,13,63,15,78
48.1721,13,63,15,78
48.1871,13,63,15,79
48.2036,13,63,15,79
48.2173,13,63,15,79
48.2323,14,64,17,79
48.2466,14,64,17,79
48.2649,14,64,17,79
48.2785,14,64,15,78
48.2938,14,64,15,78
48.3086,14,64,15,78
48.3241,13,63,15,78
48.3413,13,63,15,78
48.3553,13,63,15,78
48.3674,14,64,15,78
48.3837,14,64,15,78
48.3973,14,64,15,78
48.4132,13,63,15,78
48.4268,13,63,15,78
48.4438,13,63,15,78
48.4597,13,63,17,78
48.4737,13,63,17,78
48.4901,13,63,17,78
48.5040,14,64,17,79
48.5172,14,64,17,79
48.5336,14,64,17,79
48.5474,14,64,17,81
48.5647,14,64,17,81
48.5777,14,64,17,81
48.5929,14,63,15,78
48.6071,14,63,15,78
48.6233,14,63,15,78
48.6387,13,63,15,79
48.6564,13,63,15,79
48.6709,13,63,15,79
48.6874,13,63,15,78
48.7027,13,63,15,78
48.7188,13,63,15,79
48.7336,13,63,15,79
48.7511,13,63,15,79
48.7726,14,64,17,81
48.7872,14,64,17,81
48.8035,14,64,17,81
48.8183,14,63,15,78
48.8401,14,63,15,78
48.8614,14,64,15,80
48.8771,14,64,15,80
48.8929,14,64,15,80
48.9109,13,64,15,78
48.9260,13,64,15,78
48.9426,14,64,15,81
48.9610,14,64,15,81
48.9823,14,64,15,81
48.9957,14,63,17,78
49.0137,14,63,17,78
49.0258,13,63,15,78
49.0437,13,63,15,78
49.0580,13,63,15,78
49.0727,13,64,15,78
49.0909,13,64,15,78
49.1045,13,64,15,78
49.1193,14,63,17,80
49.1354,14,63,17,80
49.1494,14,63,17,80
49.1655,13,64,15,79
49.1793,13,64,15,79
49.1944,13,64,15,79
49.2093,13,63,15,80
49.2235,13,63,15,80
49.2374,13,63,15,80
49.2522,13,63,17,78
49.2664,13,63,17,78
49.2839,13,63,17,78
49.2970,14,64,17,79
49.3123,14,64,17,79
49.3280,14,64,17,79
49.3435,13,63,17,79
49.3569,13,63,17,79
49.3730,13,63,17,79
49.3866,14,64,15,80
49.4034,14,64,15,80
49.4165,14,64,15,80
49.4332,14,64,15,78
49.4515,14,64,15,78
49.4652,14,64,15,78
49.4817,13,64,15,78
49.4978,13,64,15,78
49.5126,13,64,15,78
49.5262,14,64,15,80
49.5401,14,64,15,80
49.5545,14,64,15,80
49.5827,14,63,15,79
49.5966,14,63,15,79
49.6144,14,64,15,81
49.6266,14,64,15,81
49.6451,14,64,15,81
49.6617,23,71,53,128
49.6798,23,71,53,128
49.7028,34,79,89,177
49.7164,34,79,89,177
49.7357,34,79,89,177
49.7537,34,79,89,177
49.7699,34,79,89,177
49.7837,34,78,89,175
49.8018,34,78,89,175
49.8163,34,78,89,175
49.8399,34,79,88,175
49.8616,34,79,88,175
49.8831,34,78,89,177
49.9009,34,78,89,177
49.9192,34,79,87,177
49.9326,34,79,87,177
49.9516,34,79,87,177
49.9657,33,78,89,175
49.9815,33,78,89,175
49.9962,33,78,89,175
50.0085,34,79,87,177
50.0246,34,79,87,177
50.0422,34,79,87,177
50.0585,33,79,86,175
50.0723,33,79,86,175
50.0871,33,79,86,175
50.1007,33,78,89,175
50.1174,33,78,89,175
50.1327,33,78,89,175
50.1482,34,78,87,177
50.1611,34,78,87,177
50.1772,34,78,87,177
50.1932,33,78,88,175
50.2082,33,78,88,175
50.2226,34,79,88,175
50.2399,34,79,87,175
50.2536,34,79,87,175
50.2693,34,79,87,175
50.2826,33,78,89,177
50.2999,33,78,89,177
50.3159,34,79,89,177
50.3332,34,79,89,177
50.3493,34,79,89,177
50.3635,33,78,87,177
50.3782,33,78,87,177
50.3931,33,78,87,177
50.4087,34,79,87,177
50.4227,34,79,87,177
50.4357,34,79,87,177
50.4540,34,79,87,177
50.4672,34,79,87,177
50.4813,34,79,87,177
50.4981,34,79,89,175
50.5117,34,79,89,175
50.5261,34,79,89,175
50.5391,34,79,86,175
50.5527,34,79,86,175
50.5683,34,79,86,175
50.5842,34,79,89,177
50.5978,34,79,89,177
50.6125,34,79,89,177
50.6266,33,78,87,177
50.6454,33,78,87,177
50.6602,33,78,87,177
50.6828,34,79,89,175
50.7017,34,79,89,175
50.7154,33,78,87,177
50.7364,33,78,87,177
50.7530,33,78,87,177
50.7704,34,79,87,177
50.7846,34,79,87,177
50.8048,33,79,86,175
50.8218,33,79,86,175
50.8436,33,78,87,173
50.8643,33,78,87,173
50.8791,33,78,87,173
50.8941,33,78,87,174
50.9080,33,78,87,174
50.9232,33,78,87,174
50.9416,34,78,86,177
50.9577,34,78,86,177
50.9735,34,78,86,177
50.9924,33,79,87,173
51.0104,33,79,87,173
51.0250,34,79,87,173
51.0405,34,79,87,173
51.0555,34,79,87,173
51.0714,34,78,86,174
51.0848,34,78,86,174
51.0997,34,78,86,174
51.1142,34,78,86,177
51.1287,34,78,86,177
51.1440,34,78,86,177
51.1572,33,78,89,177
51.1720,33,78,89,177
51.1861,33,78,89,177
51.2047,33,78,87,175
51.2186,33,78,87,175
51.2337,33,78,87,175
51.2492,34,79,87,177
51.2638,34,79,87,177
51.2775,34,79,87,177
51.2920,33,79,86,175
51.3064,33,79,86,175
51.3241,33,79,86,175
51.3379,34,78,86,177
51.3522,34,78,86,177
51.3702,34,78,86,177
51.3846,33,79,87,174
51.3996,33,79,87,174
51.4134,33,79,87,174
51.4327,34,78,87,174
51.4461,34,78,87,174
51.4637,34,78,87,174
51.4770,34,79,87,174
51.4922,34,79,87,174
51.5057,34,79,87,174
51.5240,33,79,88,177
51.5373,33,79,88,177
51.5518,33,79,88,177
51.5673,33,79,86,173
51.5831,33,79,86,173
51.5973,33,79,86,173
51.6122,34,79,86,175
51.6269,34,79,86,175
51.6444,34,58,67,138
51.6583,34,58,67,138
51.6735,34,58,67,138
51.6937,31,3,0,34
51.7116,31,3,0,34
51.7244,31,3,0,34
51.7437,31,4,1,34
51.7591,31,4,1,34
51.7747,31,4,1,34
51.7897,31,3,0,34
51.8099,31,3,0,34
51.8362,31,4,0,34
51.8629,31,4,0,34
51.8767,31,3,0,34
51.8944,31,3,0,34
51.9133,31,3,1,33
51.9280,31,3,1,33
51.9446,31,3,1,33
51.9603,30,4,1,34
51.9742,30,4,1,34
51.9897,30,4,1,34
52.0034,30,3,1,34
52.0177,30,3,1,34
52.0335,30,3,1,34
52.0467,31,4,0,34
52.0637,31,4,0,34
52.0777,31,4,0,34
52.0936,30,4,1,34
52.1066,30,4,1,34
52.1230,30,4,1,34
52.1376,31,4,1,33
52.1532,31,4,1,33
52.1663,31,4,1,33
52.1836,30,4,1,33
52.1957,30,4,1,33
52.2151,30,4,1,33
52.2292,31,3,1,33
52.2445,31,3,1,33
52.2588,31,3,1,33
52.2732,30,4,1,34
52.2866,30,4,1,34
52.3037,30,4,1,34
52.3175,30,4,1,33
52.3334,30,4,1,33
52.3474,30,4,1,33
52.3636,30,4,1,33
52.3766,30,4,1,33
52.3932,30,4,1,33
52.4074,30,3,1,34
52.4218,30,3,1,34
52.4357,30,3,1,34
52.4535,31,4,0,34
52.4666,31,4,0,34
52.4837,31,4,0,34
52.4960,30,4,1,34
52.5157,30,4,1,34
52.5289,31,4,1,33
52.5441,31,4,1,33
52.5586,31,4,1,33
52.5836,30,4,1,33
52.5998,30,4,1,33
52.6155,31,3,1,33
52.6334,31,3,1,33
52.6486,31,3,1,33
52.6641,30,4,1,33
52.6823,30,4,1,33
52.6990,30,4,1,33
52.7147,31,3,1,33
52.7367,31,3,1,33
52.7513,30,4,1,33
52.7676,30,4,1,33
52.7838,30,4,1,33
52.8029,30,4,1,33
52.8201,30,4,1,33
52.8420,30,4,1,33
52.8621,30,4,1,33
52.8837,30,4,1,33
52.8962,30,4,1,33
52.9137,30,4,1,33
52.9300,31,3,0,34
52.9485,31,3,0,34
52.9635,31,3,0,34
52.9840,30,4,1,34
52.9994,30,4,1,34
53.0131,30,4,1,34
53.0267,30,4,1,33
53.0421,30,4,1,33
53.0545,30,4,1,33
53.0705,30,4,1,34
53.0843,30,4,1,34
53.1003,30,4,1,34
53.1144,30,4,1,33
53.1321,30,4,1,33
53.1466,30,4,1,33
53.1636,30,4,1,33
53.1767,30,4,1,33
53.1930,30,4,1,33
53.2066,30,3,1,34
53.2215,30,3,1,34
53.2355,31,3,1,33
53.2531,31,3,1,33
53.2671,31,3,1,33
53.2836,30,3,1,34
53.2996,30,3,1,34
53.3132,30,3,1,34
53.3291,31,3,1,34
53.3446,31,3,1,34
53.3576,31,3,1,34
53.3746,31,3,1,33
53.3877,31,3,1,33
53.4020,31,3,1,33
53.4170,30,4,1,33
53.4332,30,4,1,33
53.4477,30,4,1,33
53.4659,30,4,1,33
53.4815,30,4,1,33
53.4977,30,4,1,33
53.5114,30,3,1,34
53.5267,30,3,1,34
53.5427,30,3,1,34
53.5576,31,3,0,34
53.5798,31,3,0,34
53.5956,31,3,0,34
53.6130,31,3,0,34
53.6262,31,3,0,34
53.6422,31,3,0,34
53.6551,31,3,0,34
53.6738,31,3,0,34
53.6889,1,63,15,68
53.7069,1,63,15,68
53.7218,1,63,15,68
53.7405,1,63,15,69
53.7615,1,63,15,69
53.7767,1,63,17,69
53.7958,1,63,17,69
53.8102,1,63,17,69
53.8327,0,64,17,69
53.8641,1,63,15,68
53.8767,1,63,15,68
53.8896,1,63,15,68
53.9060,1,64,15,69
53.9215,1,64,15,69
53.9437,1,64,15,69
53.9607,0,64,15,69
53.9747,0,64,15,69
53.9935,1,64,15,68
54.0072,1,64,15,68
54.0227,1,64,15,68
54.0362,0,64,17,68
54.0533,0,64,17,68
54.0671,0,64,17,68
54.0837,1,63,17,68
54.0974,1,63,17,68
54.1134,1,63,17,68
54.1269,0,64,17,69
54.1466,0,64,17,69
54.1608,0,64,17,69
54.1744,1,64,15,68
54.1911,1,64,15,68
54.2045,1,64,15,68
54.2210,1,63,17,68
54.2360,1,63,17,68
54.2537,1,63,17,68
54.2672,0,64,15,69
54.2820,0,64,15,69
54.2970,0,64,15,69
54.3134,0,64,15,69
54.3268,0,64,15,69
54.3436,0,64,15,69
54.3581,0,64,15,69
54.3731,0,64,15,69
54.3868,0,64,15,69
54.4035,0,64,15,69
54.4168,0,64,15,69
54.4331,0,64,15,69
54.4469,0,64,15,69
54.4637,0,64,15,69
54.4767,1,63,15,68
54.4944,1,63,15,68
54.5080,1,63,15,68
54.5247,1,63,15,68
54.5381,1,63,15,68
54.5530,1,63,15,68
54.5678,1,63,15,68
54.5837,0,64,15,69
54.5981,0,64,15,69
54.6137,0,64,15,69
54.6267,1,63,15,68
54.6446,1,63,15,68
54.6593,0,64,15,68
54.6752,0,64,15,68
54.6976,0,64,15,68
54.7117,0,64,15,68
54.7295,0,64,15,68
54.7459,0,64,15,68
54.7637,0,64,15,68
54.7779,0,64,15,68
54.7958,0,64,15,69
54.8117,0,64,15,69
54.8270,0,64,15,69
54.8539,0,64,17,68
54.8740,0,64,17,68
54.8898,0,64,17,69
54.9067,0,64,17,69
54.9244,1,64,15,68
54.9407,1,64,15,68
54.9553,1,64,15,68
54.9695,1,63,17,68
54.9836,1,63,17,68
54.9975,1,63,17,68
55.0159,0,64,17,69
55.0291,0,64,17,69
55.0434,0,64,17,69
55.0575,1,63,17,68
55.0732,1,63,17,68
55.0876,1,63,17,68
55.1019,0,64,15,68
55.1167,0,64,15,68
55.1331,0,64,15,68
55.1463,1,63,17,68
55.1627,1,63,17,68
55.1765,1,63,17,68
55.1935,1,64,15,68
55.2073,1,64,15,68
55.2226,1,64,15,68
55.2385,1,63,17,68
55.2531,1,63,17,68
55.2665,1,63,17,68
55.2836,0,64,15,69
55.2964,0,64,15,69
55.3148,0,64,15,69
55.3283,0,64,17,68
55.3440,0,64,17,68
55.3602,0,64,17,68
55.3739,0,64,15,69
55.3892,0,64,15,69
55.4028,0,64,15,69
55.4157,1,63,17,68
55.4352,1,63,17,68
55.4490,1,63,17,68
55.4644,0,64,15,69
55.4785,0,64,15,69
55.4937,0,64,15,69
55.5085,1,63,15,68
55.5237,1,63,15,68
55.5392,1,63,15,68
55.5528,1,63,15,68
55.5686,1,63,15,68
55.5835,1,63,15,68
55.5984,1,63,17,68
55.6132,1,63,17,68
55.6262,1,63,17,68
55.6434,1,64,15,68
55.6606,1,64,15,68
55.6776,1,25,62,80
55.6943,1,25,62,80
55.7131,1,25,62,80
55.7339,1,15,76,83
55.7501,1,15,76,83
55.7661,0,16,76,84
55.7817,0,16,76,84
55.7968,0,16,76,84
55.8114,1,15,75,85
55.8397,1,15,75,85
55.8583,1,15,75,83
55.8831,1,15,75,83
55.8958,0,16,76,84
55.9145,0,16,76,84
55.9297,0,16,76,84
55.9557,1,15,75,84
55.9756,1,15,75,84
55.9954,0,16,75,84
56.0147,0,16,75,84
56.0291,0,16,75,84
56.0441,1,15,75,84
56.0578,1,15,75,84
56.0720,1,15,75,84
56.0857,1,15,76,83
56.1028,1,15,76,83
56.1164,1,15,76,83
56.1320,1,16,75,86
56.1472,1,16,75,86
56.1643,1,16,75,86
56.1775,0,16,75,83
56.1927,0,16,75,83
56.2081,0,16,75,84
56.2228,0,16,75,84
56.2386,0,16,75,84
56.2526,1,15,75,84
56.2667,1,15,75,84
56.2842,1,15,75,84
56.2976,1,15,76,83
56.3119,1,15,76,83
56.3279,1,15,76,83
56.3444,0,16,76,83
56.3588,0,16,76,83
56.3716,0,16,76,83
56.3865,1,15,75,83
56.4037,1,15,75,83
56.4174,1,15,75,83
56.4345,1,16,76,84
56.4474,1,16,76,84
56.4636,1,16,76,84
56.4777,1,15,75,84
56.4940,1,15,75,84
56.5076,1,15,75,84
56.5237,1,15,75,83
56.5373,1,15,75,83
56.5520,1,15,75,83
56.5671,0,16,76,84
56.5835,0,16,76,84
56.5973,0,16,76,84
56.6118,0,16,75,84
56.6273,0,16,75,84
56.6477,0,16,75,84
56.6612,0,16,76,83
56.6778,0,16,76,83
56.7021,0,16,76,86
56.7152,0,16,76,86
56.7405,0,16,76,84
56.7555,0,16,76,84
56.7701,0,16,76,84
56.7866,0,16,76,83
56.8021,0,16,76,83
56.8184,0,16,76,83
56.8366,1,15,75,84
56.8638,1,15,75,84
56.8784,1,15,75,84
56.8933,1,15,75,84
56.9074,1,15,75,84
56.9237,0,16,76,84
56.9410,0,16,76,84
56.9587,0,16,76,84
56.9720,0,16,75,83
56.9897,0,16,75,83
57.0120,1,15,75,83
57.0246,1,15,75,83
57.0408,1,15,75,83
57.0549,0,16,76,83
57.0710,0,16,76,83
57.0843,0,16,76,83
57.0970,0,16,75,84
57.1136,0,16,75,84
57.1281,0,16,75,84
57.1434,0,16,76,84
57.1573,0,16,76,84
57.1717,0,16,76,84
57.1855,0,16,75,84
57.2029,0,16,75,84
57.2166,0,16,75,84
57.2322,0,16,75,84
57.2456,0,16,75,84
57.2630,0,16,75,84
57.2762,1,15,75,84
57.2936,1,15,75,84
57.3069,1,15,75,84
57.3231,1,15,76,83
57.3379,1,15,76,83
57.3518,1,15,76,83
57.3678,1,16,75,84
57.3829,1,16,75,84
57.3965,1,16,75,84
57.4117,0,16,76,85
57.4256,0,16,76,85
57.4429,0,16,76,85
57.4567,1,15,75,84
57.4737,1,15,75,84
57.4894,1,15,75,84
57.5033,1,15,75,84
57.5178,1,15,75,84
57.5336,1,15,75,84
57.5490,0,16,76,83
57.5633,0,16,76,83
57.5778,0,16,76,83
57.5942,0,16,75,84
57.6076,0,16,75,84
57.6233,0,16,75,84
57.6375,1,15,75,83
57.6562,1,15,75,83
57.6693,1,15,75,83
57.6844,18,30,42,81
57.6995,18,30,42,81
57.7143,18,30,42,81
57.7299,34,46,11,79
57.7480,34,46,11,79
57.7640,33,45,11,79
57.7844,33,45,11,79
57.7991,33,45,11,79
57.8151,33,46,12,78
57.8292,33,46,12,78
57.8586,33,45,12,79
57.8756,33,45,12,79
57.8889,33,45,12,79
57.9075,33,45,11,78
57.9203,33,45,11,78
57.9358,33,45,11,78
57.9488,34,46,12,78
57.9627,34,46,12,78
57.9786,34,46,12,78
57.9939,34,46,11,78
58.0087,34,46,11,78
58.0226,34,46,11,78
58.0363,33,45,11,79
58.0528,33,45,11,79
58.0662,33,45,11,79
58.0820,33,46,12,79
58.0961,33,46,12,79
58.1133,33,46,12,79
58.1262,34,46,12,79
58.1423,34,46,12,79
58.1554,34,45,12,79
58.1728,34,45,12,78
58.1858,34,45,12,78
58.2023,34,45,12,78
58.2161,31,45,11,79
58.2348,31,45,11,79
58.2494,34,45,12,78
58.2637,34,45,12,78
58.2787,34,45,12,78
58.2935,34,46,12,79
58.3097,34,46,12,79
58.3261,34,46,12,79
58.3406,34,46,12,79
58.3556,34,46,12,79
58.3685,34,46,12,79
58.3836,34,46,12,79
58.3985,34,46,12,79
58.4133,34,46,12,79
58.4269,34,46,12,79
58.4427,34,46,12,79
58.4567,34,46,12,79
58.4731,33,45,12,78
58.4868,33,45,12,78
58.5021,33,45,12,78
58.5160,33,45,11,79
58.5348,33,45,11,79
58.5480,33,45,11,79
58.5621,34,46,11,78
58.5766,34,46,11,78
58.5927,34,46,11,78
58.6058,33,46,11,78
58.6220,33,46,11,78
58.6375,33,46,11,78
58.6556,34,45,11,78
58.6700,34,45,11,78
58.6847,34,45,11,78
58.7009,34,46,11,78
58.7153,34,46,11,78
58.7333,33,46,11,78
58.7509,33,46,11,78
58.7713,33,46,11,78
58.7855,34,45,11,78
58.8030,34,45,11,78
58.8226,34,46,11,78
58.8422,34,46,11,78
58.8657,34,46,11,78
58.8792,33,46,11,78
58.8941,33,46,11,78
58.9078,33,46,11,78
58.9246,34,45,11,78
58.9416,34,45,11,78
58.9577,34,45,11,78
58.9706,34,46,11,78
58.9846,34,46,11,78
59.0004,34,46,11,78
59.0140,30,45,11,78
59.0276,30,45,11,78
59.0444,30,45,11,78
59.0579,33,46,11,78
59.0743,33,46,11,78
59.0878,33,46,11,78
59.1017,33,46,11,78
59.1163,33,46,11,78
59.1328,33,46,11,78
59.1485,34,46,12,78
59.1640,34,46,12,78
59.1776,31,45,12,78
59.1941,31,45,12,78
59.2074,31,45,12,78
59.2216,31,45,12,78
59.2365,33,46,12,79
59.2535,33,46,12,79
59.2685,33,46,12,79
59.2836,33,46,12,79
59.2974,33,46,12,79
59.3136,34,45,11,78
59.3272,34,45,11,78
59.3438,34,45,11,78
59.3585,33,45,11,78
59.3735,33,45,11,78
59.3872,33,45,11,78
59.4020,31,46,11,78
59.4163,31,46,11,78
59.4328,31,46,11,78
59.4463,34,45,11,79
59.4622,34,45,11,79
59.4760,34,45,11,79
59.4941,34,46,11,79
59.5075,34,46,11,79
59.5223,34,46,11,79
59.5362,33,45,11,79
59.5532,33,45,11,79
59.5669,33,45,11,79
59.5821,33,46,12,78
59.5957,33,46,12,78
59.6143,33,46,12,78
59.6293,34,46,11,78
59.6498,34,46,11,78
59.6697,30,40,10,71
59.6857,30,40,10,71
59.7028,30,40,10,71
59.7195,30,20,4,50
59.7360,30,20,4,50
59.7497,30,20,4,50
59.7685,30,20,6,50
59.7904,30,20,6,50
59.8067,30,21,4,50
59.8220,30,21,4,50
59.8428,30,21,6,51
59.8615,30,21,6,51
59.8771,30,21,6,51
59.8941,30,21,4,50
59.9071,30,21,4,50
59.9233,30,21,4,50
59.9397,30,20,4,50
59.9560,30,20,4,50
59.9717,30,20,4,50
59.9876,30,20,6,50
60.0021,30,20,6,50
60.0184,30,20,6,50
60.0328,30,21,4,50
60.0479,30,21,4,50
60.0616,30,21,4,50
60.0790,30,21,6,54
60.0929,30,21,6,54
60.1118,30,21,6,51
60.1253,30,21,6,51
60.1403,30,21,6,51
60.1581,31,20,6,50
60.1717,31,20,6,50
60.1865,31,20,6,50
60.2003,30,20,6,51
60.2141,30,20,6,51
60.2279,30,20,6,51
60.2434,30,20,6,51
60.2565,31,20,6,51
60.2730,31,20,6,51
60.2846,31,20,6,51
60.3017,31,21,4,50
60.3164,31,21,4,50
60.3315,31,20,4,53
60.3488,31,20,4,53
60.3626,31,20,4,53
60.3764,31,20,4,53
60.3900,30,20,6,51
60.4042,30,20,6,51
60.4192,30,20,6,51
60.4333,31,21,4,50
60.4484,31,21,4,50
60.4634,31,21,4,50
60.4767,30,20,6,51
60.4951,30,20,6,51
60.5089,30,20,6,51
60.5247,30,21,4,50
60.5446,30,21,4,50
60.5578,30,20,6,51
60.5815,30,20,6,51
60.5999,31,20,6,50
60.6150,31,20,6,50
60.6335,31,20,6,50
60.6496,31,20,6,50
60.6630,31,20,6,50
60.6797,31,20,6,50
60.6987,31,20,6,51
60.7137,31,20,6,51
60.7370,30,21,6,51
60.7497,30,21,6,51
60.7647,30,21,6,51
60.7775,31,21,4,50
60.7948,31,21,4,50
60.8101,31,21,4,50
60.8252,31,21,4,50
60.8417,31,21,4,50
60.8676,31,20,6,51
60.8831,31,20,6,51
60.8981,31,20,6,51
60.9167,30,21,4,50
60.9358,30,21,4,50
60.9510,30,21,4,50
60.9646,31,20,6,54
60.9825,31,20,6,54
60.9947,31,20,6,54
61.0083,30,21,6,51
61.0229,30,21,6,51
61.0362,30,21,6,51
61.0528,31,20,6,54
61.0669,31,20,6,54
61.0830,31,20,6,54
61.0961,31,20,4,53
61.1135,31,20,4,53
61.1270,31,20,4,53
61.1426,31,20,6,51
61.1557,31,20,6,51
61.1721,30,20,6,51
61.1880,30,21,4,50
61.2026,30,21,4,50
61.2157,30,21,4,50
61.2341,30,21,4,53
61.2483,30,21,4,53
61.2627,31,21,4,50
61.2778,31,21,4,50
61.2934,31,21,4,50
61.3070,30,21,4,50
61.3225,30,21,4,50
61.3361,30,21,4,50
61.3546,30,21,6,54
61.3682,30,21,6,54
61.3837,30,21,6,54
61.3991,31,21,4,53
61.4127,31,21,4,53
61.4302,31,21,4,53
61.4435,30,21,6,51
61.4603,30,21,6,51
61.4740,30,21,6,51
61.4906,30,21,4,50
61.5056,30,21,4,50
61.5226,30,21,4,50
61.5367,30,21,6,51
61.5534,30,21,6,51
61.5668,30,21,6,51
61.5827,31,20,6,51
61.5966,31,20,6,51
61.6127,31,20,6,51
61.6267,31,21,4,53
61.6455,31,21,4,53
61.6615,31,21,4,50
61.6823,31,21,4,50
61.7009,31,21,4,50
61.7151,4,76,92,148
61.7350,4,76,92,148
61.7508,3,75,91,148
61.7690,3,75,91,148
61.7851,3,75,91,148
61.8029,4,76,92,149
61.8178,4,76,92,149
61.8408,3,76,91,149
61.8648,3,76,91,149
61.8817,4,76,91,149
61.8991,4,79,92,148
61.9145,4,79,92,148
61.9324,3,75,91,148
61.9466,3,75,91,148
61.9626,3,75,91,148
61.9761,4,76,92,148
61.9924,4,76,92,148
62.0061,4,76,92,148
62.0241,4,75,92,148
62.0374,4,75,92,148
62.0514,4,75,92,148
62.0661,3,75,91,148
62.0827,3,75,91,148
62.0984,3,75,91,148
62.1125,4,76,92,148
62.1263,4,76,92,148
62.1437,4,76,92,148
62.1573,4,76,91,148
62.1722,4,76,91,148
62.1871,4,76,91,148
62.2025,3,76,91,149
62.2160,3,76,91,149
62.2320,3,76,91,149
62.2460,4,76,92,149
62.2633,4,76,92,149
62.2771,4,76,92,149
62.2942,3,76,91,149
62.3060,3,76,91,149
62.3234,3,76,91,149
62.3372,3,76,91,149
62.3515,3,76,91,149
62.3658,3,76,91,149
62.3832,4,76,92,149
62.3963,4,76,92,149
62.4115,4,76,92,149
62.4258,3,76,91,149
62.4441,3,76,91,149
62.4585,3,76,91,149
62.4722,4,76,92,149
62.4886,4,76,92,149
62.5032,4,76,92,149
62.5180,3,76,91,149
62.5336,3,76,91,149
62.5480,3,76,91,149
62.5638,3,76,91,149
62.5770,3,76,91,149
62.5930,4,76,92,149
62.6080,4,76,92,149
62.6230,4,76,92,149
62.6377,3,76,91,149
62.6524,3,76,91,149
62.6670,3,76,91,149
62.6840,4,76,92,149
62.6983,4,76,92,149
62.7162,4,76,92,149
62.7314,3,76,91,149
62.7488,3,76,91,149
62.7631,3,76,91,149
62.7799,3,76,91,149
62.7943,3,76,91,149
62.8117,3,76,91,149
62.8263,4,76,92,149
62.8495,4,76,92,149
62.8727,3,76,91,149
62.8858,3,76,91,149
62.9042,3,75,92,148
62.9206,3,75,92,148
62.9382,3,75,92,148
62.9535,3,75,92,149
62.9719,3,75,92,149
62.9905,3,75,92,149
63.0040,3,78,91,149
63.0178,3,78,91,149
63.0336,3,78,91,149
63.0490,3,75,92,149
63.0638,3,75,92,149
63.0768,3,75,92,149
63.0922,4,76,91,148
63.1076,4,76,91,148
63.1226,4,76,91,148
63.1363,3,75,92,148
63.1514,3,75,92,148
63.1654,3,75,92,148
63.1832,4,76,92,148
63.1965,4,76,92,148
63.2143,4,76,92,148
63.2264,3,75,91,148
63.2450,3,75,91,148
63.2594,4,75,92,148
63.2731,4,75,92,148
63.2912,4,75,92,148
63.3057,3,76,92,149
63.3190,3,76,92,149
63.3336,3,76,92,149
63.3488,3,75,91,148
63.3648,3,75,91,148
63.3787,3,75,91,148
63.3939,3,76,91,148
63.4077,3,76,91,148
63.4229,3,76,91,148
63.4363,4,76,92,148
63.4517,4,76,92,148
63.4687,4,76,92,148
63.4837,3,75,92,149
63.4972,3,75,92,149
63.5117,3,75,92,149
63.5286,3,75,92,148
63.5448,3,75,92,148
63.5586,3,75,92,148
63.5797,3,75,92,149
63.5959,3,75,92,149
63.6130,3,75,92,149
63.6262,3,75,92,148
63.6426,3,75,92,148
63.6597,3,76,92,148
63.6746,3,76,92,148
63.6928,3,76,92,148
63.7136,29,26,77,119
63.7298,29,26,77,119
63.7477,33,18,75,114
63.7624,33,18,75,114
63.7788,33,18,75,114
63.7987,33,19,75,114
63.8146,33,19,75,114
63.8407,33,18,76,113
63.8637,33,18,76,113
63.8833,34,19,76,113
63.9033,34,19,76,113
63.9190,34,19,76,113
63.9348,34,18,76,114
63.9507,34,18,76,114
63.9695,33,18,76,114
63.9830,33,18,76,114
63.9981,33,18,76,114
64.0125,33,18,76,114
64.0293,33,19,76,114
64.0458,33,19,76,114
64.0625,33,18,75,113
64.0755,33,18,75,113
64.0918,33,18,75,113
64.1067,34,18,76,113
64.1241,34,18,76,113
64.1380,34,18,76,113
64.1518,34,18,76,114
64.1667,34,18,76,114
64.1827,34,18,76,114
64.1956,33,18,76,113
64.2118,33,18,76,113
64.2265,33,18,76,113
64.2441,34,19,76,113
64.2578,34,19,76,113
64.2722,34,19,76,113
64.2890,33,19,75,113
64.3023,33,19,75,113
64.3160,33,19,75,113
64.3320,34,19,76,113
64.3468,34,19,76,113
64.3627,34,19,76,113
64.3764,34,18,76,114
64.3940,34,18,76,114
64.4089,34,18,76,114
64.4224,33,18,76,114
64.4358,33,18,76,114
64.4517,33,18,76,114
64.4665,33,19,76,114
64.4828,33,19,76,114
64.4964,33,19,76,114
64.5117,33,18,75,113
64.5255,33,18,75,113
64.5437,33,18,75,113
64.5587,34,18,76,113
64.5777,34,18,76,113
64.5936,33,19,76,114
64.6090,33,19,76,114
64.6224,33,19,76,114
64.6408,33,18,76,114
64.6538,33,18,76,114
64.6726,33,18,76,114
64.6870,33,19,75,114
64.7055,33,19,75,114
64.7192,33,19,75,114
64.7330,34,19,75,114
64.7503,34,19,75,114
64.7701,34,19,76,114
64.7865,34,19,76,114
64.8040,34,19,76,114
64.8217,34,18,76,114
64.8417,34,18,76,114
64.8613,33,18,76,114
64.8752,33,18,76,114
64.8935,33,18,76,114
64.9088,33,19,76,114
64.9275,33,19,76,114
64.9499,34,19,75,113
64.9648,34,19,75,113
64.9833,34,19,75,113
64.9962,34,19,75,114
65.0115,34,19,75,114
65.0258,34,19,75,114
65.0413,34,18,75,114
65.0546,34,18,75,114
65.0684,34,18,75,114
65.0839,34,18,75,113
65.0962,34,18,75,113
65.1095,34,18,75,113
65.1234,34,18,76,114
65.1369,34,18,76,114
65.1515,34,18,76,114
65.1670,33,18,76,114
65.1832,33,18,76,114
65.1962,33,18,76,114
65.2113,33,19,75,113
65.2257,33,19,75,113
65.2430,33,19,75,113
65.2567,33,18,76,113
65.2717,33,18,76,113
65.2856,33,18,76,113
65.3031,34,18,76,114
65.3167,34,18,76,114
65.3340,34,18,76,114
65.3505,33,18,76,113
65.3632,33,18,76,113
65.3769,33,18,76,113
65.3932,34,19,75,114
65.4079,34,19,75,114
65.4229,34,19,75,114
65.4394,34,19,75,114
65.4557,34,19,75,114
65.4716,34,19,75,114
65.4865,34,19,75,114
65.5005,34,19,75,114
65.5168,34,19,75,114
65.5315,34,19,75,114
65.5479,34,19,75,114
65.5615,34,19,75,114
65.5830,34,19,75,114
65.5968,34,19,75,114
65.6126,34,19,75,114
65.6282,34,19,75,114
65.6442,34,19,75,114
65.6618,34,19,75,114
65.6759,34,19,75,114
65.6939,34,19,75,114
65.7091,23,15,75,107
65.7255,23,15,75,107
65.7403,23,15,75,107
65.7555,19,15,75,99
65.7720,19,15,75,99
65.7885,18,16,76,99
65.8042,18,16,76,99
65.8217,18,16,76,99
65.8399,19,15,75,98
65.8607,19,15,75,98
65.8783,18,16,75,99
65.8937,18,16,75,99
65.9080,18,16,75,99
65.9236,15,16,75,98
65.9381,15,16,75,98
65.9533,15,16,75,98
65.9676,16,15,75,98
65.9821,16,15,75,98
65.9976,16,15,75,98
66.0129,18,16,75,99
66.0263,18,16,75,99
66.0441,18,16,75,99
66.0567,19,15,75,99
66.0744,19,15,75,99
66.0874,19,15,75,99
66.1025,15,15,75,99
66.1174,15,15,75,99
66.1330,15,15,75,99
66.1464,19,16,76,99
66.1625,19,16,76,99
66.1764,19,16,76,99
66.1948,18,16,76,98
66.2085,18,16,76,98
66.2227,18,16,76,98
66.2397,18,16,76,98
66.2537,18,16,76,98
66.2675,18,16,76,98
66.2837,18,16,75,99
66.2984,18,16,75,99
66.3147,18,16,75,99
66.3283,19,15,75,99
66.3447,19,15,75,99
66.3596,19,15,75,99
66.3730,18,16,76,98
66.3878,18,16,76,98
66.4016,18,16,76,98
66.4159,18,15,75,99
66.4330,18,15,75,99
66.4464,18,15,75,99
66.4622,16,15,75,98
66.4761,16,15,75,98
66.4928,16,15,75,98
66.5060,16,16,76,99
66.5222,16,16,76,99
66.5362,16,16,76,99
66.5526,19,16,76,98
66.5667,19,16,76,98
66.5822,19,16,76,98
66.5958,18,16,76,99
66.6145,18,16,76,99
66.6285,19,15,75,98
66.6487,19,15,75,98
66.6637,19,15,75,98
66.6797,18,16,75,99
66.6996,18,16,75,99
66.7148,18,16,75,99
66.7351,18,15,75,99
66.7495,18,15,75,99
66.7633,19,15,75,98
66.7787,19,15,75,98
66.7924,19,15,75,98
66.8111,19,15,75,98
66.8267,19,15,75,98
66.8448,19,15,75,98
66.8640,19,15,75,98
66.8782,19,15,75,98
66.8943,19,15,75,98
66.9097,19,15,75,98
66.9257,19,15,75,98
66.9386,19,15,75,98
66.9525,19,15,75,98
66.9657,19,15,75,98
66.9820,19,15,75,98
66.9965,19,15,75,98
67.0126,19,15,75,98
67.0258,19,15,75,98
67.0439,19,15,75,98
67.0579,19,15,75,98
67.0743,19,15,75,98
67.0882,19,15,75,98
67.1019,19,15,75,98
67.1167,19,15,75,98
67.1327,19,15,75,98
67.1478,19,15,75,98
67.1617,19,15,75,98
67.1753,19,15,75,98
67.1918,19,15,75,98
67.2054,19,15,75,98
67.2190,19,15,75,99
67.2344,19,15,75,99
67.2474,19,15,75,99
67.2641,19,15,75,99
67.2775,19,15,75,99
67.2927,19,15,75,99
67.3077,18,16,76,99
67.3223,18,16,76,99
67.3355,18,16,76,99
67.3524,19,16,76,99
67.3674,19,16,76,99
67.3828,19,16,76,99
67.3961,19,15,75,100
67.4115,19,15,75,100
67.4251,18,16,76,99
67.4424,18,16,76,99
67.4570,18,16,76,99
67.4729,19,16,76,99
67.4866,19,16,76,99
67.5024,19,16,76,99
67.5160,19,16,76,99
67.5338,19,16,76,99
67.5478,19,16,76,99
67.5625,18,15,75,99
67.5773,18,15,75,99
67.5925,18,15,75,99
67.6087,19,15,75,98
67.6234,19,15,75,98
67.6396,19,15,75,98
67.6552,19,15,75,98
67.6696,19,15,75,98
67.6867,19,15,75,98
67.7011,16,33,53,93
67.7193,16,33,53,93
67.7404,13,63,15,81
67.7566,13,63,15,81
67.7729,13,63,15,81
67.7890,13,63,17,80
67.8043,13,63,17,80
67.8184,13,63,17,80
67.8376,14,64,17,79
67.8612,14,64,17,79
67.8775,14,63,17,78
67.8952,14,63,17,78
67.9096,14,63,17,78
67.9250,14,64,15,81
67.9397,14,64,15,81
67.9548,14,64,15,81
67.9693,13,64,17,78
67.9833,13,64,17,78
67.9982,13,64,17,78
68.0121,13,64,15,80
68.0267,13,64,15,80
68.0433,13,64,15,80
68.0565,14,63,17,78
68.0716,14,63,17,78
68.0842,14,63,17,78
68.0997,13,63,17,80
68.1145,13,63,17,80
68.1298,13,63,17,80
68.1457,14,63,15,78
68.1630,14,63,15,78
68.1766,14,63,15,78
68.1946,13,64,17,81
68.2094,13,64,17,81
68.2242,13,64,17,81
68.2380,13,64,15,79
68.2531,13,64,15,79
68.2670,13,64,15,79
68.2838,14,64,17,80
68.2968,14,64,17,80
68.3114,14,64,17,80
68.3264,13,64,15,78
68.3430,13,64,15,78
68.3587,13,64,15,78
68.3723,13,64,15,81
68.3860,13,64,15,81
68.4035,13,64,15,81
68.4166,13,63,17,78
68.4321,13,63,17,78
68.4476,14,64,17,78
68.4631,14,64,17,78
68.4776,14,64,17,78
68.4928,14,64,15,78
68.5077,14,64,15,78
68.5227,14,64,15,78
68.5364,14,63,17,78
68.5518,14,63,17,78
68.5700,14,63,17,78
68.5854,13,63,17,78
68.6007,13,63,17,78
68.6174,13,63,17,78
68.6320,14,63,15,79
68.6497,14,63,15,79
68.6633,14,63,15,79
68.6821,13,63,17,81
68.6963,13,63,17,81
68.7128,13,63,17,81
68.7265,13,64,15,79
68.7440,13,64,15,79
68.7596,13,64,15,80
68.7736,13,64,15,80
68.7907,13,64,15,80
68.8091,14,63,17,80
68.8294,14,63,17,80
68.8526,13,63,15,78
68.8755,13,63,15,78
68.8922,14,64,15,80
68.9064,14,64,15,80
68.9193,14,64,15,80
68.9371,14,63,15,79
68.9548,14,63,15,79
68.9707,14,63,15,79
68.9916,14,64,15,81
69.0034,14,64,15,81
69.0201,14,64,15,81
69.0334,13,64,17,78
69.0494,13,64,17,78
69.0670,13,64,17,78
69.0829,13,64,15,80
69.0974,13,64,15,80
69.1115,13,64,15,80
69.1275,14,63,17,78
69.1434,14,63,17,78
69.1584,13,63,17,78
69.1719,13,64,15,79
69.1903,13,64,15,79
69.2047,13,63,15,80
69.2227,13,63,15,80
69.2383,13,63,15,80
69.2524,14,64,15,78
69.2668,14,64,15,78
69.2828,14,64,15,78
69.2957,13,64,15,78
69.3120,13,64,15,78
69.3256,13,64,15,78
69.3448,14,63,17,78
69.3585,14,63,17,78
69.3725,14,63,17,78
69.3893,13,63,17,78
69.4024,13,63,17,78
69.4158,13,63,17,78
69.4337,14,63,15,79
69.4480,14,63,15,79
69.4633,14,63,15,79
69.4769,13,63,17,81
69.4930,13,63,17,81
69.5067,13,63,17,81
69.5224,14,64,17,78
69.5385,14,64,17,78
69.5520,14,64,17,78
69.5665,14,63,15,78
69.5830,14,63,15,78
69.5979,14,63,15,78
69.6117,13,64,17,79
69.6284,13,64,17,79
69.6508,14,64,15,78
69.6656,14,64,15,78
69.6853,14,64,15,78
69.7016,16,66,22,90
69.7187,16,66,22,90
69.7344,33,79,89,177
69.7501,33,79,89,177
69.7667,33,79,89,177
69.7838,34,78,88,175
69.7979,34,78,88,175
69.8168,34,78,88,175
69.8397,34,78,89,177
69.8604,34,78,89,177
69.8757,34,79,89,175
69.8932,34,79,89,175
69.9083,34,79,89,175
69.9240,34,79,86,175
69.9457,34,79,86,175
69.9614,34,79,87,177
69.9737,34,79,87,177
69.9867,34,79,87,177
70.0021,33,78,89,175
70.0163,33,78,89,175
70.0338,33,78,89,175
70.0474,34,79,89,177
70.0614,34,79,89,177
70.0763,34,79,89,177
70.0921,34,79,87,177
70.1057,34,79,87,177
70.1214,34,79,87,177
70.1366,33,78,86,175
70.1536,33,78,86,175
70.1671,33,78,86,175
70.1852,34,79,89,175
70.1990,34,79,89,175
70.2137,34,79,89,175
70.2273,34,79,89,177
70.2428,34,79,89,177
70.2562,34,79,89,177
70.2726,33,78,86,177
70.2861,33,78,86,177
70.3013,33,78,86,177
70.3153,33,78,89,177
70.3328,33,78,89,177
70.3474,33,78,89,177
70.3633,34,79,88,175
70.3774,34,79,88,175
70.3924,34,79,88,175
70.4083,34,78,87,177
70.4240,34,78,87,177
70.4374,34,78,87,177
70.4536,33,79,86,175
70.4684,33,79,86,175
70.4820,33,79,86,175
70.4988,34,78,86,177
70.5134,34,78,86,177
70.5283,34,78,86,177
70.5442,33,79,89,177
70.5575,33,79,89,177
70.5815,33,78,89,175
70.5990,33,78,89,175
70.6144,33,78,89,175
70.6304,33,79,89,177
70.6482,33,79,89,177
70.6635,33,78,89,177
70.6898,33,78,89,177
70.7045,33,78,89,177
70.7212,34,79,89,177
70.7408,34,79,89,177
70.7586,33,79,87,177
70.7734,33,79,87,177
70.7898,33,79,87,177
70.8047,34,79,89,177
70.8223,34,79,89,177
70.8424,34,78,89,177
70.8624,34,78,89,177
70.8848,34,78,89,177
70.8983,33,79,89,175
70.9126,33,79,89,175
70.9258,33,79,89,175
70.9509,34,79,87,177
70.9707,34,79,87,177
70.9843,33,78,89,175
71.0004,33,78,89,175
71.0141,33,78,89,175
71.0278,34,79,89,177
71.0432,34,79,89,177
71.0577,34,79,89,177
71.0726,34,79,87,177
71.0859,34,79,87,177
71.1019,34,79,87,177
71.1164,34,79,89,175
71.1328,34,79,89,175
71.1466,34,79,89,175
71.1612,34,79,86,175
71.1753,34,79,86,175
71.1926,34,79,86,175
71.2058,34,79,89,177
71.2228,34,79,89,177
71.2394,34,79,89,177
71.2529,34,79,87,177
71.2678,34,79,87,177
71.2820,34,79,87,177
71.2960,34,79,87,177
71.3126,34,79,87,177
71.3265,34,79,87,177
71.3415,34,79,87,174
71.3559,34,79,87,174
71.3731,34,79,87,174
71.3861,34,79,88,175
71.3999,34,79,88,175
71.4176,34,79,88,175
71.4330,33,78,87,177
71.4462,33,78,87,177
71.4600,33,78,87,177
71.4777,33,79,87,174
71.4936,33,79,87,174
71.5087,34,78,86,175
71.5224,34,78,86,175
71.5392,34,78,86,175
71.5536,34,78,87,177
71.5717,34,78,87,177
71.5850,34,78,87,177
71.5998,33,79,87,174
71.6155,33,79,87,174
71.6318,33,79,87,174
71.6488,34,78,87,177
71.6624,34,78,87,177
71.6832,34,78,87,177
71.6997,33,79,87,174
71.7135,33,79,87,174
71.7371,31,6,3,35
71.7526,31,6,3,35
71.7680,31,6,3,35
71.7836,30,3,1,34
71.8040,30,3,1,34
71.8241,31,3,1,33
71.8438,31,3,1,33
71.8657,31,3,0,34
71.8793,31,3,0,34
71.8947,31,3,0,34
71.9097,31,4,1,33
71.9255,31,4,1,33
71.9388,31,4,1,33
71.9553,31,4,1,34
71.9700,31,4,1,34
71.9857,31,4,1,34
72.0000,31,3,0,34
72.0137,31,3,0,34
72.0286,31,3,0,34
72.0438,31,4,0,34
72.0560,31,4,0,34
72.0734,31,4,0,34
72.0871,31,3,0,34
72.1006,31,3,0,34
72.1168,31,3,0,34
72.1328,31,3,0,34
72.1485,31,3,0,34
72.1621,31,3,0,34
72.1783,31,3,0,34
72.2004,31,3,0,34
72.2144,31,3,0,34
72.2280,31,3,0,34
72.2445,31,3,0,34
72.2582,31,3,0,34
72.2732,31,3,1,33
72.2865,31,3,1,33
72.3026,31,3,1,33
72.3167,31,3,1,34
72.3327,31,3,1,34
72.3463,31,3,1,34
72.3629,30,4,1,34
72.3766,30,4,1,34
72.3944,30,4,1,34
72.4077,30,4,1,34
72.4221,30,4,1,34
72.4361,30,4,1,34
72.4525,30,4,1,33
72.4659,30,4,1,33
72.4841,30,4,1,34
72.4979,30,4,1,34
72.5141,30,4,1,34
72.5277,30,4,1,33
72.5450,30,4,1,33
72.5582,30,4,1,33
72.5815,31,4,0,34
72.5990,31,4,0,34
72.6128,30,3,1,34
72.6334,30,3,1,34
72.6480,30,3,1,34
72.6628,31,3,1,34
72.6799,31,3,1,34
72.6951,31,3,1,34
72.7100,31,3,1,33
72.7241,31,3,1,33
72.7437,31,3,1,33
72.7597,31,4,1,34
72.7728,31,4,1,34
72.7933,30,4,1,34
72.8080,30,4,0,34
72.8229,30,4,0,34
72.8423,30,4,0,34
72.8638,30,4,0,34
72.8808,30,4,0,34
72.8976,30,4,0,34
72.9129,30,4,0,34
72.9298,30,4,0,34
72.9463,30,4,0,34
72.9601,30,4,0,34
72.9748,30,4,0,34
72.9873,30,4,0,34
73.0036,30,4,0,34
73.0173,30,4,0,34
73.0340,30,4,0,34
73.0488,30,4,0,34
73.0626,30,4,0,34
73.0772,30,4,0,34
73.0924,30,4,0,34
73.1065,30,4,1,34
73.1223,30,4,1,34
73.1361,30,4,1,34
73.1513,30,3,0,34
73.1662,30,3,0,34
73.1823,30,3,0,34
73.1957,31,3,1,33
73.2128,31,3,1,33
73.2261,31,3,1,33
73.2422,31,4,1,34
73.2557,31,4,1,34
73.2729,31,4,1,34
73.2906,30,4,0,34
73.3047,30,4,0,34
73.3185,30,4,0,34
73.3335,30,4,0,34
73.3480,30,4,0,34
73.3637,30,4,0,34
73.3818,30,4,0,34
73.3985,30,4,0,34
73.4121,30,4,0,34
73.4271,30,4,0,34
73.4418,30,4,0,34
73.4586,30,4,0,34
73.4717,31,4,1,33
73.4873,31,4,1,33
73.5005,31,4,1,33
73.5172,31,4,1,34
73.5330,31,4,1,34
73.5481,31,3,1,34
73.5629,31,3,0,34
73.5792,31,3,0,34
73.5941,31,3,0,34
73.6101,31,3,0,34
73.6241,31,3,0,34
73.6428,31,3,0,34
73.6582,31,3,0,34
73.6722,31,3,0,34
73.6868,31,4,0,34
73.7023,31,4,0,34
73.7188,31,4,0,34
73.7329,11,45,12,58
73.7484,11,45,12,58
73.7644,11,45,12,58
73.7814,1,63,17,68
73.7984,1,63,17,68
73.8111,1,63,17,68
73.8282,0,64,15,69
73.8580,0,64,15,69
73.8730,0,64,15,69
73.8892,0,64,15,69
73.9068,0,64,15,69
73.9229,0,64,15,69
73.9384,0,64,15,69
73.9543,1,63,15,68
73.9688,1,63,15,68
73.9846,1,63,15,68
73.9980,1,63,15,68
74.0135,1,63,15,68
74.0267,1,63,15,68
74.0425,0,64,15,69
74.0556,0,64,15,69
74.0708,0,64,15,69
74.0836,1,63,15,68
74.1003,1,63,15,68
74.1136,1,63,15,68
74.1290,0,64,15,68
74.1455,0,64,15,68
74.1623,0,64,15,68
74.1753,1,63,15,68
74.1909,1,63,15,68
74.2037,1,63,15,68
74.2213,1,64,15,68
74.2348,1,64,15,68
74.2491,1,64,15,68
74.2651,1,63,17,68
74.2790,1,63,17,68
74.2950,1,63,17,68
74.3086,1,63,17,68
74.3222,1,63,17,68
74.3386,1,63,17,68
74.3538,1,63,17,68
74.3674,1,63,17,68
74.3827,1,63,17,68
74.3988,1,63,17,68
74.4161,1,63,17,68
74.4328,1,63,17,68
74.4464,1,63,17,68
74.4629,1,63,17,68
74.4773,1,63,17,68
74.4936,1,63,17,68
74.5071,1,63,17,68
74.5217,1,63,17,68
74.5353,1,63,17,68
74.5523,1,63,17,68
74.5673,1,63,17,68
74.5821,1,63,15,69
74.5958,1,63,15,69
74.6123,1,63,15,69
74.6256,0,64,15,68
74.6433,0,64,15,68
74.6580,0,64,15,68
74.6746,0,64,15,68
74.6950,0,64,15,68
74.7166,0,64,17,68
74.7336,0,64,17,68
74.7500,1,63,15,69
74.7722,1,63,15,69
74.7902,1,63,15,68
74.8113,1,63,15,68
74.8388,0,64,15,69
74.8628,0,64,15,69
74.8774,1,63,15,68
74.8954,1,63,15,68
74.9120,1,63,15,68
74.9283,1,63,17,68
74.9500,1,63,17,68
74.9693,0,64,15,68
74.9832,0,64,15,68
74.9966,0,64,15,68
75.0127,0,64,15,69
75.0270,0,64,15,69
75.0444,0,64,15,69
75.0579,0,64,17,68
75.0718,0,64,17,68
75.0866,0,64,17,68
75.1022,1,63,17,68
75.1166,1,63,17,68
75.1336,1,63,17,68
75.1478,0,64,17,69
75.1624,0,64,17,69
75.1754,0,64,17,69
75.1909,1,63,17,68
75.2065,1,63,17,68
75.2223,1,63,17,68
75.2356,1,64,17,69
75.2510,1,64,17,69
75.2651,1,64,17,69
75.2828,1,63,15,68
75.2963,1,63,15,68
75.3117,1,63,15,68
75.3253,1,64,15,69
75.3420,1,64,15,69
75.3556,1,64,15,69
75.3708,0,64,15,69
75.3830,0,64,15,69
75.4020,0,64,15,69
75.4152,0,64,17,68
75.4348,0,64,17,68
75.4488,0,64,17,68
75.4638,0,64,15,69
75.4786,0,64,15,69
75.4965,0,64,15,69
75.5112,1,63,17,68
75.5263,1,63,17,68
75.5401,1,63,17,68
75.5525,0,64,15,69
75.5666,0,64,15,69
75.5844,0,64,15,69
75.5976,0,64,15,69
75.6116,0,64,15,69
75.6264,0,64,15,69
75.6424,0,64,15,69
75.6567,0,64,15,69
75.6727,0,64,15,69
75.6904,0,64,15,69
75.7072,0,64,15,69
75.7212,0,41,45,75
75.7395,0,41,45,75
75.7593,0,41,45,75
75.7737,0,16,75,84
75.7903,0,16,75,84
75.8092,0,16,75,86
75.8248,0,16,75,86
75.8426,0,16,75,86
75.8628,0,16,76,84
75.8806,0,16,76,84
75.8947,0,16,76,84
75.9145,0,16,75,84
75.9318,0,16,75,84
75.9463,0,16,75,84
75.9612,0,16,75,84
75.9777,0,16,75,84
75.9922,0,16,75,83
76.0070,0,16,75,83
76.0231,0,16,75,83
76.0411,0,16,75,84
76.0548,0,16,75,84
76.0727,0,16,75,84
76.0861,0,16,76,83
76.1022,0,16,76,83
76.1163,0,16,76,83
76.1336,0,16,76,84
76.1470,0,16,76,84
76.1610,0,16,76,84
76.1749,0,16,76,83
76.1931,0,16,76,83
76.2066,0,16,76,83
76.2221,1,15,75,84
76.2357,1,15,75,84
76.2520,1,15,75,84
76.2671,1,15,75,85
76.2836,1,15,75,85
76.2980,0,16,76,85
76.3119,0,16,76,83
76.3296,0,16,76,83
76.3459,0,16,76,84
76.3608,0,16,76,84
76.3765,0,16,76,84
76.3904,0,16,76,84
76.4098,0,16,76,84
76.4241,0,16,76,84
76.4396,0,16,75,84
76.4543,0,16,75,84
76.4709,0,16,75,84
76.4858,1,15,75,83
76.5020,1,15,75,83
76.5153,1,15,75,83
76.5336,1,15,75,83
76.5477,1,15,75,83
76.5622,1,15,75,83
76.5755,1,16,76,83
76.5908,1,16,76,83
76.6055,1,15,76,83
76.6227,1,15,75,84
76.6372,1,15,75,84
76.6586,1,15,75,86
76.6743,1,15,75,86
76.6931,0,15,75,86
76.7111,0,16,76,83
76.7278,0,16,76,83
76.7446,0,16,76,86
76.7603,0,16,76,86
76.7779,0,16,76,84
76.8027,0,16,76,84
76.8166,0,16,76,84
76.8366,0,16,76,84
76.8544,0,16,76,84
76.8728,0,16,76,84
76.8897,0,16,75,84
76.9088,0,16,75,84
76.9267,0,16,75,84
76.9435,0,16,75,84
76.9601,0,16,75,84
76.9737,0,16,75,85
76.9924,0,16,75,85
77.0060,0,16,75,85
77.0226,1,16,76,83
77.0349,1,16,76,83
77.0523,1,15,75,84
77.0660,1,15,75,84
77.0838,1,15,75,84
77.0989,0,16,76,83
77.1126,0,16,76,83
77.1264,0,16,76,83
77.1438,1,15,75,84
77.1572,1,15,75,84
77.1722,1,15,75,84
77.1872,0,16,76,84
77.2023,0,16,76,84
77.2160,0,16,76,84
77.2327,0,16,76,84
77.2474,0,16,76,84
77.2614,0,16,76,84
77.2759,0,16,75,84
77.2927,0,16,75,84
77.3070,0,16,75,84
77.3208,1,16,76,86
77.3361,1,16,76,86
77.3522,1,16,76,86
77.3658,1,16,76,83
77.3822,1,16,76,83
77.3981,1,16,76,83
77.4134,1,16,76,83
77.4268,1,16,76,83
77.4430,1,16,76,83
77.4570,1,15,75,85
77.4720,1,15,75,85
77.4855,1,15,75,85
77.5007,0,16,75,84
77.5190,0,16,75,84
77.5328,0,16,75,84
77.5467,1,15,75,84
77.5621,1,15,75,84
77.5784,1,15,75,84
77.5933,1,15,75,86
77.6080,1,15,75,86
77.6221,1,15,75,86
77.6373,0,16,76,83
77.6536,0,16,76,83
77.6668,0,16,76,83
77.6843,0,16,76,84
77.7005,0,16,76,84
77.7181,8,20,62,84
77.7346,8,20,62,83
77.7536,8,20,62,83
77.7682,33,46,12,78
77.7835,33,46,12,78
77.7986,33,46,12,78
77.8146,34,46,12,78
77.8311,34,46,12,78
77.8580,33,45,11,78
77.8767,33,45,11,78
77.8904,33,45,11,78
77.9077,34,45,11,78
77.9218,34,45,11,78
77.9439,34,46,11,78
77.9623,34,46,11,78
77.9764,34,46,11,78
77.9910,34,45,12,79
78.0064,34,45,12,79
78.0222,34,45,12,79
78.0358,33,45,11,79
78.0516,33,45,11,79
78.0652,33,45,11,79
78.0840,33,45,12,78
78.0977,33,45,12,78
78.1134,33,45,12,78
78.1306,33,45,12,79
78.1467,33,45,12,79
78.1620,34,46,12,79
78.1753,34,46,12,79
78.1925,34,46,12,79
78.2063,33,45,12,78
78.2218,33,45,12,78
78.2351,33,45,12,78
78.2516,33,45,12,79
78.2649,33,45,12,79
78.2829,33,45,12,79
78.2961,33,46,11,78
78.3121,33,46,11,78
78.3262,33,46,11,78
78.3419,34,46,12,78
78.3561,34,46,12,78
78.3713,34,46,12,78
78.3852,34,46,12,79
78.4018,34,46,12,79
78.4160,34,46,12,79
78.4351,34,45,11,79
78.4484,34,45,11,79
78.4627,34,45,11,79
78.4785,34,46,12,79
78.4963,34,46,12,79
78.5101,34,46,12,79
78.5236,33,45,12,79
78.5366,33,45,12,79
78.5513,33,45,12,79
78.5661,34,45,12,79
78.5833,34,45,12,79
78.5963,34,45,12,79
78.6118,34,45,11,78
78.6262,34,45,11,78
78.6438,34,45,11,78
78.6586,34,46,12,78
78.6736,34,46,12,78
78.6920,34,46,11,78
78.7085,34,46,11,78
78.7221,34,46,11,78
78.7446,34,46,11,79
78.7583,34,46,11,79
78.7737,34,46,11,79
78.7861,33,45,12,78
78.8011,33,45,12,78
78.8183,33,45,12,78
78.8377,30,45,12,78
78.8637,30,45,12,78
78.8764,34,46,12,78
78.8932,34,46,12,78
78.9074,34,46,12,78
78.9219,33,46,11,78
78.9387,33,46,11,78
78.9536,33,46,11,78
78.9692,34,46,12,78
78.9831,34,46,12,78
78.9990,34,46,12,78
79.0130,34,46,11,78
79.0306,34,46,11,78
79.0454,34,46,11,78
79.0607,30,46,12,79
79.0744,30,46,12,79
79.0920,30,46,12,79
79.1054,31,45,11,79
79.1207,31,45,11,79
79.1347,34,45,12,78
79.1532,34,45,12,78
79.1664,34,45,12,78
79.1819,34,45,12,78
79.1969,34,45,12,78
79.2121,34,45,12,78
79.2275,34,46,12,79
79.2431,34,46,12,79
79.2577,34,46,12,79
79.2728,30,46,12,78
79.2864,30,46,12,78
79.3020,30,46,12,78
79.3152,34,46,12,79
79.3328,34,46,12,79
79.3470,34,46,12,79
79.3609,34,45,12,78
79.3752,34,45,12,78
79.3926,34,45,12,78
79.4056,34,45,12,78
79.4223,34,45,12,78
79.4355,34,45,12,78
79.4526,31,45,12,79
79.4680,31,45,12,79
79.4837,31,45,12,79
79.4985,33,46,12,79
79.5126,33,46,12,79
79.5263,33,46,12,79
79.5447,34,45,11,79
79.5584,34,45,11,79
79.5784,34,45,11,79
79.5930,34,46,12,79
79.6104,34,46,12,79
79.6240,34,46,12,79
79.6396,33,45,12,79
79.6551,33,45,12,79
79.6706,34,45,12,79
79.6896,34,45,12,79
79.7053,34,45,12,79
79.7192,34,45,11,78
79.7364,34,45,11,78
79.7540,34,45,11,78
79.7700,30,20,6,50
79.7897,30,20,6,50
79.8043,30,21,4,50
79.8223,30,21,4,50
79.8418,30,21,6,51
79.8667,30,21,6,51
79.8830,30,21,6,51
79.8968,30,21,4,50
79.9185,30,21,4,50
79.9334,30,21,6,51
79.9503,30,21,6,51
79.9705,30,21,6,51
79.9834,30,21,4,50
80.0022,30,21,4,50
80.0158,30,21,4,50
80.0336,31,20,6,51
80.0482,31,20,6,51
80.0621,31,20,6,51
80.0770,30,21,4,50
80.0923,30,21,4,50
80.1065,30,21,4,50
80.1220,30,21,4,53
80.1357,30,21,4,53
80.1522,30,21,4,53
80.1659,31,21,4,50
80.1795,31,21,4,50
80.1948,31,21,4,50
80.2083,30,21,6,51
80.2234,30,21,6,51
80.2394,30,21,6,51
80.2532,31,20,6,51
80.2667,31,20,6,51
80.2837,31,20,6,51
80.2974,31,21,4,50
80.3127,31,21,4,50
80.3257,31,21,4,50
80.3407,31,21,4,53
80.3552,31,21,4,53
80.3734,31,21,4,53
80.3867,31,20,6,50
80.4026,31,20,6,50
80.4183,31,20,6,50
80.4327,30,21,4,50
80.4458,30,21,4,50
80.4618,30,21,4,50
80.4779,30,20,6,53
80.4941,30,20,6,53
80.5085,30,20,6,53
80.5230,31,21,4,50
80.5380,31,21,4,50
80.5522,31,21,4,50
80.5671,30,21,4,50
80.5835,30,21,4,50
80.5980,30,21,4,50
80.6132,30,21,6,51
80.6265,30,21,6,51
80.6394,30,21,6,51
80.6582,30,21,4,53
80.6717,30,21,4,53
80.6907,30,20,6,50
80.7116,30,20,6,50
80.7278,30,20,6,50
80.7458,30,21,4,50
80.7606,30,21,4,50
80.7780,30,21,6,54
80.8008,30,21,6,54
80.8167,30,21,6,54
80.8401,30,21,6,51
80.8644,30,21,6,51
80.8777,31,20,6,51
80.8933,31,20,6,51
80.9112,31,21,4,50
80.9276,31,21,4,50
80.9403,31,21,4,50
80.9554,30,21,4,53
80.9701,30,21,4,53
80.9861,30,21,4,53
80.9986,30,21,4,53
81.0127,30,20,6,50
81.0276,30,20,6,50
81.0427,30,20,6,50
81.0563,30,21,4,50
81.0722,30,21,4,50
81.0838,30,21,4,50
81.1018,30,21,6,51
81.1151,30,21,6,51
81.1340,30,21,4,50
81.1485,30,21,4,50
81.1617,30,21,4,50
81.1748,30,21,4,50
81.1911,31,20,6,54
81.2048,31,20,6,54
81.2217,31,20,6,54
81.2348,31,20,4,53
81.2517,31,20,4,53
81.2648,30,21,6,51
81.2837,30,21,6,51
81.2973,30,21,6,51
81.3115,31,20,6,51
81.3265,31,20,6,51
81.3416,31,20,6,51
81.3576,31,21,4,50
81.3715,31,21,4,50
81.3858,31,21,4,50
81.4032,30,21,4,50
81.4171,30,21,4,50
81.4337,30,21,4,50
81.4509,31,21,4,50
81.4652,31,21,4,50
81.4828,31,21,4,50
81.4958,31,21,4,53
81.5133,31,21,4,53
81.5271,31,21,4,53
81.5425,31,20,6,51
81.5560,31,20,6,51
81.5770,30,20,6,51
81.5933,30,20,6,51
81.6082,30,20,6,51
81.6223,30,21,6,51
81.6417,30,21,6,51
81.6590,30,21,6,51
81.6747,30,21,4,50
81.6883,30,21,4,50
81.7053,30,21,4,50
81.7183,30,20,6,50
81.7331,30,20,6,50
81.7486,30,20,6,50
81.7692,8,69,78,134
81.7833,8,69,78,134
81.7981,8,69,78,134
81.8113,3,76,92,148
81.8297,3,76,92,148
81.8496,3,76,91,149
81.8697,3,76,91,149
81.8888,3,78,91,148
81.9042,3,78,91,148
81.9193,3,78,91,148
81.9328,4,76,91,148
81.9500,4,76,91,148
81.9653,4,76,91,148
81.9828,3,75,92,148
81.9964,3,75,92,148
82.0116,3,75,92,148
82.0252,3,76,92,149
82.0416,3,76,92,149
82.0554,3,76,92,149
82.0708,3,76,91,148
82.0853,3,76,91,148
82.1016,3,76,91,148
82.1177,4,78,92,149
82.1336,4,78,92,149
82.1476,4,78,92,149
82.1630,4,75,92,149
82.1764,4,75,92,149
82.1917,4,75,92,149
82.2053,3,75,92,149
82.2217,3,75,92,149
82.2351,3,75,92,149
82.2522,4,76,92,149
82.2640,4,76,92,149
82.2808,4,76,92,149
82.2953,4,76,91,148
82.3091,4,76,91,148
82.3247,4,76,91,148
82.3378,3,76,92,148
82.3526,3,76,92,148
82.3651,3,76,92,148
82.3824,4,76,91,148
82.3987,4,76,91,148
82.4149,4,76,91,148
82.4284,3,76,91,149
82.4452,3,76,91,149
82.4588,3,76,91,149
82.4736,4,76,89,149
82.4872,4,76,89,149
82.5013,4,76,89,149
82.5160,3,75,92,148
82.5327,3,75,92,148
82.5473,3,75,92,148
82.5613,3,76,89,148
82.5777,3,76,89,148
82.5924,3,76,89,148
82.6058,3,75,89,148
82.6224,3,75,89,148
82.6371,3,75,89,148
82.6534,3,76,91,148
82.6685,3,76,91,148
82.6854,3,75,89,149
82.7088,3,75,89,149
82.7226,3,75,89,149
82.7409,3,76,92,148
82.7552,3,76,92,148
82.7731,3,76,92,148
82.7863,3,76,92,148
82.8021,3,76,92,148
82.8207,4,76,92,149
82.8409,4,76,92,149
82.8643,3,76,91,149
82.8836,3,76,91,149
82.8996,3,76,91,149
82.9221,3,76,91,149
82.9360,3,76,91,149
82.9521,3,76,92,149
82.9685,3,76,92,149
82.9851,3,76,92,149
82.9994,4,76,91,148
83.0132,4,76,91,148
83.0267,4,76,91,148
83.0420,3,76,91,149
83.0561,3,76,91,149
83.0717,3,76,91,149
83.0857,3,76,92,149
83.1005,3,76,92,149
83.1147,3,76,92,149
83.1328,4,76,91,148
83.1467,4,76,91,148
83.1605,4,76,91,148
83.1743,3,75,92,148
83.1922,3,75,92,148
83.2055,3,75,92,148
83.2206,3,76,92,149
83.2366,3,76,92,149
83.2516,3,76,92,149
83.2652,3,76,91,148
83.2826,3,76,91,148
83.2972,3,76,91,148
83.3131,3,75,88,148
83.3265,3,75,88,148
83.3405,3,75,88,148
83.3552,4,76,92,149
83.3726,4,76,92,149
83.3855,4,76,92,149
83.4016,3,75,91,148
83.4165,3,75,91,148
83.4341,3,75,91,148
83.4477,4,75,92,148
83.4642,4,75,92,148
83.4789,4,75,92,148
83.4952,3,79,92,148
83.5091,3,79,92,148
83.5254,3,79,92,148
83.5390,3,76,92,149
83.5529,3,76,92,149
83.5663,3,76,92,149
83.5835,3,76,91,148
83.5955,3,76,91,148
83.6129,3,76,91,148
83.6263,4,76,92,148
83.6407,4,76,92,148
83.6607,3,75,92,149
83.6827,3,75,92,149
83.6990,3,75,92,149
83.7152,4,75,92,149
83.7338,4,75,92,149
83.7533,21,43,82,128
83.7701,21,43,82,128
83.7868,21,43,82,128
83.8025,33,18,75,113
83.8162,33,18,75,113
83.8402,34,19,75,114
83.8624,34,19,75,114
83.8774,34,19,75,114
83.8952,34,18,75,114
83.9115,34,18,75,114
83.9274,34,18,75,113
83.9494,34,18,75,113
83.9675,34,18,75,113
83.9827,33,19,75,114
83.9958,33,19,75,114
84.0116,33,19,75,114
84.0249,34,18,76,114
84.0415,34,18,76,114
84.0556,34,18,76,114
84.0723,34,19,76,113
84.0859,34,19,76,113
84.1015,34,19,76,113
84.1148,34,19,75,114
84.1336,34,19,75,114
84.1474,34,18,75,114
84.1622,34,18,75,114
84.1757,34,18,75,114
84.1918,34,18,75,114
84.2046,34,18,75,113
84.2215,34,18,75,113
84.2360,34,18,76,113
84.2510,34,18,76,114
84.2666,34,18,76,114
84.2833,33,18,75,114
84.2968,33,18,75,114
84.3116,33,18,75,114
84.3256,33,19,75,113
84.3394,33,19,75,113
84.3546,33,19,75,113
84.3683,33,19,75,113
84.3827,33,18,75,114
84.3987,33,18,75,114
84.4124,33,19,75,114
84.4274,33,19,75,114
84.4422,33,19,75,114
84.4592,33,18,76,113
84.4735,33,18,76,113
84.4911,33,18,76,113
84.5044,34,19,75,114
84.5206,34,19,75,114
84.5348,34,19,75,114
84.5515,34,19,75,114
84.5657,34,19,75,114
84.5821,34,19,75,114
84.5943,34,19,75,114
84.6138,34,19,75,114
84.6287,34,19,75,114
84.6458,34,19,75,114
84.6686,34,19,75,114
84.6841,34,19,75,114
84.7016,34,19,75,114
84.7155,34,19,75,114
84.7348,34,19,75,114
84.7500,34,19,75,114
84.7696,34,19,75,114
84.7848,34,19,75,114
84.7985,34,19,75,114
84.8145,34,19,75,114
84.8285,34,19,75,114
84.8603,34,18,75,114
84.8778,34,18,75,114
84.8906,34,18,75,114
84.9113,33,19,76,114
84.9291,33,19,76,114
84.9462,33,19,76,113
84.9618,33,19,76,113
84.9766,33,19,76,113
84.9927,33,18,75,113
85.0063,33,18,75,113
85.0203,33,18,75,113
85.0351,33,19,75,114
85.0515,33,19,75,114
85.0670,33,19,75,114
85.0821,34,19,75,114
85.0974,34,19,75,114
85.1137,34,19,75,114
85.1273,34,19,76,114
85.1438,34,19,76,114
85.1611,34,19,76,114
85.1747,34,18,76,114
85.1923,34,18,76,114
85.2060,34,18,76,114
85.2205,33,18,76,114
85.2362,33,18,76,114
85.2521,33,18,76,114
85.2653,33,19,76,114
85.2828,33,19,76,114
85.2974,33,19,76,114
85.3122,33,18,76,114
85.3258,33,18,76,114
85.3408,33,18,76,114
85.3533,33,19,75,114
85.3710,33,19,75,114
85.3834,33,19,75,114
85.3987,34,19,75,114
85.4127,34,19,75,114
85.4284,34,19,75,114
85.4434,34,19,76,114
85.4619,34,19,76,114
85.4770,34,18,76,114
85.4931,34,18,76,114
85.5063,34,18,76,114
85.5205,33,18,76,114
85.5364,33,18,76,114
85.5520,33,18,76,114
85.5676,33,19,76,114
85.5840,33,19,76,114
85.5973,33,19,76,114
85.6125,33,18,76,114
85.6255,33,18,76,114
85.6414,33,18,76,114
85.6587,33,19,75,114
85.6837,33,19,75,114
85.6987,34,19,75,114
85.7134,34,19,75,114
85.7282,34,19,75,114
85.7491,29,16,75,108
85.7688,29,16,75,108
85.7854,18,16,76,98
85.8031,18,16,76,98
85.8171,18,16,76,98
85.8432,15,15,75,99
85.8621,15,15,75,99
85.8778,19,16,76,99
85.8952,19,16,76,99
85.9112,19,16,76,99
85.9268,19,16,76,98
85.9411,19,16,76,98
85.9582,19,16,76,98
85.9718,15,15,75,99
85.9865,15,15,75,99
85.9996,15,15,75,99
86.0126,18,16,76,98
86.0296,18,16,76,98
86.0455,18,16,76,98
86.0614,18,16,75,99
86.0744,18,16,75,99
86.0903,18,16,75,99
86.1052,18,15,75,99
86.1217,18,15,75,99
86.1355,18,15,75,99
86.1506,19,15,75,98
86.1643,19,15,75,98
86.1827,19,15,75,98
86.1983,18,16,76,99
86.2128,18,16,76,99
86.2265,18,16,76,99
86.2440,19,16,75,98
86.2580,19,16,75,98
86.2717,19,16,75,98
86.2872,19,15,75,99
86.3023,19,15,75,99
86.3155,19,15,75,99
86.3322,19,15,75,98
86.3464,19,15,75,98
86.3640,19,15,75,98
86.3776,19,15,75,99
86.3925,19,15,75,99
86.4076,19,15,75,99
86.4218,19,16,76,99
86.4353,19,16,76,99
86.4506,19,16,76,99
86.4649,19,15,75,99
86.4829,19,15,75,99
86.4962,19,15,75,99
86.5113,19,15,75,99
86.5274,19,15,75,99
86.5426,18,16,76,99
86.5561,18,16,76,99
86.5772,18,16,76,99
86.5986,18,16,76,99
86.6122,18,16,76,99
86.6292,19,15,75,99
86.6455,19,15,75,99
86.6636,19,15,75,99
86.6807,19,16,76,99
86.6988,19,16,76,99
86.7117,19,16,76,99
86.7281,19,16,76,98
86.7423,19,16,76,98
86.7613,19,16,76,98
86.7762,18,15,75,99
86.7919,18,15,75,99
86.8070,18,15,75,99
86.8226,19,15,75,98
86.8397,19,15,75,98
86.8598,18,16,76,99
86.8747,18,16,76,99
86.8922,18,16,76,99
86.9074,19,16,75,98
86.9237,19,16,75,98
86.9395,19,15,75,98
86.9586,19,15,75,98
86.9723,19,15,75,98
86.9870,18,15,75,98
87.0018,18,15,75,98
87.0186,18,15,75,98
87.0333,18,16,76,99
87.0492,18,16,76,99
87.0623,18,16,76,99
87.0770,18,15,75,99
87.0922,18,15,75,99
87.1077,18,15,75,99
87.1222,19,15,75,99
87.1358,19,15,75,99
87.1517,19,15,75,99
87.1656,19,16,75,98
87.1830,19,16,75,98
87.1968,19,16,75,98
87.2113,19,15,75,98
87.2233,19,15,75,98
87.2414,19,15,75,98
87.2546,18,15,75,98
87.2713,18,15,75,98
87.2857,18,15,75,98
87.2990,18,15,75,99
87.3146,18,15,75,99
87.3278,18,15,75,99
87.3432,19,15,75,99
87.3571,19,15,75,99
87.3743,19,15,75,99
87.3877,18,16,76,98
87.4018,18,16,76,98
87.4153,18,16,76,98
87.4317,18,15,75,99
87.4453,18,15,75,99
87.4606,18,15,75,99
87.4757,19,15,75,98
87.4927,19,15,75,98
87.5057,19,15,75,98
87.5206,18,16,75,99
87.5333,18,16,75,99
87.5488,18,16,75,99
87.5626,18,15,75,99
87.5792,18,15,75,99
87.5977,18,15,75,99
87.6126,19,15,75,98
87.6263,19,15,75,98
87.6483,19,15,75,98
87.6632,19,15,75,99
87.6781,19,15,75,99
87.6953,16,16,76,99
87.7110,16,16,76,99
87.7293,16,16,76,99
87.7480,16,20,70,95
87.7707,16,20,70,95
87.7854,13,64,15,78
87.8016,13,64,15,78
87.8150,13,64,15,78
87.8375,14,63,17,78
87.8562,14,63,17,78
87.8727,14,64,15,78
87.8924,14,64,15,78
87.9091,14,64,15,78
87.9252,14,63,17,80
87.9390,14,63,17,80
87.9554,14,63,17,80
87.9686,13,63,17,78
87.9833,13,63,17,78
87.9965,13,63,17,78
88.0106,13,64,15,78
88.0255,13,64,15,78
88.0423,13,64,15,78
88.0566,13,63,15,79
88.0719,13,63,15,79
88.0858,13,63,15,79
88.1022,14,63,15,79
88.1158,14,63,15,79
88.1329,14,63,15,79
88.1457,13,63,17,79
88.1613,13,63,17,79
88.1756,13,63,17,79
88.1903,14,64,15,78
88.2050,14,64,15,78
88.2213,14,64,15,78
88.2348,13,64,15,78
88.2504,13,64,15,78
88.2645,13,64,15,78
88.2835,14,64,15,78
88.2969,14,64,15,78
88.3112,14,64,15,78
88.3234,13,63,17,78
88.3390,13,63,17,78
88.3523,13,63,17,78
88.3692,13,63,15,79
88.3835,13,63,15,79
88.3996,13,63,15,79
88.4133,13,63,15,79
88.4276,13,63,15,79
88.4420,13,63,15,79
88.4584,14,64,15,78
88.4725,14,64,15,78
88.4902,14,64,15,78
88.5045,13,63,15,78
88.5226,13,63,15,78
88.5361,13,63,15,78
88.5494,14,64,15,80
88.5669,14,64,15,80
88.5828,14,64,17,79
88.5979,14,64,17,79
88.6116,14,64,17,79
88.6284,14,63,17,78
88.6486,14,63,17,78
88.6632,14,63,17,78
88.6792,14,64,15,81
88.6971,14,64,15,81
88.7123,14,64,15,81
88.7266,13,63,17,78
88.7451,13,63,17,78
88.7607,14,64,17,78
88.7769,14,64,17,78
88.7996,14,64,17,78
88.8185,13,63,17,78
88.8424,13,63,17,78
88.8636,14,64,17,79
88.8796,14,64,17,79
88.8988,13,64,17,79
88.9120,13,64,17,79
88.9321,14,64,15,78
88.9521,14,64,15,78
88.9665,14,64,15,78
88.9839,14,63,17,78
88.9977,14,63,17,78
89.0124,14,63,17,78
89.0255,13,63,17,78
89.0418,13,63,17,78
89.0546,13,63,17,78
89.0713,13,64,15,78
89.0852,13,64,15,78
89.1008,13,64,15,78
89.1150,14,64,15,78
89.1328,14,64,15,78
89.1462,14,64,15,78
89.1616,14,63,17,78
89.1750,14,63,17,78
89.1920,14,63,17,78
89.2062,13,63,17,78
89.2213,13,63,17,78
89.2352,13,63,17,78
89.2517,14,63,15,79
89.2650,14,63,15,79
89.2818,14,63,15,79
89.2962,13,63,17,79
89.3136,13,63,17,79
89.3273,13,63,17,79
89.3427,14,64,15,78
89.3563,14,64,15,78
89.3717,14,64,15,78
89.3858,13,64,15,78
89.4021,13,64,15,78
89.4161,13,64,15,78
89.4328,14,64,15,80
89.4463,14,64,15,80
89.4606,14,64,15,80
89.4730,14,63,15,79
89.4923,14,63,15,79
89.5051,14,63,15,79
89.5212,14,64,15,81
89.5360,14,64,15,81
89.5515,14,64,15,81
89.5656,13,63,17,80
89.5837,13,63,17,80
89.5982,13,63,17,80
89.6136,14,63,17,78
89.6274,14,63,17,78
89.6496,13,63,17,80
89.6658,13,63,17,80
89.6820,13,63,17,80
89.6995,14,63,15,78
89.7126,14,63,15,78
89.7276,14,63,15,78
89.7459,13,64,17,81
89.7597,13,64,17,81
89.7761,13,64,17,81
89.7913,33,78,84,169
89.8117,33,78,84,169
89.8255,33,78,88,175
89.8523,33,78,88,175
89.8787,33,78,89,177
89.8937,33,78,89,177
89.9115,34,79,89,175
89.9288,34,79,89,175
89.9435,34,79,89,175
89.9618,34,79,87,177
89.9801,34,79,87,177
89.9945,34,79,87,177
90.0115,34,79,89,175
90.0256,34,79,89,175
90.0407,34,79,89,175
90.0547,34,79,88,175
90.0713,34,79,88,175
90.0842,34,79,88,175
90.1016,33,78,88,175
90.1156,33,78,88,175
90.1330,34,78,88,175
90.1477,34,79,88,175
90.1616,34,79,88,175
90.1778,33,78,88,175
90.1927,33,78,88,175
90.2044,33,78,88,175
90.2217,33,78,88,175
90.2354,34,79,88,175
90.2513,34,79,88,175
90.2645,34,79,88,175
90.2828,33,78,88,175
90.2966,33,78,88,175
90.3114,34,78,88,175
90.3253,34,78,89,175
90.3405,34,78,89,175
90.3544,33,78,89,177
90.3712,33,78,89,177
90.3850,33,78,89,177
90.4004,34,79,89,175
90.4140,34,79,89,175
90.4315,34,79,89,175
90.4461,34,79,89,177
90.4608,34,79,89,177
90.4734,34,79,89,177
90.4912,33,78,86,177
90.5042,33,78,86,177
90.5215,33,78,86,177
90.5357,33,78,89,177
90.5513,33,78,89,177
90.5666,33,78,89,177
90.5824,34,79,88,175
90.5975,34,79,88,175
90.6124,34,79,88,175
90.6260,34,78,87,177
90.6437,34,78,87,177
90.6591,34,78,87,177
90.6737,34,79,89,177
90.6901,34,79,89,177
90.7110,34,79,89,177
90.7285,34,79,89,175
90.7477,34,79,89,175
90.7658,34,79,88,175
90.7823,34,79,88,175
90.8000,33,78,89,177
90.8194,33,78,89,177
90.8390,33,78,89,177
90.8622,34,78,88,175
90.8783,34,78,88,175
90.8929,33,79,87,175
90.9116,33,79,87,175
90.9262,33,79,87,175
90.9426,34,78,87,177
90.9596,34,78,87,177
90.9747,34,78,87,177
90.9894,34,79,89,175
91.0035,34,79,89,175
91.0161,34,79,89,175
91.0328,34,78,88,175
91.0464,34,78,88,175
91.0606,34,78,88,175
91.0745,34,79,86,175
91.0911,34,79,86,175
91.1057,34,79,86,175
91.1201,34,78,89,177
91.1324,34,78,89,177
91.1481,34,78,89,177
91.1626,33,79,87,175
91.1780,33,79,87,175
91.1935,33,79,87,175
91.2118,34,78,89,177
91.2256,34,78,89,177
91.2411,34,78,89,177
91.2546,34,78,89,177
91.2716,34,78,89,177
91.2852,34,78,89,177
91.3007,34,79,89,177
91.3124,34,79,89,177
91.3298,34,79,89,177
91.3445,34,79,89,177
91.3580,34,79,89,177
91.3718,34,79,89,177
91.3866,33,78,87,174
91.4025,33,78,87,174
91.4159,33,78,87,174
91.4331,34,78,89,175
91.4468,34,78,89,175
91.4615,34,78,89,175
91.4771,34,79,88,175
91.4945,34,79,88,175
91.5081,34,78,89,175
91.5227,34,78,89,177
91.5366,34,78,89,177
91.5520,34,78,89,177
91.5654,34,79,87,177
91.5828,34,79,87,177
91.5965,34,79,87,177
91.6126,33,78,87,177
91.6265,33,78,87,177
91.6458,34,79,87,177
91.6603,34,79,87,177
91.6781,34,79,87,177
91.6933,33,78,89,175
91.7091,33,78,89,175
91.7239,33,78,89,175
91.7428,34,79,87,174
91.7553,34,79,87,174
91.7716,34,79,87,174
91.7878,30,26,25,73
91.8033,30,26,25,73
91.8238,31,3,0,34
91.8392,31,3,0,34
91.8594,31,3,0,34
91.8790,30,4,1,34
91.8938,30,4,1,34
91.9127,30,3,1,34
91.9267,30,3,1,34
91.9447,30,3,1,34
91.9612,31,3,1,33
91.9754,31,3,1,33
91.9886,31,3,1,33
92.0026,31,3,0,34
92.0174,31,3,0,34
92.0328,31,3,0,34
92.0482,31,3,1,33
92.0624,31,3,1,33
92.0746,31,3,1,33
92.0917,31,3,0,34
92.1048,31,3,0,34
92.1218,31,3,0,34
92.1362,31,4,1,33
92.1516,31,4,1,33
92.1659,31,4,1,33
92.1820,31,4,1,34
92.1944,31,4,1,34
92.2117,31,4,1,34
92.2248,31,3,0,34
92.2418,31,3,0,34
92.2548,31,3,0,34
92.2714,31,4,0,34
92.2859,31,4,0,34
92.3016,31,4,0,34
92.3138,31,3,0,34
92.3315,31,3,0,34
92.3448,31,3,0,34
92.3615,31,3,0,34
92.3760,31,3,0,34
92.3919,31,3,0,34
92.4057,31,3,0,34
92.4210,31,3,0,34
92.4358,31,3,0,34
92.4514,31,3,0,34
92.4646,31,3,0,34
92.4825,31,3,0,34
92.4982,31,3,0,34
92.5132,31,3,0,34
92.5268,31,3,0,34
92.5435,31,3,0,34
92.5571,31,3,0,34
92.5817,30,3,1,34
92.5980,30,3,1,34
92.6118,31,3,1,34
92.6321,31,4,1,34
92.6470,31,4,1,34
92.6615,31,3,1,34
92.6761,31,3,0,34
92.6950,31,3,0,34
92.7096,31,3,0,34
92.7260,31,3,0,34
92.7419,31,3,0,34
92.7581,31,3,0,34
92.7734,31,3,0,34
92.7911,31,3,0,34
92.8071,31,3,0,34
92.8266,31,3,0,34
92.8483,31,3,0,34
92.8711,31,3,0,34
92.8895,31,3,0,34
92.9036,31,3,0,34
92.9211,31,3,0,34
92.9377,31,4,1,33
92.9524,31,4,1,33
92.9663,31,4,1,33
92.9823,31,4,1,34
92.9975,31,4,1,34
93.0127,31,4,1,34
93.0264,31,3,0,34
93.0435,31,3,0,34
93.0566,31,3,0,34
93.0712,31,4,0,34
93.0865,31,4,0,34
93.1009,31,4,0,34
93.1150,31,3,0,34
93.1328,31,3,0,34
93.1465,31,3,0,34
93.1615,31,3,0,34
93.1752,31,3,0,34
93.1924,31,3,0,34
93.2055,31,3,0,34
93.2204,31,3,0,34
93.2355,31,3,0,34
93.2511,31,3,0,34
93.2642,31,3,0,34
93.2836,31,3,1,33
93.2974,31,3,1,33
93.3116,31,3,1,33
93.3248,31,3,1,33
93.3407,30,4,1,33
93.3563,30,4,1,33
93.3713,30,4,1,33
93.3872,30,3,1,34
93.4016,30,3,1,34
93.4163,31,3,1,34
93.4328,31,3,1,34
93.4462,31,3,1,34
93.4601,31,3,1,33
93.4756,31,3,1,33
93.4933,31,3,1,33
93.5074,30,4,1,33
93.5214,30,4,1,33
93.5357,30,4,1,33
93.5510,31,4,0,34
93.5652,31,4,0,34
93.5820,31,4,0,34
93.5958,31,3,1,33
93.6134,31,3,1,33
93.6260,31,3,1,33
93.6457,30,4,1,33
93.6628,30,4,1,33
93.6781,30,4,1,33
93.6989,31,4,0,34
93.7135,31,4,0,34
93.7344,30,3,1,34
93.7497,30,3,1,34
93.7694,30,3,1,34
93.7840,19,30,8,49
93.8035,19,30,8,49
93.8196,0,64,17,68
93.8477,0,64,17,68
93.8696,0,64,15,68
93.8917,0,64,15,68
93.9064,1,63,17,68
93.9222,1,63,17,68
93.9395,1,63,17,68
93.9575,0,64,15,68
93.9698,0,64,15,68
93.9842,0,64,15,68
93.9973,1,63,17,68
94.0115,1,63,17,68
94.0254,1,63,17,68
94.0416,1,64,15,68
94.0547,1,64,15,68
94.0705,1,64,15,68
94.0877,0,64,15,69
94.1015,0,64,15,69
94.1152,0,64,15,69
94.1301,1,63,15,68
94.1458,1,63,15,68
94.1616,1,63,15,68
94.1746,0,64,15,69
94.1900,0,64,15,69
94.2042,0,64,15,69
94.2215,1,63,15,68
94.2355,1,63,15,68
94.2502,1,63,15,68
94.2665,1,63,15,68
94.2830,1,63,15,68
94.2965,1,63,15,68
94.3117,1,63,17,68
94.3239,1,63,17,68
94.3416,1,63,17,68
94.3556,1,63,15,69
94.3708,1,63,15,69
94.3848,1,63,15,69
94.4013,0,64,15,68
94.4164,0,64,15,68
94.4320,0,64,15,68
94.4463,0,64,15,68
94.4615,0,64,15,68
94.4755,1,63,15,69
94.4961,1,63,15,69
94.5127,1,63,15,69
94.5274,1,63,17,69
94.5424,1,63,17,69
94.5609,1,63,17,69
94.5742,0,64,15,69
94.5912,0,64,15,69
94.6050,0,64,15,69
94.6199,0,64,17,68
94.6346,0,64,17,68
94.6515,0,64,17,68
94.6650,1,63,17,68
94.6847,1,63,17,68
94.7013,0,64,15,69
94.7175,0,64,15,69
94.7367,0,64,15,69
94.7527,0,64,15,69
94.7694,0,64,15,69
94.7845,0,64,15,69
94.7980,0,64,15,69
94.8161,0,64,15,69
94.8427,0,64,15,69
94.8611,0,64,15,69
94.8805,0,64,15,69
94.8983,0,64,15,69
94.9174,0,64,15,69
94.9319,1,63,15,68
94.9503,1,63,15,68
94.9684,1,63,15,68
94.9835,1,63,15,68
95.0010,1,63,15,68
95.0149,0,64,15,69
95.0330,0,64,15,69
95.0463,0,64,15,69
95.0614,0,64,15,69
95.0758,0,64,15,69
95.0933,0,64,15,69
95.1083,0,64,17,68
95.1225,0,64,17,68
95.1360,0,64,17,68
95.1514,1,63,17,68
95.1661,1,63,17,68
95.1821,1,63,17,68
95.1957,0,64,15,69
95.2113,0,64,15,69
95.2245,0,64,15,69
95.2407,0,64,17,68
95.2545,0,64,17,68
95.2733,0,64,17,68
95.2871,0,64,15,69
95.3013,0,64,15,69
95.3155,0,64,15,69
95.3328,1,64,15,68
95.3469,1,64,15,68
95.3627,1,64,15,68
95.3760,1,63,17,68
95.3931,1,63,17,68
95.4067,1,63,17,68
95.4208,0,64,15,69
95.4355,0,64,15,69
95.4513,0,64,15,69
95.4644,1,63,15,68
95.4824,1,63,15,68
95.4946,1,63,15,68
95.5110,1,63,17,68
95.5257,1,63,17,68
95.5424,1,63,17,68
95.5590,0,64,15,68
95.5799,0,64,15,68
95.6005,1,63,15,68
95.6146,1,63,15,68
95.6320,1,63,15,68
95.6471,0,64,15,69
95.6683,0,64,15,69
95.6842,0,64,15,68
95.7017,0,64,15,68
95.7152,0,64,15,68
95.7411,1,63,17,68
95.7601,1,63,17,68
95.7753,1,50,32,71
95.7907,1,50,32,71
95.8075,1,16,76,84
95.8262,1,16,76,84
95.8423,1,16,76,84
95.8644,1,16,76,83
95.8818,1,16,76,83
95.8975,1,16,76,83
95.9124,1,15,75,84
95.9332,1,15,75,84
95.9514,1,15,75,84
95.9668,1,15,75,84
95.9821,1,15,75,84
95.9961,1,15,75,84
96.0110,1,15,75,84
96.0241,1,15,75,84
96.0405,0,16,76,85
96.0550,0,16,76,85
96.0684,0,16,76,85
96.0836,0,16,76,83
96.0974,0,16,76,83
96.1131,0,16,76,83
96.1260,0,16,76,83
96.1412,0,16,76,83
96.1548,0,16,76,83
96.1698,1,15,75,86
96.1837,1,15,75,86
96.2011,1,15,75,86
96.2148,0,16,76,83
96.2320,0,16,76,83
96.2446,0,16,76,83
96.2611,1,16,76,84
96.2746,1,16,76,84
96.2898,1,16,76,84
96.3070,1,15,76,85
96.3210,1,15,76,85
96.3347,1,15,76,85
96.3511,1,15,75,84
96.3657,1,15,75,84
96.3820,1,15,75,84
96.3960,1,15,75,83
96.4107,1,15,75,83
96.4252,1,15,75,83
96.4408,0,16,76,85
96.4545,0,16,76,85
96.4701,0,16,76,85
96.4850,0,16,76,83
96.5020,0,16,76,83
96.5157,0,16,76,83
96.5327,1,15,75,83
96.5468,1,15,75,83
96.5610,1,15,75,83
96.5756,0,16,76,85
96.5896,0,16,76,85
96.6036,0,16,76,85
96.6217,0,16,76,84
96.6360,0,16,76,84
96.6512,0,16,76,84
96.6670,0,16,75,83
96.6822,0,16,75,83
96.6995,1,16,76,83
96.7158,1,16,76,83
96.7354,1,16,76,83
96.7507,0,16,76,83
96.7689,0,16,76,83
96.7855,1,15,76,83
96.8012,1,15,75,85
96.8206,1,15,75,85
96.8404,1,16,76,84
96.8637,1,16,76,84
96.8791,1,15,75,83
96.9008,1,15,75,83
96.9178,1,15,75,83
96.9336,0,16,76,83
96.9515,0,16,76,83
96.9666,0,16,76,83
96.9831,0,16,76,83
96.9965,0,16,76,83
97.0108,1,15,75,84
97.0254,1,15,75,84
97.0415,1,15,75,84
97.0552,1,15,75,83
97.0698,1,15,75,83
97.0851,1,15,75,83
97.1014,0,16,76,83
97.1152,0,16,76,83
97.1319,0,16,76,83
97.1474,1,16,76,84
97.1614,1,16,76,84
97.1748,1,16,76,84
97.1916,1,15,75,83
97.2056,1,15,75,83
97.2213,1,15,75,83
97.2357,0,16,76,85
97.2498,0,16,76,85
97.2651,0,16,76,85
97.2828,0,16,76,84
97.2967,0,16,76,84
97.3105,0,16,76,84
97.3249,0,16,75,83
97.3412,0,16,75,83
97.3562,0,16,75,83
97.3696,1,16,76,83
97.3850,1,16,76,83
97.4010,1,16,76,83
97.4144,0,16,76,83
97.4323,0,16,76,83
97.4465,0,16,76,83
97.4610,1,15,75,85
97.4745,1,15,75,85
97.4930,1,15,75,85
97.5064,1,16,76,84
97.5210,1,16,76,84
97.5347,1,16,76,84
97.5497,1,16,76,83
97.5651,1,16,76,83
97.5829,1,16,76,83
97.5961,0,16,76,86
97.6118,0,16,76,86
97.6259,0,16,76,86
97.6413,0,16,75,84
97.6574,0,16,75,84
97.6713,0,16,75,84
97.6887,0,16,75,84
97.7029,0,16,75,84
97.7185,1,16,76,84
97.7373,1,16,76,84
97.7511,1,16,76,84
97.7692,1,15,76,83
97.7833,1,15,76,83
97.7981,1,15,76,83
97.8197,34,46,12,78
97.8410,34,46,12,78
97.8568,33,45,12,79
97.8755,33,45,12,79
97.8870,33,45,12,79
97.9022,33,45,11,78
97.9219,33,45,11,78
97.9399,33,45,11,79
97.9587,33,45,11,79
97.9720,33,45,11,79
97.9905,33,45,12,79
98.0043,33,45,12,79
98.0216,33,45,12,79
98.0368,33,45,12,79
98.0519,33,45,12,79
98.0641,33,45,12,79
98.0828,34,45,11,78
98.0958,34,45,11,78
98.1122,34,45,11,78
98.1261,34,45,11,79
98.1393,34,45,11,79
98.1545,34,45,11,79
98.1678,33,46,12,79
98.1829,33,46,12,79
98.1997,33,46,12,79
98.2180,33,45,11,78
98.2327,33,45,11,78
98.2506,33,46,12,79
98.2653,33,46,12,79
98.2828,33,46,12,79
98.2965,33,46,12,79
98.3119,33,46,12,79
98.3254,33,46,12,79
98.3440,34,45,12,78
98.3598,34,45,12,78
98.3758,34,45,12,78
98.3903,33,45,11,79
98.4045,33,45,11,79
98.4178,33,45,11,79
98.4318,34,45,11,78
98.4477,34,45,11,78
98.4625,34,45,11,78
98.4769,34,45,12,78
98.4982,34,45,12,78
98.5113,34,45,12,78
98.5255,30,46,11,78
98.5389,30,46,11,78
98.5519,30,46,11,78
98.5731,34,45,12,78
98.5862,34,45,12,78
98.6010,34,45,12,78
98.6143,34,46,12,79
98.6344,34,46,12,79
98.6521,33,45,11,79
98.6667,33,45,11,79
98.6820,33,45,11,79
98.7005,34,45,12,78
98.7152,34,45,12,78
98.7348,34,45,12,78
98.7504,33,46,12,79
98.7702,33,46,12,79
98.7887,34,45,11,78
98.8046,34,45,11,78
98.8201,34,45,11,78
98.8431,33,45,12,79
98.8600,33,45,12,79
98.8797,34,45,11,78
98.9007,34,45,11,78
98.9168,34,45,11,79
98.9337,34,45,11,79
98.9526,34,45,11,79
98.9708,34,46,12,79
98.9846,34,46,12,79
99.0004,34,46,12,79
99.0147,33,46,12,79
99.0286,33,46,12,79
99.0421,33,46,12,79
99.0559,33,46,11,78
99.0727,33,46,11,78
99.0885,33,46,11,78
99.1036,33,46,12,79
99.1182,33,46,12,79
99.1337,33,46,12,79
99.1475,33,45,12,78
99.1633,33,45,12,78
99.1769,33,45,12,78
99.1926,33,46,11,79
99.2075,33,46,11,79
99.2218,33,46,11,79
99.2361,34,45,12,78
99.2496,34,45,12,78
99.2632,34,45,12,78
99.2828,34,46,12,79
99.2960,34,46,12,79
99.3114,34,46,12,79
99.3258,33,45,11,78
99.3421,33,45,11,78
99.3568,33,45,11,78
99.3713,33,45,11,78
99.3851,33,45,11,78
99.4008,33,45,11,78
99.4143,34,46,12,79
99.4296,34,46,12,79
99.4443,30,46,12,79
99.4607,30,46,12,78
99.4742,30,46,12,78
99.4925,34,46,12,79
99.5056,34,46,12,79
99.5207,34,46,12,79
99.5346,33,46,12,79
99.5497,33,46,12,79
99.5651,33,46,12,79
99.5829,33,45,11,79
99.5957,33,45,11,79
99.6095,33,45,11,79
99.6258,34,45,11,78
99.6506,34,45,11,78
99.6627,34,45,11,78
99.6823,34,46,11,78
99.6993,34,46,11,78
99.7143,33,45,11,79
99.7307,33,45,11,79
99.7508,33,45,11,79
99.7681,33,46,12,78
99.7820,33,46,12,78
99.8013,30,31,7,60
99.8190,30,31,7,60
99.8389,30,31,7,60
99.8628,30,21,6,54
99.8776,30,21,6,54
99.8964,31,21,4,50
99.9127,31,21,4,50
99.9315,31,21,4,50
99.9478,31,20,6,50
99.9652,31,20,6,50
99.9826,30,21,4,50
99.9996,30,21,4,50
100.0124,30,21,4,50
100.0277,30,21,6,51
100.0427,30,21,6,51
100.0597,30,21,6,51
100.0730,31,20,6,53
100.0865,31,20,6,53
100.1020,31,20,6,53
100.1151,30,21,4,50
100.1297,30,21,4,50
100.1462,30,21,4,50
100.1610,31,21,4,50
100.1751,31,21,4,50
100.1913,31,21,4,50
100.2051,30,21,4,50
100.2210,30,21,4,50
100.2341,30,21,4,50
100.2497,30,21,6,51
100.2648,30,21,6,51
100.2837,30,21,6,51
100.2974,30,21,6,54
100.3137,30,21,6,54
100.3284,30,21,6,54
100.3426,30,20,6,54
100.3558,30,20,6,54
100.3727,30,20,6,54
100.3884,30,21,4,50
100.4033,30,21,4,50
100.4172,30,21,4,50
100.4321,31,21,4,50
100.4471,31,21,4,50
100.4608,31,21,4,50
100.4744,30,21,4,53
100.4928,30,21,4,53
100.5074,30,21,4,53
100.5223,30,20,6,51
100.5364,30,20,6,51
100.5496,30,20,6,51
100.5657,31,20,6,51
100.5828,31,20,6,51
100.5962,31,20,6,51
100.6115,30,21,4,53
100.6240,30,21,4,53
100.6407,30,21,4,53
100.6547,31,21,4,53
100.6683,31,21,4,53
100.6854,31,21,4,53
100.7086,31,20,4,50
100.7231,31,20,4,50
100.7459,31,20,6,50
100.7622,31,20,6,50
100.7772,30,20,6,54
100.7935,30,20,6,54
100.8126,30,20,6,54
100.8282,30,21,4,50
100.8510,30,21,4,50
100.8711,31,21,4,50
100.8854,31,21,4,50
100.9033,31,21,4,50
100.9181,30,21,4,53
100.9355,30,21,4,53
100.9518,30,21,4,53
100.9669,30,20,6,54
100.9818,30,20,6,54
100.9999,30,21,6,51
101.0153,30,21,6,51
101.0315,30,21,6,51
101.0453,31,20,6,51
101.0612,31,20,6,51
101.0752,31,20,6,51
101.0891,31,21,4,50
101.1040,31,21,4,50
101.1177,31,21,4,50
101.1379,31,20,4,50
101.1516,31,20,4,50
101.1681,31,20,4,50
101.1827,31,21,4,50
101.2012,31,21,4,50
101.2153,31,21,4,50
101.2328,30,20,6,50
101.2475,30,20,6,50
101.2627,30,20,6,50
101.2775,31,21,4,50
101.2927,31,21,4,50
101.3071,31,21,4,50
101.3204,30,21,4,53
101.3366,30,21,4,53
101.3526,30,21,4,53
101.3662,31,21,4,53
101.3841,31,21,4,53
101.3989,31,21,4,50
101.4126,31,21,4,50
101.4263,31,21,4,50
101.4419,30,21,6,51
101.4574,30,21,6,51
101.4709,30,21,6,51
101.4842,30,21,6,51
101.5007,31,21,4,53
101.5149,31,21,4,53
101.5286,31,20,4,53
101.5463,31,20,4,53
101.5597,31,20,4,53
101.5782,30,20,6,54
101.5977,30,20,6,54
101.6110,30,20,6,54
101.6280,31,21,4,50
101.6442,31,21,4,50
101.6608,31,21,4,50
101.6751,30,21,4,53
101.6950,30,21,4,53
101.7111,30,20,6,54
101.7258,30,20,6,54
101.7502,30,20,6,54
101.7650,31,21,4,50
101.7842,31,21,4,50
101.7986,20,46,40,93
101.8157,20,46,40,93
101.8339,20,46,40,93
101.8567,4,76,91,148
101.8788,4,76,91,148
101.8977,3,75,92,149
101.9157,3,75,92,149
101.9329,3,78,91,149
101.9497,3,78,91,149
101.9669,3,78,91,149
101.9814,3,75,92,149
101.9975,3,75,92,149
102.0108,3,75,92,149
102.0276,4,76,91,148
102.0408,4,76,91,148
102.0577,4,76,91,148
102.0726,3,75,92,148
102.0880,3,75,92,148
102.1019,3,75,92,148
102.1190,4,79,92,149
102.1344,4,79,92,149
102.1479,4,79,92,149
102.1617,3,75,91,148
102.1747,3,75,91,148
102.1911,3,75,91,148
102.2031,4,76,92,148
102.2207,4,76,92,148
102.2355,4,76,92,148
102.2497,3,75,91,148
102.2654,3,75,91,148
102.2814,3,75,91,148
102.2944,4,76,92,149
102.3118,4,76,92,149
102.3258,4,76,92,149
102.3393,3,76,91,149
102.3554,3,76,91,149
102.3710,4,76,92,149
102.3902,4,76,92,149
102.4078,4,76,92,149
102.4227,3,76,91,149
102.4384,3,76,91,149
102.4506,3,76,91,149
102.4676,4,76,92,149
102.4844,4,76,92,149
102.4996,4,76,92,149
102.5139,3,79,92,148
102.5328,3,79,92,148
102.5464,3,79,92,148
102.5604,3,75,92,149
102.5747,3,75,92,149
102.5912,3,75,92,149
102.6041,4,75,92,149
102.6204,4,75,92,149
102.6345,4,75,92,149
102.6537,4,75,92,148
102.6676,4,75,92,148
102.6860,3,75,91,148
102.7008,3,75,91,148
102.7163,3,75,91,148
102.7321,4,75,92,148
102.7506,4,75,92,148
102.7712,3,75,92,149
102.7882,3,75,92,149
102.8070,3,75,92,149
102.8287,4,76,91,148
102.8529,4,76,91,148
102.8716,4,76,92,149
102.8884,4,76,92,149
102.9030,4,76,92,149
102.9203,4,76,91,148
102.9365,4,76,91,148
102.9524,3,75,92,148
102.9675,3,75,92,148
102.9820,3,75,92,148
102.9984,3,76,92,148
103.0122,3,76,92,148
103.0297,3,76,92,148
103.0449,4,76,92,148
103.0584,4,76,92,148
103.0721,4,76,92,148
103.0863,3,75,92,148
103.1012,3,75,92,148
103.1171,3,75,92,148
103.1328,4,76,91,148
103.1470,4,76,91,148
103.1611,4,76,91,148
103.1745,3,76,92,148
103.1908,3,76,92,148
103.2046,3,76,92,148
103.2194,4,76,91,149
103.2346,4,76,91,149
103.2508,4,76,91,149
103.2644,4,76,92,149
103.2793,4,76,92,149
103.2946,4,76,92,149
103.3109,4,78,92,148
103.3246,4,78,92,148
103.3397,4,78,92,148
103.3535,4,76,91,148
103.3722,4,76,91,148
103.3856,4,76,91,148
103.3995,3,75,92,148
103.4136,3,75,92,148
103.4314,3,75,92,148
103.4476,3,76,92,149
103.4611,3,76,92,149
103.4760,3,76,92,149
103.4956,3,76,91,148
103.5107,3,76,91,148
103.5272,3,76,91,148
103.5396,4,76,92,148
103.5536,4,76,92,148
103.5673,4,76,92,148
103.5821,3,75,92,149
103.5978,3,75,92,149
103.6138,3,75,92,149
103.6270,4,75,92,149
103.6439,4,75,92,149
103.6571,4,75,92,149
103.6711,3,75,92,149
103.6856,3,75,92,149
103.7014,3,75,92,149
103.7167,4,79,92,148
103.7374,4,79,92,148
103.7511,4,76,91,148
103.7674,4,76,91,148
103.7904,4,76,91,148
103.8053,9,68,88,144
103.8205,9,68,88,144
103.8430,34,18,76,114
103.8595,34,18,76,114
103.8826,34,18,76,114
103.8944,34,19,76,113
103.9117,34,19,76,113
103.9266,33,18,75,114
103.9415,33,18,75,114
103.9545,33,18,75,114
103.9707,33,19,76,114
103.9851,33,19,76,114
104.0012,33,19,76,114
104.0184,33,19,75,113
104.0338,33,19,75,113
104.0475,33,19,75,113
104.0629,33,18,76,114
104.0775,33,18,76,114
104.0928,33,18,76,114
104.1063,34,18,75,114
104.1217,34,18,75,114
104.1355,34,18,75,114
104.1486,33,18,75,113
104.1637,33,18,75,113
104.1765,33,18,75,113
104.1927,33,19,75,114
104.2078,33,19,75,114
104.2214,33,19,75,114
104.2355,33,19,75,114
104.2494,34,19,75,114
104.2634,34,19,75,114
104.2815,34,19,76,114
104.2947,34,19,76,114
104.3113,34,19,76,114
104.3253,34,18,76,114
104.3406,34,18,76,114
104.3553,34,18,76,114
104.3699,33,18,76,114
104.3851,33,18,76,114
104.4005,33,18,76,114
104.4137,33,19,76,114
104.4300,33,19,76,114
104.4460,33,19,76,114
104.4609,33,18,75,113
104.4745,33,18,75,113
104.4907,33,18,75,113
104.5060,34,18,76,113
104.5205,34,18,76,113
104.5347,34,18,76,113
104.5499,33,19,76,114
104.5647,33,19,76,114
104.5828,33,19,76,114
104.5958,33,18,76,114
104.6100,33,18,76,114
104.6222,33,18,76,114
104.6391,33,19,75,114
104.6526,33,19,75,114
104.6705,33,19,75,114
104.6860,34,19,75,114
104.7027,34,19,75,114
104.7185,34,19,75,114
104.7358,34,19,76,114
104.7511,34,19,76,114
104.7671,34,18,76,114
104.7856,34,18,76,114
104.8005,34,18,76,114
104.8158,33,18,76,114
104.8401,33,18,76,114
104.8638,33,19,75,113
104.8831,33,19,75,113
104.9001,34,18,75,113
104.9154,34,18,75,114
104.9343,34,18,75,114
104.9516,33,18,75,113
104.9679,33,18,75,113
104.9831,33,18,75,113
105.0006,34,19,75,114
105.0141,34,19,75,114
105.0328,34,19,75,114
105.0466,34,18,75,114
105.0604,34,18,75,114
105.0743,34,18,75,114
105.0908,34,18,75,113
105.1055,34,18,75,113
105.1211,34,18,75,113
105.1358,34,18,76,114
105.1520,34,18,76,114
105.1652,34,18,76,114
105.1796,33,18,76,114
105.1965,33,18,76,114
105.2107,33,18,76,114
105.2247,33,19,75,113
105.2394,33,19,75,113
105.2541,33,18,76,113
105.2714,33,18,76,113
105.2851,33,18,76,113
105.3010,34,18,76,114
105.3156,34,18,76,114
105.3316,34,18,76,114
105.3453,33,18,76,113
105.3593,33,18,76,113
105.3741,33,18,76,113
105.3906,34,19,75,114
105.4038,34,19,75,114
105.4194,34,19,75,114
105.4329,34,19,75,114
105.4519,34,19,75,114
105.4650,34,19,75,114
105.4839,34,19,75,114
105.4998,34,19,75,114
105.5148,34,19,75,114
105.5287,34,19,75,114
105.5438,34,19,75,114
105.5561,34,19,75,114
105.5770,34,18,75,114
105.5914,34,18,75,114
105.6091,34,18,75,114
105.6223,33,19,76,114
105.6390,33,19,76,114
105.6541,33,19,75,114
105.6706,33,19,75,113
105.6880,33,19,75,113
105.7050,33,18,76,114
105.7204,33,18,76,114
105.7382,33,18,76,114
105.7579,33,19,76,114
105.7737,33,19,76,114
105.7895,33,18,76,114
105.8054,33,18,76,114
105.8209,33,18,76,114
105.8398,18,16,76,98
105.8585,18,16,76,98
105.8814,18,16,76,98
105.8947,18,16,76,98
105.9102,18,16,76,98
105.9268,18,16,75,102
105.9427,18,16,75,102
105.9572,18,16,75,102
105.9711,19,15,75,102
105.9845,19,15,75,102
106.0007,19,15,75,102
106.0146,19,15,75,98
106.0336,19,15,75,98
106.0461,19,15,75,98
106.0607,19,15,75,99
106.0756,19,15,75,99
106.0917,19,15,75,99
106.1061,15,15,75,99
106.1212,15,15,75,99
106.1347,15,15,75,99
106.1493,18,15,75,99
106.1632,18,15,75,99
106.1817,18,15,75,99
106.1946,18,15,75,99
106.2100,18,15,75,99
106.2245,18,15,75,99
106.2406,18,16,75,100
106.2541,18,16,75,100
106.2695,18,16,75,100
106.2835,15,15,75,98
106.3005,15,15,75,98
106.3144,15,15,75,98
106.3336,19,15,76,98
106.3478,19,15,76,98
106.3630,19,15,76,98
106.3766,19,15,75,100
106.3906,19,15,75,100
106.4071,19,15,75,100
106.4211,18,16,76,98
106.4360,18,16,76,98
106.4506,18,16,76,98
106.4645,18,16,76,98
106.4858,18,16,76,98
106.4992,15,16,76,99
106.5186,15,16,76,99
106.5330,15,16,76,99
106.5465,18,16,76,98
106.5615,18,16,76,98
106.5751,18,16,76,98
106.5897,18,16,76,98
106.6045,18,16,76,98
106.6217,18,16,76,98
106.6358,19,15,75,102
106.6515,19,15,75,102
106.6695,19,15,75,102
106.6885,19,15,75,98
106.7029,19,15,75,98
106.7206,19,15,75,98
106.7361,19,15,75,98
106.7528,19,15,75,98
106.7654,19,15,75,98
106.7831,19,15,75,98
106.7977,19,15,75,98
106.8130,19,15,75,98
106.8275,19,15,75,98
106.8555,19,15,75,98
106.8737,19,15,75,98
106.8880,19,15,75,98
106.9054,19,15,75,98
106.9214,19,15,75,98
106.9375,19,15,75,98
106.9517,19,15,75,98
106.9688,19,15,75,98
106.9831,19,15,75,98
106.9991,19,15,75,98
107.0125,19,15,75,98
107.0308,19,15,75,98
107.0465,19,15,75,98
107.0606,19,15,75,98
107.0738,19,15,75,99
107.0901,19,15,75,99
107.1037,19,15,75,99
107.1213,19,15,75,99
107.1349,19,15,75,99
107.1498,19,15,75,99
107.1637,19,16,76,99
107.1828,19,16,76,99
107.1973,19,16,76,99
107.2127,19,15,76,100
107.2263,19,15,76,100
107.2405,19,15,76,100
107.2535,19,15,76,98
107.2717,19,15,76,98
107.2860,19,15,76,98
107.3004,18,16,75,98
107.3147,18,16,75,98
107.3316,18,16,75,98
107.3469,18,16,76,99
107.3604,18,16,76,99
107.3747,18,16,76,99
107.3897,18,15,75,99
107.4022,18,15,75,99
107.4182,18,15,75,99
107.4327,19,15,75,102
107.4518,19,15,75,102
107.4643,19,15,75,102
107.4824,18,16,75,102
107.4994,18,16,75,102
107.5158,18,16,75,102
107.5334,18,16,75,98
107.5485,18,16,75,98
107.5617,19,16,76,102
107.5784,19,16,76,102
107.5953,19,16,76,102
107.6106,18,16,76,98
107.6242,18,16,76,98
107.6410,18,16,76,98
107.6560,18,16,76,98
107.6706,18,16,76,98
107.6848,18,16,76,98
107.6996,18,16,75,99
107.7167,18,16,75,99
107.7332,18,16,75,99
107.7518,19,15,75,102
107.7671,19,15,75,102
107.7844,18,16,76,102
107.8042,18,16,76,102
107.8230,16,54,29,84
107.8473,16,54,29,84
107.8669,16,54,29,84
107.8818,13,64,15,80
107.9009,13,64,15,80
107.9181,14,63,15,78
107.9334,14,63,15,78
107.9501,14,63,15,78
107.9664,14,64,17,81
107.9827,14,64,17,81
107.9965,14,64,17,81
108.0103,13,63,15,78
108.0251,13,63,15,78
108.0414,13,63,15,78
108.0551,13,63,17,80
108.0703,13,63,17,80
108.0840,13,63,17,80
108.1018,14,64,15,81
108.1152,14,64,15,81
108.1292,14,64,15,81
108.1465,14,63,15,78
108.1604,14,63,15,78
108.1736,14,63,15,78
108.1895,13,64,15,80
108.2036,13,64,15,80
108.2204,13,64,15,80
108.2336,14,63,17,78
108.2493,14,63,17,78
108.2636,14,63,17,78
108.2828,14,64,15,80
108.2961,14,64,15,80
108.3123,14,64,15,80
108.3240,13,64,17,78
108.3411,13,64,17,78
108.3547,13,64,17,78
108.3693,14,63,17,78
108.3831,14,63,17,78
108.4018,14,63,17,78
108.4151,14,64,15,80
108.4292,14,64,15,80
108.4451,14,64,15,80
108.4610,13,63,17,78
108.4745,13,63,17,78
108.4924,13,63,17,78
108.5066,13,63,15,79
108.5216,13,63,15,79
108.5348,13,63,15,79
108.5494,13,63,15,80
108.5646,13,63,15,80
108.5827,13,63,15,81
108.5964,13,63,15,81
108.6104,13,63,15,81
108.6241,14,63,17,80
108.6413,14,63,17,80
108.6552,14,63,17,80
108.6704,13,64,15,80
108.6847,13,64,15,80
108.7019,13,64,15,80
108.7162,14,63,17,78
108.7323,14,63,17,78
108.7497,14,63,17,78
108.7658,13,63,15,81
108.7823,13,63,15,81
108.8006,13,63,15,81
108.8188,14,64,15,79
108.8478,13,64,15,80
108.8679,13,64,15,80
108.8833,13,64,15,80
108.8984,14,64,17,78
108.9167,14,64,17,78
108.9335,14,64,17,78
108.9512,13,63,17,78
108.9647,13,63,17,78
108.9836,13,64,15,78
108.9975,13,64,15,78
109.0111,13,64,15,78
109.0255,13,63,15,78
109.0410,13,63,15,78
109.0556,13,63,15,78
109.0704,14,64,17,81
109.0843,14,64,17,81
109.0992,14,64,17,81
109.1139,14,64,17,79
109.1314,14,64,17,79
109.1452,14,64,17,79
109.1607,13,63,15,80
109.1754,13,63,15,80
109.1904,13,63,15,80
109.2040,14,64,17,81
109.2207,14,64,17,81
109.2345,14,64,17,81
109.2508,14,64,17,79
109.2627,14,64,17,79
109.2820,14,64,17,79
109.2942,14,63,17,80
109.3110,14,63,17,80
109.3257,14,63,17,80
109.3404,13,64,15,80
109.3555,13,64,15,80
109.3710,13,64,15,80
109.3842,13,64,15,78
109.4011,13,64,15,78
109.4164,13,64,15,78
109.4335,13,63,15,78
109.4467,13,63,15,78
109.4603,13,63,15,78
109.4743,14,63,17,78
109.4908,14,63,17,78
109.5040,14,63,17,78
109.5203,13,64,15,79
109.5352,13,64,15,79
109.5518,13,64,15,79
109.5649,13,63,15,79
109.5837,13,63,15,79
109.5976,13,63,15,79
109.6115,13,63,15,79
109.6250,13,63,15,79
109.6434,13,63,15,79
109.6583,14,64,17,81
109.6738,14,64,17,81
109.6911,13,64,15,78
109.7084,13,64,15,78
109.7276,13,64,15,78
109.7477,13,64,15,81
109.7652,13,64,15,81
109.7841,14,64,17,80
109.7995,14,64,17,80
109.8141,14,64,17,80
109.8420,23,70,53,132
109.8627,23,70,53,132
109.8772,33,79,89,177
109.8957,33,79,89,177
109.9130,34,79,87,175
109.9273,34,79,87,175
109.9415,34,79,87,175
109.9585,34,78,89,175
109.9722,34,78,89,175
109.9882,34,78,89,175
110.0033,34,78,87,177
110.0170,34,78,87,177
110.0336,34,78,87,177
110.0483,33,78,88,175
110.0605,33,78,88,175
110.0744,33,78,88,175
110.0898,33,78,88,175
110.1046,33,78,88,175
110.1203,33,78,88,175
110.1332,33,79,89,177
110.1507,33,79,89,177
110.1645,33,79,89,177
110.1815,34,78,87,177
110.1955,34,78,87,177
110.2112,34,78,87,177
110.2253,34,78,87,177
110.2403,34,78,87,177
110.2534,34,78,87,177
110.2697,33,78,88,175
110.2834,33,78,88,175
110.2968,33,78,88,175
110.3121,34,78,88,175
110.3255,34,78,88,175
110.3413,34,78,88,175
110.3581,33,79,88,175
110.3733,33,79,88,175
110.3878,33,79,88,175
110.4019,33,78,87,175
110.4185,33,78,87,175
110.4328,33,78,87,175
110.4478,33,79,87,175
110.4631,33,79,87,175
110.4793,33,79,87,175
110.4995,34,78,87,177
110.5147,34,78,87,177
110.5285,34,78,87,177
110.5455,33,78,88,175
110.5590,33,78,88,175
110.5768,34,78,88,175
110.5915,34,78,88,175
110.6094,34,78,88,175
110.6229,34,78,87,177
110.6405,34,78,87,177
110.6557,34,78,87,177
110.6728,34,78,87,174
110.6937,34,78,87,174
110.7089,34,78,87,174
110.7239,33,78,88,177
110.7422,33,78,88,177
110.7577,34,79,89,177
110.7717,34,79,89,177
110.7846,34,79,89,177
110.7996,34,79,89,177
110.8132,34,79,89,177
110.8412,34,78,87,177
110.8656,34,78,87,177
110.8818,34,78,87,177
110.8968,33,78,88,175
110.9188,33,78,88,175
110.9335,33,79,89,175
110.9505,33,79,89,175
110.9653,33,79,89,175
110.9822,34,79,87,177
110.9962,34,79,87,177
111.0117,34,79,87,177
111.0252,33,78,87,177
111.0411,33,78,87,177
111.0552,33,78,87,177
111.0711,34,79,89,177
111.0854,34,79,89,177
111.1008,34,79,89,177
111.1150,34,79,87,177
111.1314,34,79,87,177
111.1448,34,79,87,177
111.1595,34,79,87,177
111.1715,34,79,87,177
111.1872,34,79,87,177
111.2011,34,79,89,175
111.2171,34,79,89,175
111.2315,34,79,89,175
111.2472,34,79,86,175
111.2602,34,79,86,175
111.2788,34,79,86,175
111.2946,33,78,89,177
111.3116,33,78,89,177
111.3249,33,78,89,177
111.3407,34,79,89,177
111.3546,34,79,89,177
111.3706,34,79,89,177
111.3838,33,79,89,177
111.3991,33,79,89,177
111.4134,33,79,89,177
111.4333,33,78,86,177
111.4470,33,78,86,177
111.4613,33,78,86,177
111.4747,33,79,87,175
111.4937,33,79,87,175
111.5069,34,78,87,177
111.5240,34,78,87,177
111.5373,34,78,87,177
111.5509,34,78,87,177
111.5652,33,78,89,177
111.5821,33,78,89,177
111.5968,33,78,89,177
111.6114,33,78,89,175
111.6244,33,78,89,175
111.6397,33,78,87,177
111.6567,33,78,87,177
111.6711,33,78,87,177
111.6849,33,78,86,177
111.7012,33,78,86,177
111.7170,33,78,86,177
111.7366,34,79,87,173
111.7508,34,79,87,173
111.7691,34,79,87,173
111.7887,33,78,89,175
111.8023,33,78,89,175
111.8210,34,59,64,138
111.8393,34,59,64,138
111.8576,34,59,64,138
111.8774,30,4,1,33
111.8933,30,4,1,33
111.9110,30,4,1,33
111.9270,30,4,1,33
111.9437,30,4,1,33
111.9578,30,4,1,33
111.9727,30,4,1,33
111.9858,30,4,1,33
112.0008,31,4,1,33
112.0130,31,4,1,33
112.0337,31,4,1,33
112.0476,30,4,0,34
112.0626,30,4,0,34
112.0765,30,4,0,34
112.0910,31,4,1,33
112.1041,31,4,1,33
112.1197,31,4,1,33
112.1339,31,4,1,34
112.1525,31,4,1,34
112.1661,31,4,1,34
112.1797,31,3,0,34
112.1967,31,3,0,34
112.2108,31,3,0,34
112.2238,31,4,0,34
112.2402,31,4,0,34
112.2526,31,4,0,34
112.2725,31,3,0,34
112.2863,31,3,0,34
112.3011,31,3,0,34
112.3163,30,3,1,34
112.3328,30,3,1,34
112.3478,30,3,1,34
112.3630,31,4,1,34
112.3773,31,4,1,34
112.3927,31,4,1,34
112.4065,30,4,1,34
112.4217,30,4,1,34
112.4353,30,4,1,34
112.4513,30,3,0,34
112.4646,30,3,0,34
112.4793,31,4,0,34
112.4976,31,4,0,34
112.5114,31,4,0,34
112.5247,31,4,0,34
112.5407,31,3,0,34
112.5548,31,3,0,34
112.5772,30,3,1,34
112.5982,30,3,1,34
112.6123,31,4,1,34
112.6336,31,4,1,34
112.6508,31,4,1,34
112.6688,31,3,0,34
112.6841,31,3,0,34
112.7017,31,3,0,34
112.7161,31,3,0,34
112.7355,31,3,0,34
112.7518,31,4,0,34
112.7676,31,4,0,34
112.7857,31,4,0,34
112.8011,31,3,0,34
112.8176,31,3,0,34
112.8335,31,3,0,34
112.8589,31,3,0,34
112.8762,31,3,0,34
112.8911,31,3,0,34
112.9060,31,3,0,34
112.9240,31,3,0,34
112.9412,31,3,0,34
112.9560,31,3,0,34
112.9693,31,3,0,34
112.9863,31,3,0,34
112.9995,31,3,0,34
113.0173,30,3,1,34
113.0330,30,3,1,34
113.0493,30,3,1,34
113.0628,31,4,0,34
113.0813,31,4,0,34
113.0965,31,4,0,34
113.1111,30,4,1,34
113.1235,30,4,1,34
113.1420,30,4,1,34
113.1554,30,4,1,33
113.1706,30,4,1,33
113.1843,30,4,1,33
113.2003,30,4,1,33
113.2144,30,4,1,33
113.2293,30,4,1,33
113.2455,30,3,1,34
113.2600,30,3,1,34
113.2731,30,3,1,34
113.2894,31,4,0,34
113.3031,31,4,0,34
113.3208,31,4,0,34
113.3343,30,4,1,34
113.3494,30,4,1,34
113.3640,30,4,1,34
113.3813,30,3,1,34
113.3947,30,3,1,34
113.4102,30,3,1,34
113.4240,31,4,0,34
113.4415,31,4,0,34
113.4553,31,4,0,34
113.4692,30,4,1,34
113.4845,30,4,1,34
113.5002,30,4,1,34
113.5159,31,4,1,33
113.5317,31,4,1,33
113.5478,31,3,0,34
113.5617,31,3,0,34
113.5753,31,3,0,34
113.5906,31,4,0,34
113.6063,31,4,0,34
113.6201,31,4,0,34
113.6345,31,3,1,33
113.6505,31,3,1,33
113.6674,31,3,1,33
113.6823,30,4,1,33
113.6978,30,4,1,33
113.7171,30,4,1,33
113.7334,30,4,1,33
113.7515,30,4,1,33
113.7667,30,4,1,33
113.7858,30,3,1,34
113.8011,30,3,1,34
113.8168,31,4,1,34
113.8444,31,4,1,34
113.8643,0,64,15,68
113.8817,0,64,15,68
113.8988,0,64,15,68
113.9167,1,63,17,68
113.9385,1,63,17,68
113.9553,1,63,17,68
113.9697,1,63,17,68
113.9861,1,63,17,68
114.0002,1,63,17,68
114.0153,1,63,17,68
114.0290,1,63,17,68
114.0452,1,64,15,68
114.0608,1,64,15,68
114.0744,1,64,15,68
114.0890,1,63,17,68
114.1034,1,63,17,68
114.1213,1,63,17,68
114.1350,0,64,15,69
114.1488,0,64,15,69
114.1637,0,64,15,69
114.1828,0,64,17,68
114.1960,0,64,17,68
114.2098,0,64,17,68
114.2245,0,64,15,69
114.2431,0,64,15,69
114.2560,0,64,15,69
114.2699,1,63,17,68
114.2847,1,63,17,68
114.3005,0,64,17,68
114.3147,0,64,15,69
114.3288,0,64,15,69
114.3446,0,64,15,69
114.3604,0,64,15,69
114.3733,0,64,15,69
114.3924,0,64,15,69
114.4072,0,64,15,69
114.4212,0,64,15,69
114.4345,1,63,15,68
114.4488,1,63,15,68
114.4655,1,63,15,68
114.4832,1,63,15,68
114.4979,1,63,15,68
114.5139,1,63,15,68
114.5272,0,64,15,69
114.5443,0,64,15,69
114.5578,0,64,15,69
114.5767,0,64,15,69
114.5914,0,64,15,69
114.6066,0,64,15,69
114.6215,0,64,17,68
114.6414,0,64,17,68
114.6565,1,63,17,68
114.6720,1,63,17,68
114.6872,1,63,17,68
114.7037,0,64,15,69
114.7204,0,64,15,69
114.7357,0,64,15,69
114.7492,0,64,17,68
114.7678,0,64,17,68
114.7835,0,64,17,68
114.8004,0,64,15,69
114.8132,0,64,15,69
114.8294,1,63,17,68
114.8512,1,63,17,68
114.8689,1,63,17,68
114.8842,0,64,17,69
114.9007,0,64,17,69
114.9179,0,64,17,69
114.9376,1,63,17,68
114.9517,1,63,17,68
114.9675,0,64,15,68
114.9830,0,64,15,68
115.0006,0,64,15,68
115.0139,0,64,15,68
115.0321,0,64,15,68
115.0475,0,64,15,68
115.0614,1,63,17,68
115.0770,1,63,17,68
115.0927,1,63,17,68
115.1061,1,64,17,69
115.1214,1,64,17,69
115.1358,1,64,17,69
115.1510,1,63,15,68
115.1648,1,63,15,68
115.1828,1,63,15,68
115.1975,1,64,15,69
115.2115,1,64,15,69
115.2253,1,64,15,69
115.2414,0,64,17,68
115.2546,0,64,17,68
115.2716,0,64,17,68
115.2846,1,63,17,68
115.3003,1,63,17,68
115.3147,1,63,17,68
115.3291,1,63,15,69
115.3440,1,63,15,69
115.3608,1,63,15,69
115.3745,1,64,15,69
115.3891,1,64,15,69
115.4011,1,64,15,69
115.4176,0,64,15,69
115.4328,0,64,15,69
115.4498,0,64,15,69
115.4638,0,64,17,68
115.4815,0,64,17,68
115.4977,0,64,17,68
115.5116,0,64,15,69
115.5258,0,64,15,69
115.5444,1,63,17,68
115.5575,1,63,17,68
115.5757,1,63,17,68
115.5894,0,64,15,69
115.6065,0,64,15,69
115.6196,0,64,15,69
115.6374,0,64,15,69
115.6574,0,64,15,69
115.6706,0,64,15,69
115.6883,0,64,15,69
115.7036,0,64,15,69
115.7217,0,64,15,69
115.7372,0,64,15,69
115.7569,0,64,15,69
115.7705,0,64,15,69
115.7859,0,64,15,69
115.8038,0,64,15,69
115.8207,0,64,15,69
115.8419,0,64,15,69
115.8621,1,23,65,80
115.8856,1,23,65,80
115.8996,0,16,76,84
115.9155,0,16,76,84
115.9320,0,16,76,84
115.9514,1,15,75,84
115.9641,1,15,75,84
115.9815,1,15,75,84
115.9978,0,16,75,84
116.0118,0,16,75,84
116.0241,0,16,75,84
116.0422,1,15,75,86
116.0558,1,15,75,86
116.0718,1,15,75,86
116.0854,1,15,75,84
116.1000,1,15,75,84
116.1155,1,15,75,84
116.1296,1,15,75,83
116.1464,1,15,75,83
116.1600,1,15,75,83
116.1731,0,16,76,83
116.1892,0,16,76,83
116.2028,0,16,76,83
116.2213,1,16,76,84
116.2344,1,16,76,84
116.2513,1,16,76,84
116.2650,1,15,76,85
116.2815,1,15,76,85
116.2954,1,15,76,85
116.3092,1,15,75,84
116.3228,1,15,75,84
116.3413,1,15,75,83
116.3548,1,15,75,83
116.3690,1,15,75,83
116.3829,0,16,76,83
116.4001,0,16,76,83
116.4151,0,16,76,83
116.4288,0,16,76,83
116.4412,0,16,76,83
116.4577,0,16,76,83
116.4711,0,16,76,83
116.4913,1,15,75,86
116.5048,1,15,75,86
116.5201,0,16,75,84
116.5348,0,16,75,84
116.5488,0,16,75,84
116.5650,1,16,76,84
116.5813,1,16,76,84
116.5950,1,16,76,84
116.6101,1,15,76,83
116.6235,1,15,76,83
116.6393,1,15,76,83
116.6560,0,16,76,83
116.6697,0,16,76,83
116.6905,0,16,76,83
116.7076,1,15,75,83
116.7223,1,15,75,83
116.7418,0,16,76,83
116.7578,0,16,76,83
116.7734,0,16,76,83
116.7887,1,15,75,84
116.8080,1,15,75,84
116.8285,1,15,75,83
116.8514,1,15,75,83
116.8735,1,16,76,83
116.8920,1,16,76,83
116.9069,1,16,76,83
116.9204,1,16,76,83
116.9349,1,16,76,83
116.9529,1,16,76,83
116.9656,1,15,75,84
116.9795,1,15,75,84
116.9996,1,15,75,84
117.0170,0,16,76,83
117.0335,0,16,76,83
117.0506,1,16,76,83
117.0636,1,16,76,84
117.0830,1,16,76,84
117.0961,1,15,76,83
117.1144,1,15,76,83
117.1302,1,15,76,83
117.1471,1,16,75,84
117.1604,1,16,75,84
117.1768,1,16,75,84
117.1893,0,16,75,84
117.2070,0,16,75,84
117.2204,0,16,75,84
117.2380,1,15,75,84
117.2505,1,15,75,84
117.2668,1,15,75,84
117.2815,1,15,76,83
117.2967,1,15,76,83
117.3093,1,15,76,83
117.3270,1,16,75,84
117.3415,1,16,75,84
117.3578,1,16,75,84
117.3703,0,16,75,86
117.3870,0,16,75,86
117.4020,1,15,75,86
117.4188,1,15,75,84
117.4326,1,15,75,84
117.4502,0,16,76,83
117.4643,0,16,76,83
117.4790,0,16,76,83
117.4958,0,16,75,84
117.5104,0,16,75,84
117.5238,0,16,75,84
117.5404,1,15,75,83
117.5540,1,15,75,83
117.5767,1,15,75,83
117.5912,0,16,75,84
117.6078,0,16,75,84
117.6215,0,16,75,84
117.6383,1,15,75,84
117.6527,1,15,75,84
117.6690,1,15,75,84
117.6840,1,15,76,86
117.7023,1,15,76,86
117.7163,0,16,75,84
117.7364,0,16,75,84
117.7517,0,16,75,84
117.7676,0,16,75,86
117.7838,0,16,75,86
117.7992,0,16,75,86
117.8146,0,16,76,83
117.8431,0,16,76,83
117.8635,19,33,40,81
117.8791,19,33,40,81
117.8973,33,46,12,79
117.9117,33,46,12,79
117.9315,33,46,12,79
117.9478,33,45,12,79
117.9624,33,45,12,79
117.9761,33,45,12,79
117.9904,33,45,12,79
118.0025,33,45,12,79
118.0204,33,45,12,79
118.0335,34,45,12,79
118.0506,34,45,12,79
118.0647,34,45,12,79
118.0832,34,45,11,78
118.0963,34,45,11,78
118.1104,34,45,11,78
118.1233,34,45,11,78
118.1422,34,45,11,78
118.1560,34,45,11,78
118.1683,34,46,11,78
118.1845,34,46,11,78
118.1984,34,46,11,78
118.2125,34,45,11,78
118.2258,34,45,11,78
118.2424,34,45,11,78
118.2546,34,46,11,78
118.2680,34,46,11,78
118.2836,34,46,11,78
118.2969,33,46,11,78
118.3116,33,46,11,78
118.3258,33,46,11,78
118.3403,31,46,12,79
118.3544,31,46,12,79
118.3705,31,46,12,79
118.3835,34,45,12,78
118.4001,34,45,12,78
118.4135,34,45,12,78
118.4296,34,46,12,79
118.4455,34,46,12,79
118.4602,34,46,12,79
118.4734,34,45,11,79
118.4905,34,45,11,79
118.5057,34,45,11,79
118.5198,33,46,12,79
118.5329,33,46,12,79
118.5494,33,46,12,79
118.5642,34,45,11,79
118.5814,34,45,11,79
118.5948,34,45,11,79
118.6103,33,46,12,79
118.6241,33,46,12,79
118.6411,33,46,12,79
118.6577,33,45,11,78
118.6727,33,45,11,78
118.6975,33,46,12,79
118.7110,33,46,12,79
118.7276,33,46,12,79
118.7516,33,46,12,79
118.7683,33,46,12,79
118.7824,33,46,11,78
118.8016,33,46,11,78
118.8166,33,46,11,78
118.8338,34,45,11,78
118.8513,34,45,11,78
118.8707,34,46,11,78
118.8839,34,46,11,78
118.9001,34,46,11,78
118.9190,34,46,11,79
118.9369,34,46,11,79
118.9502,34,46,11,79
118.9652,33,45,12,78
118.9787,33,45,12,78
118.9975,33,45,12,78
119.0114,33,45,11,79
119.0281,33,45,11,79
119.0428,34,45,11,79
119.0589,34,46,11,78
119.0739,34,46,11,78
119.0898,33,45,11,78
119.1030,33,45,12,78
119.1190,33,45,12,78
119.1328,33,46,12,79
119.1501,33,46,12,79
119.1636,33,46,12,79
119.1852,34,45,11,78
119.1977,34,45,11,78
119.2113,34,45,11,78
119.2250,34,46,11,78
119.2396,34,46,11,78
119.2524,34,46,11,78
119.2700,33,45,11,79
119.2835,33,45,11,79
119.2987,33,45,11,79
119.3139,34,46,12,78
119.3330,34,46,12,78
119.3462,34,46,12,78
119.3602,33,46,11,78
119.3760,33,46,11,78
119.3912,33,46,11,78
119.4048,34,46,12,78
119.4188,34,46,12,78
119.4329,34,46,12,78
119.4498,34,46,11,78
119.4633,34,46,11,78
119.4795,34,46,11,78
119.4962,34,46,12,79
119.5101,34,46,12,79
119.5248,34,46,12,79
119.5413,31,45,11,78
119.5551,31,45,11,78
119.5766,33,45,11,78
119.5968,33,45,11,78
119.6112,33,45,11,78
119.6288,33,46,12,79
119.6449,33,46,12,79
119.6607,33,46,12,79
119.6762,34,45,11,78
119.6902,34,45,11,78
119.7057,34,45,11,78
119.7206,33,45,11,78
119.7362,33,45,11,78
119.7534,33,45,11,78
119.7672,34,46,12,79
119.7830,34,46,12,79
119.7997,33,45,12,78
119.8167,33,45,12,78
119.8375,30,39,10,70
119.8620,30,39,10,70
119.8794,30,39,10,70
119.9000,30,21,4,50
119.9161,30,21,4,50
119.9283,31,21,4,50
119.9471,31,21,4,50
119.9677,31,21,4,50
119.9830,30,21,6,51
