t_s,rojo,verde,azul,claro
0.0000,23,4,0,24
0.0134,23,4,0,24
0.0312,23,4,0,24
0.0467,23,4,0,24
0.0613,23,4,0,24
0.0746,23,4,0,24
0.0911,23,4,0,24
0.1059,23,4,0,24
0.1208,23,4,0,24
0.1350,24,4,1,23
0.1529,24,4,1,23
0.1733,23,3,0,24
0.1870,23,3,0,24
0.2029,23,3,0,24
0.2171,23,4,1,23
0.2338,23,4,1,23
0.2469,23,4,1,23
0.2635,23,3,0,24
0.2771,23,3,0,24
0.2947,23,3,0,24
0.3098,23,3,0,24
0.3250,23,3,0,24
0.3398,23,3,0,24
0.3560,24,3,0,24
0.3695,24,3,0,24
0.3857,24,3,0,24
0.4018,23,4,0,24
0.4160,23,4,0,24
0.4305,23,4,0,24
0.4473,23,3,0,24
0.4611,23,3,0,24
0.4767,23,3,0,24
0.4904,23,4,1,23
0.5058,23,4,1,23
0.5194,23,4,1,23
0.5369,23,3,0,24
0.5505,23,3,0,24
0.5650,23,3,0,24
0.5793,23,3,0,24
0.5966,23,3,0,24
0.6102,23,3,0,24
0.6250,23,4,0,24
0.6412,23,4,0,24
0.6570,23,4,0,24
0.6702,23,3,0,24
0.6857,23,3,0,24
0.7020,24,4,0,24
0.7196,24,4,0,24
0.7328,24,4,0,24
0.7492,23,4,1,23
0.7632,23,4,1,23
0.7778,23,4,1,23
0.7941,23,3,0,24
0.8115,23,3,0,24
0.8278,23,3,0,24
0.8472,24,4,0,24
0.8620,24,4,0,24
0.8793,24,3,1,23
0.9046,24,3,1,23
0.9227,23,3,0,23
0.9381,23,3,0,24
0.9545,23,3,0,24
0.9693,23,4,1,23
0.9839,23,4,1,23
1.0015,23,4,1,23
1.0151,24,4,1,24
1.0311,24,4,1,24
1.0452,24,4,1,24
1.0615,23,4,1,23
1.0750,23,4,1,23
1.0887,23,4,1,23
1.1024,24,4,1,23
1.1165,24,4,1,23
1.1326,24,4,1,23
1.1461,23,3,0,24
1.1607,23,3,0,24
1.1763,23,3,0,24
1.1902,23,4,0,24
1.2075,23,4,0,24
1.2210,23,4,0,24
1.2341,23,4,0,24
1.2500,23,4,0,24
1.2635,23,4,0,24
1.2831,24,4,1,23
1.2962,24,4,1,23
1.3129,24,4,1,23
1.3265,24,3,1,24
1.3455,24,3,1,24
1.3597,24,3,1,24
1.3749,24,3,1,24
1.3876,24,3,1,24
1.4040,24,3,1,24
1.4173,24,3,1,24
1.4343,24,3,1,24
1.4484,24,3,1,24
1.4632,24,3,1,23
1.4766,24,3,1,23
1.4897,24,3,1,23
1.5070,24,4,1,23
1.5209,24,4,1,23
1.5366,24,4,1,23
1.5531,23,4,1,23
1.5671,23,4,1,23
1.5822,23,4,1,23
1.5967,24,4,1,23
1.6097,24,4,1,23
1.6260,24,4,1,23
1.6398,23,3,0,24
1.6608,23,3,0,24
1.6744,23,3,0,24
1.6958,23,4,1,25
1.7139,23,4,1,25
1.7284,0,41,8,44
1.7459,0,41,8,44
1.7618,0,41,8,44
1.7851,1,41,8,45
1.7971,1,41,8,45
1.8152,1,41,7,46
1.8314,1,41,7,46
1.8481,1,41,7,46
1.8647,0,41,7,46
1.8833,0,41,7,46
1.9009,1,40,7,45
1.9233,1,40,7,45
1.9411,1,40,7,45
1.9560,1,41,7,44
1.9757,1,41,7,44
1.9953,1,40,7,45
2.0127,1,40,7,45
2.0268,1,40,7,45
2.0405,0,41,8,43
2.0556,0,41,8,43
2.0703,0,41,8,43
2.0860,1,43,7,46
2.0991,1,43,7,46
2.1180,1,43,7,46
2.1318,1,40,7,43
2.1459,1,40,7,43
2.1590,1,40,7,43
2.1761,1,41,7,46
2.1894,1,41,7,46
2.2060,1,41,7,46
2.2190,0,41,7,44
2.2361,0,41,7,44
2.2491,0,41,8,44
2.2676,0,41,8,44
2.2811,0,41,8,44
2.2961,1,41,8,43
2.3117,1,41,8,43
2.3263,1,41,8,43
2.3392,0,41,8,43
2.3572,0,41,8,43
2.3707,0,41,8,43
2.3874,0,41,7,43
2.4012,0,41,7,43
2.4153,0,41,7,43
2.4302,0,41,7,43
2.4461,0,41,7,43
2.4591,0,41,7,43
2.4753,1,41,8,45
2.4899,1,41,8,45
2.5066,1,41,8,45
2.5199,1,41,7,46
2.5378,1,41,7,46
2.5536,1,41,7,46
2.5674,1,40,7,43
2.5810,1,40,7,43
2.5967,1,40,7,43
2.6099,1,40,8,45
2.6259,1,40,8,45
2.6390,1,40,8,45
2.6556,1,40,8,43
2.6699,1,40,8,43
2.6873,1,40,8,43
2.7037,0,41,7,43
2.7213,0,41,7,43
2.7373,0,41,7,43
2.7517,0,41,8,46
2.7661,0,41,8,46
2.7829,0,41,8,46
2.8000,0,41,8,43
2.8175,0,41,8,43
2.8325,1,41,7,46
2.8525,1,41,7,46
2.8676,1,41,7,46
2.8848,0,41,7,44
2.9073,0,41,7,44
2.9284,0,41,8,44
2.9470,0,41,8,44
2.9621,0,41,7,43
2.9853,0,41,7,43
3.0034,0,41,7,43
3.0183,1,40,7,43
3.0357,1,40,7,43
3.0480,1,40,7,43
3.0633,1,40,7,43
3.0771,1,40,7,43
3.0928,1,41,7,46
3.1103,1,41,7,46
3.1259,1,41,7,46
3.1396,0,41,7,44
3.1554,0,41,7,44
3.1705,0,41,7,44
3.1860,0,41,8,45
3.1993,0,41,8,45
3.2165,0,41,8,45
3.2306,1,40,7,43
3.2491,1,40,7,43
3.2628,1,40,7,43
3.2782,1,40,7,46
3.2953,1,40,7,46
3.3106,1,40,7,46
3.3242,1,40,7,43
3.3406,1,40,7,43
3.3553,1,40,7,43
3.3704,1,40,7,43
3.3864,1,40,7,43
3.4045,1,40,7,43
3.4228,1,40,8,45
3.4369,1,40,8,45
3.4531,1,40,8,44
3.4655,1,40,8,44
3.4828,1,40,8,44
3.4966,1,41,8,43
3.5131,1,41,8,43
3.5257,1,41,8,43
3.5469,0,41,8,45
3.5606,0,41,8,45
3.5747,0,41,8,45
3.5892,1,40,7,43
3.6063,1,40,7,43
3.6192,1,40,7,43
3.6348,1,43,7,46
3.6486,1,43,7,46
3.6727,0,41,7,46
3.6862,0,41,7,43
3.7051,0,41,7,43
3.7251,0,14,34,43
3.7387,0,14,34,43
3.7555,0,14,34,43
3.7701,0,9,38,44
3.7865,0,9,38,44
3.8010,0,9,38,44
3.8182,0,9,38,44
3.8332,0,9,38,44
3.8506,0,9,35,44
3.8658,0,9,35,44
3.8836,0,9,35,44
3.9032,0,9,38,43
3.9223,0,9,38,43
3.9416,1,9,38,43
3.9564,1,9,38,43
3.9703,1,9,38,43
3.9850,0,9,35,44
4.0038,0,9,35,44
4.0202,0,9,35,44
4.0359,1,9,35,44
4.0513,1,9,35,44
4.0661,1,9,35,44
4.0812,0,9,36,43
4.0960,0,9,36,43
4.1096,0,9,36,43
4.1262,1,9,38,43
4.1385,1,9,38,43
4.1522,1,9,38,43
4.1676,1,8,35,44
4.1811,1,8,35,44
4.1962,1,8,35,44
4.2112,1,8,38,44
4.2270,1,8,38,44
4.2408,1,8,38,44
4.2561,1,8,39,44
4.2696,1,8,39,44
4.2864,1,8,39,44
4.3009,1,8,38,44
4.3167,1,8,38,44
4.3299,1,8,38,44
4.3483,0,9,35,44
4.3618,0,9,35,44
4.3775,0,9,35,44
4.3901,1,8,38,44
4.4063,1,8,38,44
4.4194,1,8,38,44
4.4371,0,9,38,44
4.4522,0,9,38,44
4.4682,0,9,38,44
4.4818,0,9,38,43
4.4962,0,9,38,43
4.5118,0,9,38,43
4.5263,0,9,38,43
4.5396,0,9,38,43
4.5562,0,9,38,43
4.5705,0,9,39,43
4.5861,0,9,39,43
4.5992,0,9,39,43
4.6159,1,8,39,44
4.6309,1,8,39,44
4.6466,0,9,39,44
4.6602,0,9,39,44
4.6757,0,9,39,44
4.6889,1,8,35,44
4.7067,1,8,35,44
4.7191,1,8,35,44
4.7362,1,8,39,44
4.7560,1,8,39,44
4.7718,1,8,39,44
4.7872,1,8,38,44
4.8082,1,8,38,44
4.8230,1,8,38,44
4.8370,0,9,38,44
4.8542,0,9,38,44
4.8727,0,9,35,43
4.8853,0,9,35,43
4.9083,0,9,35,44
4.9330,0,9,35,44
4.9530,0,9,35,44
4.9683,1,8,35,44
4.9863,1,8,35,44
5.0016,1,8,38,44
5.0159,1,8,38,44
5.0301,1,8,38,44
5.0464,0,9,38,44
5.0603,0,9,38,44
5.0781,0,9,38,44
5.0911,0,9,35,43
5.1077,0,9,35,43
5.1212,0,9,35,43
5.1359,0,9,38,44
5.1511,0,9,38,44
5.1676,0,9,38,44
5.1837,0,9,38,44
5.1976,0,9,38,44
5.2110,0,9,38,44
5.2251,1,9,38,43
5.2387,1,9,38,43
5.2559,1,9,38,43
5.2698,0,9,38,43
5.2850,0,9,38,43
5.2974,0,9,38,43
5.3157,1,9,38,43
5.3288,1,9,38,43
5.3462,1,9,38,43
5.3598,1,8,38,44
5.3772,1,8,38,44
5.3941,1,8,38,44
5.4141,0,9,36,44
5.4258,0,9,36,44
5.4389,0,9,36,44
5.4557,1,8,39,44
5.4688,1,8,39,44
5.4850,1,8,39,44
5.4978,0,9,36,44
5.5133,0,9,36,44
5.5278,0,9,36,44
5.5455,0,9,35,43
5.5596,0,9,35,43
5.5758,0,9,35,43
5.5894,0,9,38,43
5.6061,0,9,38,43
5.6196,1,8,38,44
5.6369,1,8,38,44
5.6500,1,8,38,44
5.6752,1,8,38,44
5.6951,1,8,38,44
5.7099,11,15,18,41
5.7254,11,15,18,41
5.7382,11,15,18,41
5.7576,19,24,6,41
5.7722,19,24,6,41
5.7866,19,24,6,41
5.8059,18,23,6,40
5.8225,18,23,6,40
5.8376,18,23,6,40
5.8557,19,23,4,40
5.8713,19,23,4,40
5.8891,19,24,6,41
5.9053,19,24,6,41
5.9292,19,24,6,41
5.9466,19,23,6,40
5.9620,19,23,6,40
5.9830,19,23,6,40
5.9987,19,23,6,40
6.0149,19,23,6,40
6.0271,18,23,4,40
6.0431,18,23,4,40
6.0593,18,23,4,40
6.0757,18,24,6,41
6.0912,18,24,6,41
6.1069,18,24,6,41
6.1206,19,24,6,41
6.1373,19,24,6,41
6.1518,19,24,6,41
6.1661,19,24,4,40
6.1830,19,24,4,40
6.1971,19,24,4,40
6.2105,19,24,6,41
6.2246,19,24,6,41
6.2390,19,23,6,41
6.2563,19,23,6,41
6.2694,19,23,6,41
6.2849,18,23,4,40
6.3019,18,23,4,40
6.3163,18,23,4,40
6.3293,19,23,6,40
6.3463,19,23,6,40
6.3601,19,23,6,40
6.3763,19,23,6,41
6.3899,19,23,6,41
6.4065,19,23,6,41
6.4190,18,23,6,41
6.4371,18,23,6,41
6.4505,18,23,6,41
6.4645,19,23,4,40
6.4789,19,23,4,40
6.4962,19,23,4,40
6.5099,19,24,4,40
6.5252,19,24,4,40
6.5387,19,24,4,40
6.5570,18,24,6,41
6.5702,18,24,6,41
6.5852,18,24,6,41
6.6013,19,23,6,40
6.6161,19,23,6,40
6.6292,19,23,6,40
6.6460,19,23,6,40
6.6607,19,23,6,40
6.6774,19,23,6,40
6.6912,18,23,6,41
6.7069,18,23,6,41
6.7223,18,23,6,41
6.7369,19,23,4,40
6.7508,19,23,4,40
6.7666,19,23,4,40
6.7840,19,24,4,40
6.7988,19,24,4,40
6.8149,18,24,6,41
6.8326,18,24,6,41
6.8542,18,24,6,41
6.8703,19,24,6,41
6.8826,19,24,6,41
6.9011,19,24,6,41
6.9254,19,23,6,41
6.9412,19,23,6,41
6.9571,19,24,4,40
6.9719,19,24,4,40
6.9875,19,24,4,40
7.0047,19,23,6,41
7.0220,19,23,6,41
7.0369,19,23,6,41
7.0522,18,23,6,41
7.0658,18,23,6,41
7.0831,19,23,4,40
7.0977,19,23,4,40
7.1143,19,23,4,40
7.1284,18,24,6,41
7.1439,18,24,6,41
7.1602,18,24,6,41
7.1756,18,24,4,40
7.1907,18,24,4,40
7.2068,18,24,4,40
7.2221,18,23,4,40
7.2343,18,23,4,40
7.2489,18,23,4,40
7.2631,19,23,6,40
7.2770,19,23,6,40
7.2920,19,23,6,40
7.3070,19,23,4,40
7.3225,19,23,4,40
7.3359,19,23,4,40
7.3481,18,23,4,40
7.3661,18,23,4,40
7.3795,18,23,4,40
7.3960,19,23,4,40
7.4105,19,23,4,40
7.4280,19,23,4,40
7.4417,19,23,6,40
7.4569,19,23,6,40
7.4719,19,23,6,40
7.4860,19,23,6,40
7.5011,19,23,6,40
7.5148,19,23,6,40
7.5290,18,23,6,41
7.5466,18,23,6,41
7.5601,18,23,6,41
7.5754,18,24,6,41
7.5902,18,24,6,41
7.6059,18,24,6,41
7.6201,19,23,6,40
7.6354,19,23,6,40
7.6517,19,23,6,40
7.6737,18,23,4,40
7.6868,18,23,4,40
7.7029,18,23,4,40
7.7171,18,20,3,38
7.7306,18,20,3,38
7.7465,21,13,3,34
7.7666,21,13,3,34
7.7826,21,13,3,34
7.7972,21,14,2,33
7.8163,21,14,2,33
7.8321,21,14,2,33
7.8532,20,13,2,34
7.8695,20,13,2,34
7.8858,21,14,2,33
7.9065,21,14,2,33
7.9262,21,13,2,34
7.9445,21,13,2,34
7.9621,21,13,2,34
7.9769,20,14,2,33
7.9916,20,14,2,33
8.0130,20,14,2,33
8.0273,20,14,2,33
8.0413,20,14,2,33
8.0559,20,14,2,34
8.0746,20,14,2,34
8.0876,20,14,2,34
8.1034,20,14,2,33
8.1176,20,14,2,33
8.1341,20,14,2,33
8.1484,20,13,3,34
8.1675,20,13,3,34
8.1825,20,13,3,34
8.1959,21,13,2,33
8.2128,21,13,2,33
8.2261,21,13,2,33
8.2407,20,14,3,34
8.2539,20,14,3,34
8.2728,20,14,3,34
8.2865,21,13,3,34
8.3032,21,13,3,34
8.3162,21,13,3,34
8.3342,20,14,2,34
8.3473,20,14,2,34
8.3631,20,14,2,34
8.3772,20,14,3,34
8.3930,20,14,3,34
8.4095,20,14,3,34
8.4257,20,14,3,34
8.4393,20,14,3,34
8.4557,20,14,3,34
8.4695,21,14,2,33
8.4857,21,14,2,33
8.5009,20,14,2,33
8.5160,20,13,2,34
8.5296,20,13,2,34
8.5457,20,14,2,34
8.5593,20,14,2,34
8.5748,20,14,2,34
8.5884,21,13,3,33
8.6069,21,13,3,33
8.6209,21,13,3,33
8.6347,20,14,2,33
8.6501,20,14,2,33
8.6732,20,14,2,33
8.6870,20,14,2,34
8.7047,20,14,2,34
8.7210,21,14,2,34
8.7357,21,13,3,34
8.7496,21,13,3,34
8.7671,20,14,3,34
8.7807,20,14,3,34
8.7956,20,14,3,34
8.8124,21,14,2,33
8.8283,21,14,2,33
8.8462,21,14,2,33
8.8630,21,13,3,34
8.8827,21,13,3,34
8.9013,20,14,3,34
8.9191,20,14,3,34
8.9341,20,14,3,34
8.9512,20,14,3,34
8.9665,20,14,3,34
8.9862,21,13,3,34
9.0066,21,13,3,34
9.0228,21,13,3,34
9.0373,21,13,3,34
9.0507,21,13,3,34
9.0676,21,13,3,34
9.0813,21,14,3,34
9.0956,21,14,3,34
9.1101,21,14,3,34
9.1246,21,13,2,33
9.1400,21,13,2,33
9.1556,21,13,2,33
9.1696,21,14,2,33
9.1853,21,14,2,33
9.2012,21,14,2,33
9.2154,20,13,2,34
9.2299,20,13,2,34
9.2445,20,13,2,34
9.2593,21,14,2,33
9.2762,21,14,2,33
9.2898,21,14,2,33
9.3048,21,14,2,33
9.3189,21,14,2,33
9.3362,21,14,2,33
9.3500,20,14,2,33
9.3645,20,14,2,33
9.3787,20,14,2,33
9.3961,20,13,3,34
9.4098,20,13,3,34
9.4253,20,13,3,34
9.4398,20,14,3,34
9.4569,20,14,3,34
9.4705,20,14,3,34
9.4843,20,13,3,34
9.5023,20,13,3,34
9.5162,20,13,3,34
9.5302,20,14,3,34
9.5463,20,14,3,34
9.5602,20,14,3,34
9.5759,21,14,2,33
9.5896,21,14,2,33
9.6051,21,14,2,33
9.6171,20,14,2,34
9.6325,20,14,2,34
9.6471,20,14,2,34
9.6640,21,13,2,33
9.6776,21,13,2,33
9.6954,21,13,2,33
9.7109,21,13,2,33
9.7261,21,13,2,33
9.7480,1,35,26,59
9.7633,1,35,26,59
9.7797,1,35,26,59
9.7951,0,36,28,59
9.8153,0,36,28,59
9.8350,0,36,28,58
9.8521,0,36,28,58
9.8649,0,36,28,58
9.8851,1,36,30,58
9.9036,1,36,30,58
9.9227,0,36,26,59
9.9372,0,36,26,59
9.9502,0,36,26,59
9.9660,0,36,26,59
9.9808,0,36,26,59
9.9967,0,36,26,59
10.0139,0,36,29,58
10.0325,0,36,29,58
10.0476,0,36,29,58
10.0637,1,35,28,58
10.0780,1,35,28,58
10.0919,1,35,28,58
10.1070,1,36,28,59
10.1205,1,36,28,59
10.1349,1,36,28,59
10.1469,1,35,28,58
10.1655,1,35,28,58
10.1809,1,35,28,58
10.1957,0,36,28,58
10.2141,0,36,28,58
10.2268,0,36,28,58
10.2405,0,36,30,59
10.2565,0,36,30,59
10.2732,0,36,28,58
10.2893,0,36,28,58
10.3061,0,36,28,58
10.3207,0,36,28,58
10.3352,0,36,28,58
10.3500,0,36,28,58
10.3661,0,36,26,59
10.3801,0,36,26,59
10.3975,0,36,26,59
10.4115,0,36,26,59
10.4259,0,36,26,59
10.4401,0,36,26,59
10.4555,0,36,26,59
10.4702,0,36,26,59
10.4859,0,36,26,59
10.4991,0,36,30,59
10.5146,0,36,30,59
10.5301,0,36,30,59
10.5472,1,35,28,58
10.5600,1,35,28,58
10.5752,1,35,28,58
10.5877,1,36,28,59
10.6057,1,36,28,59
10.6191,1,36,28,59
10.6352,1,35,28,58
10.6476,1,35,28,58
10.6732,0,36,28,58
10.6862,0,36,30,59
10.7063,0,36,30,59
10.7205,0,36,30,58
10.7356,0,36,30,58
10.7515,0,36,30,58
10.7675,0,36,29,58
10.7856,0,36,29,58
10.7997,0,36,29,58
10.8162,1,35,26,59
10.8336,1,35,26,59
10.8493,1,36,28,59
10.8661,1,36,28,59
10.8802,1,36,28,59
10.9017,1,36,28,59
10.9239,1,36,28,59
10.9389,0,36,26,59
10.9572,0,36,26,59
10.9750,0,36,26,59
10.9890,1,35,26,58
11.0052,1,35,26,58
11.0249,1,35,26,58
11.0362,0,36,28,59
11.0523,0,36,28,59
11.0658,0,36,28,59
11.0830,0,36,29,58
11.0960,0,36,29,58
11.1098,0,36,29,58
11.1244,1,36,28,59
11.1423,1,36,28,59
11.1581,0,36,26,59
11.1757,0,36,26,59
11.1898,0,36,26,59
11.2060,0,36,30,59
11.2213,0,36,30,59
11.2356,0,36,30,59
11.2506,0,36,30,58
11.2651,0,36,30,58
11.2809,0,36,30,58
11.2968,1,35,26,59
11.3132,1,35,26,59
11.3268,1,35,26,59
11.3459,1,36,30,58
11.3592,1,36,30,58
11.3760,1,36,30,58
11.3892,0,36,30,59
11.4045,0,36,30,59
11.4183,0,36,30,59
11.4358,1,35,26,59
11.4490,1,35,26,59
11.4644,1,35,26,59
11.4793,0,36,26,59
11.4969,0,36,26,59
11.5105,0,36,26,59
11.5243,0,36,26,59
11.5407,0,36,26,59
11.5566,0,36,26,59
11.5707,1,35,28,58
11.5850,1,35,28,58
11.6006,1,35,28,58
11.6155,1,35,26,58
11.6290,1,35,26,58
11.6460,1,35,26,58
11.6606,0,36,28,59
11.6739,0,36,28,59
11.6906,0,36,26,59
11.7070,0,36,26,59
11.7232,0,36,26,59
11.7410,16,8,22,41
11.7589,16,8,22,41
11.7734,16,8,22,41
11.7881,16,5,22,40
11.8131,16,5,22,40
11.8277,15,5,20,40
11.8484,15,5,20,40
11.8637,15,5,20,40
11.8801,15,5,20,40
11.9087,15,5,22,40
11.9332,15,5,22,40
11.9478,15,5,22,40
11.9652,15,5,22,40
11.9808,15,5,22,40
11.9990,15,5,22,40
12.0163,15,5,22,40
12.0331,15,5,22,40
12.0461,15,5,22,41
12.0620,15,5,22,41
12.0751,15,5,22,41
12.0915,16,5,22,40
12.1049,16,5,22,40
12.1198,16,5,22,40
12.1359,15,5,20,40
12.1552,15,5,20,40
12.1747,15,5,20,40
12.1885,16,6,21,40
12.2062,16,6,21,40
12.2201,16,6,21,40
12.2358,16,6,20,40
12.2489,16,6,20,40
12.2644,16,6,20,40
12.2771,16,5,22,40
12.2952,16,5,22,40
12.3089,16,5,22,40
12.3242,16,6,23,41
12.3363,16,6,23,41
12.3523,16,6,23,41
12.3659,15,5,22,40
12.3827,15,5,22,40
12.3973,15,5,22,40
12.4145,15,5,20,40
12.4276,15,5,20,40
12.4445,16,6,21,40
12.4594,16,6,21,40
12.4758,16,6,21,40
12.4896,16,6,23,41
12.5053,16,6,23,41
12.5201,16,6,23,41
12.5356,15,5,22,41
12.5492,15,5,22,41
12.5643,15,5,22,41
12.5790,16,6,23,41
12.5967,16,6,23,41
12.6107,16,6,23,41
12.6242,15,5,20,41
12.6392,15,5,20,41
12.6557,15,5,20,41
12.6706,16,6,23,41
12.6843,16,6,23,41
12.6984,16,6,23,41
12.7158,16,5,22,40
12.7296,16,5,22,40
12.7495,16,5,22,40
12.7621,15,5,22,40
12.7769,15,5,22,40
12.7934,15,5,22,40
12.8094,15,5,20,40
12.8327,15,5,20,40
12.8467,16,6,23,40
12.8668,16,6,23,40
12.8818,16,6,23,40
12.9041,16,5,22,40
12.9301,15,5,22,41
12.9474,15,5,22,41
12.9646,15,5,22,41
12.9820,16,6,22,40
12.9961,16,6,22,40
13.0132,16,6,22,40
13.0279,15,6,23,41
13.0464,15,6,23,41
13.0602,15,6,23,41
13.0769,16,6,23,41
13.0902,16,6,23,41
13.1061,16,6,23,41
13.1191,15,5,22,40
13.1348,15,5,22,40
13.1488,15,5,20,40
13.1701,15,5,20,40
13.1840,15,5,20,40
13.2033,16,6,23,40
13.2178,16,6,23,40
13.2357,16,6,23,40
13.2515,16,5,20,40
13.2652,16,5,20,40
13.2825,16,5,20,40
13.2963,16,5,22,40
13.3099,16,5,22,40
13.3245,16,5,22,40
13.3381,15,5,20,40
13.3564,15,5,20,40
13.3701,15,5,20,40
13.3836,15,5,22,41
13.4006,15,5,22,41
13.4148,15,5,22,41
13.4330,16,6,23,41
13.4460,16,6,23,41
13.4624,16,6,23,41
13.4775,16,5,20,41
13.4958,16,5,20,41
13.5099,15,5,22,40
13.5243,15,5,22,40
13.5373,15,5,22,40
13.5556,16,5,20,40
13.5689,16,5,20,40
13.5843,16,5,20,40
13.5986,16,6,23,41
13.6156,16,6,23,41
13.6296,16,6,23,41
13.6462,15,5,20,40
13.6629,15,5,20,40
13.6773,15,5,20,40
13.6911,15,5,22,40
13.7093,15,5,22,40
13.7247,15,5,22,40
13.7430,14,6,24,44
13.7632,14,6,24,44
13.7773,10,9,30,44
13.7950,10,9,30,44
13.8105,10,9,30,44
13.8251,10,9,30,43
13.8443,10,9,30,43
13.8658,10,9,30,44
13.8807,10,9,30,44
13.9022,10,9,30,44
13.9181,10,9,29,44
13.9370,10,9,29,44
13.9520,10,9,29,44
13.9659,11,8,29,46
13.9814,11,8,29,46
13.9960,11,8,29,44
14.0119,11,8,29,44
14.0273,11,8,29,44
14.0420,10,9,30,43
14.0571,10,9,30,43
14.0708,10,9,30,43
14.0862,11,8,29,44
14.1007,11,8,29,44
14.1152,11,8,29,44
14.1305,11,9,29,43
14.1448,11,9,29,43
14.1601,11,9,29,43
14.1758,10,9,29,44
14.1891,10,9,29,44
14.2050,10,9,29,44
14.2196,10,9,29,43
14.2352,10,9,29,43
14.2490,10,9,29,43
14.2673,10,9,29,44
14.2809,10,9,29,44
14.2953,10,9,29,44
14.3090,11,8,29,43
14.3243,11,8,29,43
14.3403,11,8,29,43
14.3569,11,9,29,43
14.3702,11,9,29,43
14.3842,11,9,29,43
14.4002,10,9,29,43
14.4155,10,9,29,43
14.4302,10,9,29,43
14.4461,11,8,29,44
14.4600,11,8,29,44
14.4755,11,8,29,44
14.4889,10,9,30,43
14.5056,10,9,30,43
14.5200,10,9,30,43
14.5352,11,8,29,44
14.5515,11,8,29,44
14.5657,11,8,29,44
14.5801,11,9,29,43
14.5953,11,9,29,43
14.6089,11,9,29,43
14.6265,10,9,29,44
14.6401,10,9,29,44
14.6551,10,9,29,44
14.6688,10,9,29,43
14.6843,10,9,29,43
14.7018,10,9,29,43
14.7164,10,9,29,44
14.7310,10,9,29,44
14.7474,10,9,29,44
14.7626,10,9,30,44
14.7787,10,9,30,44
14.8033,11,8,29,44
14.8167,11,8,29,44
14.8328,11,8,29,44
14.8488,10,9,29,43
14.8649,10,9,29,43
14.8838,11,8,29,44
14.9040,11,8,29,44
14.9304,11,9,29,43
14.9525,11,9,29,43
14.9683,11,9,29,43
14.9846,10,9,29,44
15.0041,10,9,29,44
15.0198,10,8,30,44
15.0337,10,8,30,44
15.0511,10,8,30,44
15.0646,11,8,30,44
15.0796,11,8,30,44
15.0939,11,8,30,44
15.1102,10,9,29,44
15.1248,10,9,29,44
15.1407,10,9,29,44
15.1550,10,8,30,44
15.1717,10,8,30,44
15.1872,10,8,30,44
15.2036,11,9,29,43
15.2170,11,9,29,43
15.2309,11,9,29,43
15.2472,10,9,29,43
15.2631,10,9,29,43
15.2769,10,9,29,43
15.2898,11,8,30,44
15.3060,11,8,30,44
15.3207,11,8,30,44
15.3368,11,8,30,44
15.3499,11,8,30,44
15.3642,11,8,30,44
15.3794,11,9,30,43
15.3956,11,9,30,43
15.4093,11,9,30,43
15.4241,10,9,29,43
15.4373,10,9,29,43
15.4555,10,9,29,43
15.4692,10,9,29,44
15.4843,10,9,29,44
15.5007,11,9,29,44
15.5162,11,8,30,43
15.5292,11,8,30,43
15.5445,11,8,30,43
15.5596,10,9,29,43
15.5757,10,9,29,43
15.5890,10,9,29,43
15.6042,11,8,29,43
15.6183,11,8,29,43
15.6353,11,8,29,43
15.6490,11,8,29,44
15.6713,11,8,29,44
15.6843,11,9,30,43
15.6998,11,9,30,43
15.7131,11,9,30,43
15.7279,11,14,25,44
15.7422,11,14,25,44
15.7615,11,14,25,44
15.7758,9,38,8,45
15.7968,9,38,8,45
15.8134,9,35,7,45
15.8303,9,35,7,45
15.8446,9,35,7,45
15.8634,9,38,7,46
15.8789,9,38,7,46
15.9026,8,39,7,46
15.9275,8,39,7,46
15.9461,9,39,7,45
15.9634,9,39,7,45
15.9793,9,39,7,45
15.9970,9,38,7,46
16.0155,9,38,7,46
16.0310,9,38,7,46
16.0453,9,36,7,45
16.0632,9,36,7,45
16.0762,9,36,7,45
16.0904,9,35,8,46
16.1051,9,35,8,46
16.1231,8,38,7,46
16.1375,8,38,7,46
16.1559,8,38,7,46
16.1707,9,38,8,46
16.1873,9,38,8,46
16.2011,9,38,8,46
16.2156,9,38,8,45
16.2288,9,38,8,45
16.2469,9,38,8,45
16.2611,9,39,8,45
16.2763,9,39,8,45
16.2898,9,39,8,45
16.3035,9,38,7,46
16.3193,9,38,7,46
16.3327,9,38,7,46
16.3463,8,39,7,49
16.3610,8,39,7,49
16.3740,8,39,7,49
16.3913,8,39,7,45
16.4060,8,39,7,45
16.4208,8,39,7,45
16.4346,9,38,8,45
16.4530,9,38,8,45
16.4652,9,38,8,45
16.4823,9,38,8,46
16.4958,9,38,8,46
16.5122,9,38,8,46
16.5261,9,38,8,45
16.5456,9,38,8,45
16.5586,9,38,8,45
16.5748,9,38,8,46
16.5871,9,38,8,46
16.6070,9,38,8,46
16.6210,9,39,7,45
16.6348,9,39,7,45
16.6511,9,38,8,45
16.6741,9,38,8,45
16.6972,8,38,7,46
16.7157,8,38,7,46
16.7332,8,38,7,46
16.7482,9,38,7,46
16.7646,9,38,7,46
16.7793,9,38,7,46
16.7995,8,39,8,45
16.8147,8,39,8,45
16.8335,9,39,7,45
16.8531,9,39,7,45
16.8686,9,39,7,45
16.8847,9,38,8,45
16.9061,9,38,8,45
16.9237,9,38,7,45
16.9402,9,38,7,45
16.9544,9,38,7,45
16.9723,8,39,8,45
16.9882,8,39,8,45
17.0057,8,38,8,46
17.0240,8,38,8,46
17.0378,8,38,8,46
17.0552,9,38,7,45
17.0690,9,38,7,45
17.0851,9,38,7,45
17.0991,9,38,8,45
17.1127,9,38,8,45
17.1271,9,38,8,45
17.1402,8,38,7,45
17.1549,8,38,7,45
17.1758,8,38,7,45
17.1940,8,38,7,46
17.2077,8,38,7,46
17.2262,8,38,7,46
17.2401,9,38,8,46
17.2556,9,38,8,46
17.2690,9,38,8,46
17.2858,8,38,7,46
17.2992,8,38,7,46
17.3151,8,38,7,46
17.3289,8,39,8,46
17.3451,8,39,8,46
17.3590,8,39,8,46
17.3752,9,39,7,46
17.3892,9,39,7,46
17.4071,8,38,7,46
17.4213,8,38,8,46
17.4352,8,38,8,46
17.4508,8,38,8,46
17.4649,9,38,8,46
17.4788,9,38,8,46
17.4969,8,38,7,46
17.5100,8,38,7,46
17.5247,8,38,7,46
17.5386,9,38,8,45
17.5551,9,38,8,45
17.5701,9,38,8,45
17.5858,8,39,7,46
17.6048,8,39,7,46
17.6211,8,39,7,46
17.6361,9,39,7,45
17.6519,9,39,7,45
17.6679,9,39,7,45
17.6859,8,35,7,45
17.7016,8,35,7,45
17.7179,8,39,7,45
17.7326,8,39,7,46
17.7569,10,26,14,49
17.7762,10,26,14,49
17.7940,10,26,14,49
17.8126,14,25,13,48
17.8331,14,25,13,48
17.8480,13,25,13,48
17.8659,13,25,13,48
17.8821,13,25,13,48
17.9020,13,26,14,49
17.9193,13,26,14,49
17.9403,13,25,14,49
17.9539,13,25,14,49
17.9722,13,25,14,49
17.9883,14,26,14,48
18.0076,14,26,14,48
18.0262,14,26,14,48
18.0406,14,25,13,48
18.0570,14,25,13,48
18.0705,14,25,13,48
18.0851,13,26,13,49
18.1010,13,26,13,49
18.1154,13,26,13,49
18.1293,13,26,13,48
18.1462,13,26,13,48
18.1651,13,26,14,49
18.1818,13,26,14,49
18.1958,13,26,14,49
18.2141,13,26,17,48
18.2280,13,26,17,48
18.2467,13,26,17,48
18.2603,13,26,14,48
18.2758,13,26,14,48
18.2879,13,26,14,48
18.3054,13,26,14,48
18.3203,13,26,14,48
18.3340,13,26,14,48
18.3466,13,26,14,48
18.3652,13,26,14,48
18.3778,13,26,14,48
18.3946,13,26,14,48
18.4091,13,26,14,48
18.4252,13,26,14,48
18.4395,13,26,14,49
18.4547,13,26,14,49
18.4688,13,25,13,48
18.4851,13,25,13,48
18.4985,13,25,13,48
18.5146,13,26,14,49
18.5290,13,26,14,49
18.5474,13,26,14,49
18.5602,13,26,14,49
18.5745,13,26,14,49
18.5889,13,26,14,49
18.6052,13,25,17,48
18.6189,13,25,17,48
18.6353,13,25,17,48
18.6488,13,26,14,49
18.6720,13,26,14,49
18.6851,13,26,14,49
18.7025,13,26,14,49
18.7228,13,26,14,49
18.7361,13,25,14,49
18.7571,13,25,14,49
18.7738,13,25,14,49
18.7913,14,26,13,48
18.8040,14,26,13,48
18.8196,14,26,13,48
18.8342,14,25,13,48
18.8538,14,25,13,48
18.8665,14,25,13,48
18.8813,13,26,14,49
18.9007,13,26,14,49
18.9241,14,25,13,48
18.9400,14,25,13,48
18.9546,14,25,13,48
18.9696,13,25,14,49
18.9859,13,25,14,49
19.0029,13,26,13,48
19.0203,13,26,13,48
19.0336,13,26,13,48
19.0476,13,25,17,48
19.0612,13,25,17,48
19.0752,13,25,17,48
19.0902,14,25,15,48
19.1053,14,25,15,48
19.1183,14,25,15,48
19.1348,14,26,15,48
19.1487,14,26,15,48
19.1681,14,26,15,48
19.1834,13,26,13,48
19.1992,13,26,13,48
19.2131,13,26,13,48
19.2279,13,26,17,48
19.2411,13,26,17,48
19.2566,13,26,17,48
19.2707,13,26,17,49
19.2853,13,26,17,49
19.2986,13,26,17,49
19.3138,14,25,15,49
19.3281,14,25,15,49
19.3461,14,25,15,49
19.3595,14,25,15,49
19.3746,14,25,15,49
19.3885,14,25,15,49
19.4052,14,25,15,48
19.4182,14,25,15,48
19.4352,14,25,15,48
19.4482,14,26,14,49
19.4671,14,26,14,49
19.4808,14,26,14,49
19.4977,13,25,15,48
19.5119,13,25,15,48
19.5257,13,25,15,48
19.5402,13,25,13,48
19.5560,13,25,13,48
19.5705,13,25,13,48
19.5867,13,25,13,48
19.5998,13,25,13,48
19.6144,13,25,13,48
19.6279,13,26,17,49
19.6452,13,26,17,49
19.6600,13,26,17,49
19.6748,13,25,17,49
19.6882,13,25,17,49
19.7058,13,25,17,49
19.7197,14,26,17,49
19.7363,14,26,17,49
19.7507,14,26,17,49
19.7653,21,10,6,30
19.7817,21,10,6,30
19.7978,24,4,1,24
19.8145,24,4,1,24
19.8295,24,4,1,24
19.8463,23,3,1,24
19.8683,23,3,1,24
19.8866,24,4,1,24
19.9052,24,4,1,24
19.9271,24,4,1,24
19.9457,24,4,1,23
19.9599,24,4,1,23
19.9750,23,3,0,23
19.9905,23,3,0,24
20.0068,23,3,0,24
20.0204,23,4,1,23
20.0353,23,4,1,23
20.0527,23,4,1,23
20.0665,24,3,1,24
20.0801,24,3,1,24
20.0962,24,3,1,24
20.1102,24,4,1,24
20.1251,24,4,1,24
20.1386,24,4,1,24
20.1540,23,3,0,24
20.1679,23,3,0,24
20.1851,23,3,0,24
20.1988,24,3,1,23
20.2141,24,3,1,23
20.2280,24,3,1,23
20.2452,24,4,1,24
20.2585,24,4,1,24
20.2740,24,4,1,24
20.2877,24,4,1,24
20.3066,24,4,1,24
20.3197,24,4,1,24
20.3341,24,4,1,23
20.3516,24,4,1,23
20.3650,24,4,1,23
20.3808,23,3,0,24
20.3973,23,3,0,24
20.4110,23,3,0,24
20.4261,24,3,0,24
20.4396,24,3,0,24
20.4552,24,3,0,24
20.4698,24,4,1,23
20.4850,24,4,1,23
20.4986,24,4,1,23
20.5137,24,3,0,24
20.5273,24,3,0,24
20.5458,24,3,0,24
20.5583,24,4,1,23
20.5739,24,4,1,23
20.5889,24,4,1,23
20.6050,24,3,0,24
20.6183,24,3,0,24
20.6339,24,3,0,24
20.6473,23,3,0,24
20.6643,23,3,0,24
20.6782,23,3,0,24
20.6971,24,3,1,24
20.7124,24,3,1,24
20.7284,24,3,1,24
20.7449,23,3,0,24
20.7633,23,3,0,24
20.7759,24,3,1,23
20.7910,24,3,1,23
20.8070,24,3,1,23
20.8226,23,4,1,23
20.8414,23,4,1,23
20.8572,23,4,1,23
20.8699,24,3,1,23
20.8860,24,3,1,23
20.9155,23,3,0,24
20.9332,23,3,0,24
20.9521,24,4,1,23
20.9701,24,4,1,23
20.9860,24,4,1,23
21.0032,24,3,0,24
21.0198,24,3,0,24
21.0342,24,3,0,24
21.0480,23,4,1,23
21.0615,23,4,1,23
21.0769,23,4,1,23
21.0908,24,3,0,24
21.1063,24,3,0,24
21.1193,24,3,0,24
21.1340,23,4,0,24
21.1520,23,4,0,24
21.1659,23,4,0,24
21.1796,23,3,0,24
21.1949,23,3,0,24
21.2077,23,3,0,24
21.2265,23,3,0,24
21.2400,23,3,0,24
21.2557,23,3,0,24
21.2705,23,3,0,24
21.2851,23,3,0,24
21.2994,23,3,0,24
21.3137,23,4,1,23
21.3277,23,4,1,23
21.3452,23,4,1,23
21.3587,24,4,0,24
21.3738,24,4,0,24
21.3889,24,4,0,24
21.4051,23,3,0,24
21.4188,23,3,0,24
21.4340,23,3,0,24
21.4477,24,3,0,24
21.4650,24,3,0,24
21.4787,24,3,0,24
21.4946,24,4,1,23
21.5089,24,4,1,23
21.5250,24,4,1,23
21.5386,24,3,0,24
21.5540,24,3,0,24
21.5686,24,3,0,24
21.5850,23,4,0,24
21.5987,23,4,0,24
21.6138,23,4,0,24
21.6274,23,4,1,23
21.6473,23,4,1,23
21.6606,23,4,1,23
21.6744,23,3,0,24
21.6878,23,3,0,24
21.7061,23,3,0,24
21.7208,23,3,0,24
21.7351,23,3,0,24
21.7501,13,19,3,34
21.7660,13,19,3,34
21.7797,13,19,3,34
21.7986,1,40,8,45
21.8137,1,40,8,45
21.8285,1,40,8,45
21.8447,0,41,8,44
21.8653,0,41,8,44
21.8855,1,43,8,46
21.8996,1,43,8,46
21.9182,1,43,8,46
21.9349,1,40,7,43
21.9525,1,40,7,43
21.9675,1,40,7,43
21.9878,0,41,8,46
22.0048,0,41,8,46
22.0219,1,43,8,45
22.0352,1,43,8,45
22.0536,1,43,8,45
22.0671,0,41,8,44
22.0852,0,41,8,44
22.0988,0,41,8,44
22.1159,0,41,7,45
22.1308,0,41,7,45
22.1458,0,41,7,45
22.1593,0,41,8,43
22.1738,0,41,8,43
22.1897,0,41,8,43
22.2055,1,40,8,43
22.2207,1,40,8,43
22.2342,1,40,8,43
22.2519,1,40,7,43
22.2670,1,40,7,43
22.2851,1,40,8,43
22.2986,1,40,8,43
22.3138,1,40,8,43
22.3281,1,41,7,44
22.3452,1,41,7,44
22.3582,1,41,7,44
22.3746,0,41,8,43
22.3882,0,41,8,43
22.4052,0,41,8,43
22.4192,1,40,8,43
22.4343,1,40,8,43
22.4478,1,40,8,43
22.4650,1,40,7,43
22.4791,1,40,7,43
22.4961,1,40,7,43
22.5102,1,40,8,45
22.5267,1,40,8,45
22.5401,1,40,8,45
22.5550,0,44,7,45
22.5719,0,44,7,45
22.5852,0,44,7,45
22.6016,1,40,7,44
22.6155,1,40,7,44
22.6317,1,40,7,44
22.6455,1,40,8,45
22.6674,1,40,8,45
22.6825,0,41,8,44
22.6969,0,41,8,44
22.7132,0,41,8,44
22.7292,0,41,8,45
22.7466,0,41,8,45
22.7636,0,41,8,45
22.7848,0,41,7,44
22.8004,0,41,7,44
22.8157,0,41,8,45
22.8313,0,41,8,45
22.8465,0,41,8,45
22.8627,1,40,7,45
22.8822,1,40,7,45
22.9039,0,41,8,43
22.9228,0,41,8,43
22.9484,0,41,7,46
22.9648,0,41,7,46
22.9815,0,41,7,46
22.9986,0,41,8,43
23.0139,0,41,8,43
23.0298,0,41,8,43
23.0463,0,41,7,43
23.0628,0,41,7,43
23.0765,0,41,7,43
23.0909,1,40,7,45
23.1060,1,40,7,45
23.1228,1,40,7,45
23.1365,1,40,8,43
23.1521,1,40,8,43
23.1660,1,40,8,43
23.1823,0,41,8,45
23.1959,0,41,8,45
23.2128,0,41,8,45
23.2258,0,41,7,43
23.2395,0,41,7,43
23.2552,0,41,7,43
23.2689,1,41,7,44
23.2862,1,41,7,44
23.2998,1,40,7,44
23.3150,1,40,7,43
23.3287,1,40,7,43
23.3452,0,41,7,43
23.3597,0,41,7,43
23.3738,0,41,7,43
23.3882,0,44,7,45
23.4047,0,44,7,45
23.4182,0,44,7,45
23.4341,0,41,8,44
23.4481,0,41,8,44
23.4658,0,41,8,44
23.4796,1,40,7,46
23.4945,1,40,7,46
23.5110,1,40,7,46
23.5248,0,41,8,43
23.5380,0,41,8,43
23.5551,0,41,8,43
23.5684,1,40,8,45
23.5855,1,40,8,45
23.5992,1,40,8,45
23.6149,0,41,7,43
23.6280,0,41,7,43
23.6466,0,41,7,43
23.6600,1,41,7,44
23.6738,1,41,7,44
23.6876,1,41,7,44
23.7058,1,40,8,46
23.7216,1,40,8,46
23.7349,1,40,8,46
23.7535,1,38,11,43
23.7703,1,38,11,43
23.7843,1,38,11,43
23.8022,0,9,36,43
23.8220,0,9,36,43
23.8356,1,8,38,44
23.8543,1,8,38,44
23.8676,1,8,38,44
23.8833,1,9,38,44
23.9043,1,9,38,44
23.9240,1,9,35,43
23.9372,1,9,35,43
23.9546,1,9,35,43
23.9705,0,9,38,43
23.9856,0,9,38,43
24.0071,1,8,38,44
24.0251,1,8,38,44
24.0391,1,8,38,44
24.0536,1,8,36,44
24.0688,1,8,36,44
24.0851,1,8,36,44
24.0988,1,8,38,44
24.1146,1,8,38,44
24.1303,1,8,38,44
24.1464,1,8,38,44
24.1601,1,8,38,44
24.1743,1,8,38,44
24.1915,0,9,38,44
24.2100,0,9,38,44
24.2237,0,9,38,44
24.2394,0,9,38,44
24.2551,0,9,38,44
24.2700,0,9,38,44
24.2835,0,9,36,44
24.3018,0,9,36,44
24.3161,0,9,36,44
24.3318,1,9,38,44
24.3462,1,9,38,44
24.3633,1,9,38,44
24.3775,1,8,39,44
24.3955,1,8,39,44
24.4088,0,9,38,43
24.4237,0,9,38,43
24.4376,0,9,38,43
24.4562,1,9,35,44
24.4697,1,9,35,44
24.4839,1,9,35,44
24.4986,1,8,38,43
24.5156,1,8,38,43
24.5300,1,8,38,43
24.5464,1,8,36,43
24.5600,1,8,36,43
24.5753,1,8,36,43
24.5887,0,9,39,44
24.6054,0,9,39,44
24.6198,0,9,39,44
24.6351,0,9,38,44
24.6525,0,9,38,44
24.6723,0,9,38,44
24.6858,1,9,35,43
24.6992,1,9,35,43
24.7147,1,9,35,43
24.7326,1,8,38,43
24.7482,1,8,38,43
24.7654,1,8,35,44
24.7808,1,8,35,44
24.7996,1,8,35,44
24.8149,1,8,39,44
24.8320,1,8,39,44
24.8549,1,8,38,44
24.8699,1,8,38,44
24.8851,1,8,38,44
24.9081,0,9,38,44
24.9286,0,9,38,44
24.9458,0,9,38,44
24.9610,0,9,38,44
24.9765,0,9,38,44
24.9965,0,9,35,44
25.0176,0,9,35,44
25.0329,0,9,38,44
25.0492,0,9,38,44
25.0641,0,9,38,44
25.0791,0,9,38,43
25.0939,0,9,38,43
25.1107,0,9,38,43
25.1262,0,9,38,43
25.1407,0,9,38,43
25.1556,0,9,38,43
25.1723,1,8,38,44
25.1879,1,8,38,44
25.2058,1,8,38,44
25.2190,0,9,38,43
25.2343,0,9,38,43
25.2491,0,9,38,43
25.2648,0,9,38,43
25.2779,0,9,38,43
25.2946,0,9,35,43
25.3115,0,9,35,44
25.3266,0,9,35,44
25.3403,1,9,38,44
25.3558,1,9,38,44
25.3683,1,9,38,44
25.3848,1,9,35,43
25.3992,1,9,35,43
25.4141,1,9,35,43
25.4289,0,9,38,43
25.4452,0,9,38,43
25.4588,0,9,38,43
25.4751,1,8,35,44
25.4889,1,8,35,44
25.5026,1,8,35,44
25.5177,0,9,39,43
25.5312,0,9,39,43
25.5494,0,9,39,43
25.5625,0,9,38,43
25.5762,0,9,38,43
25.5899,0,9,38,43
25.6071,0,9,38,43
25.6203,0,9,38,43
25.6354,0,9,38,43
25.6499,1,8,35,43
25.6700,1,8,35,43
25.6838,1,8,35,43
25.6989,0,9,39,43
25.7161,0,9,39,43
25.7328,0,9,39,43
25.7467,0,9,36,44
25.7630,0,9,36,44
25.7775,0,9,36,44
25.7978,15,23,7,41
25.8138,15,23,7,41
25.8298,19,23,4,40
25.8449,19,23,4,40
25.8659,18,23,4,40
25.8848,18,23,4,40
25.9051,18,23,4,40
25.9258,18,24,6,41
25.9459,18,24,6,41
25.9617,19,23,4,40
25.9835,19,23,4,40
25.9979,19,23,4,40
26.0155,19,24,6,41
26.0296,19,24,6,41
26.0470,19,24,6,41
26.0608,18,24,6,41
26.0747,18,24,6,41
26.0884,18,24,6,41
26.1036,18,24,6,41
26.1159,18,24,6,41
26.1321,18,24,6,41
26.1456,18,23,6,40
26.1617,18,23,6,40
26.1775,18,24,6,41
26.1953,18,24,6,41
26.2097,18,24,6,41
26.2242,18,24,6,41
26.2375,18,24,6,41
26.2556,18,24,6,41
26.2693,18,23,6,40
26.2837,18,23,6,40
26.2962,18,23,6,40
26.3147,19,23,4,40
26.3280,19,23,4,40
26.3447,19,23,4,40
26.3587,18,23,6,40
26.3746,18,23,6,40
26.3881,18,23,6,40
26.4052,18,23,4,40
26.4183,18,23,4,40
26.4348,18,23,4,40
26.4480,18,23,4,40
26.4639,18,23,4,40
26.4768,18,23,4,40
26.4963,19,23,4,40
26.5095,19,23,4,40
26.5242,19,23,4,40
26.5401,18,24,4,40
26.5566,18,24,4,40
26.5709,18,24,4,40
26.5849,19,23,6,40
26.5989,19,23,6,40
26.6151,19,23,6,40
26.6295,18,23,4,40
26.6462,18,23,4,40
26.6600,18,23,4,40
26.6752,19,23,6,40
26.6903,19,23,6,40
26.7048,19,23,6,40
26.7182,19,23,6,41
26.7330,19,23,6,41
26.7471,19,23,6,41
26.7617,18,24,6,41
26.7757,18,24,6,41
26.7905,18,24,6,41
26.8083,19,23,6,40
26.8242,19,23,6,40
26.8463,19,23,6,41
26.8665,19,23,6,41
26.8813,19,23,6,41
26.9028,18,23,6,41
26.9285,18,23,6,41
26.9463,18,24,6,41
26.9637,18,24,6,41
26.9820,18,24,4,40
26.9978,18,24,4,40
27.0143,18,24,4,40
27.0300,18,24,6,41
27.0452,18,24,6,41
27.0602,18,24,6,41
27.0735,19,24,6,41
27.0900,19,24,6,41
27.1049,19,24,6,41
27.1198,19,23,6,41
27.1335,19,23,6,41
27.1502,19,23,6,41
27.1648,19,24,4,40
27.1837,19,24,4,40
27.1975,19,24,4,40
27.2111,19,23,6,41
27.2262,19,23,6,41
27.2399,19,23,6,41
27.2553,18,23,6,41
27.2685,18,23,6,41
27.2852,18,23,6,41
27.2988,19,23,4,40
27.3146,19,23,4,40
27.3282,19,23,4,40
27.3462,18,24,6,41
27.3598,18,24,6,41
27.3762,18,24,6,41
27.3895,19,23,4,40
27.4049,19,23,4,40
27.4195,19,23,6,40
27.4352,19,23,6,40
27.4484,19,23,6,40
27.4640,19,23,6,40
27.4762,18,23,4,40
27.4949,18,23,4,40
27.5083,19,23,4,40
27.5262,19,23,4,40
27.5399,19,23,4,40
27.5550,18,24,4,40
27.5695,18,24,4,40
27.5840,18,24,4,40
27.5990,18,23,6,40
27.6157,18,23,6,40
27.6292,18,23,6,40
27.6447,18,23,6,40
27.6592,18,23,6,40
27.6757,18,23,6,40
27.6893,18,23,6,40
27.7049,18,23,6,40
27.7211,18,23,6,40
27.7341,18,23,6,40
27.7490,18,23,6,40
27.7660,18,23,6,40
27.7837,18,15,2,35
27.7989,18,15,2,35
27.8154,18,15,2,35
27.8340,21,13,2,34
27.8527,21,13,2,34
27.8736,20,14,2,33
27.8887,20,14,2,33
27.9175,21,14,2,33
27.9466,21,14,2,33
27.9673,21,14,2,30
27.9826,21,14,2,30
27.9962,21,14,2,30
28.0117,21,14,2,33
28.0297,21,14,2,33
28.0452,21,14,3,34
28.0603,21,14,3,34
28.0739,21,14,3,34
28.0904,20,13,3,33
28.1117,20,13,3,33
28.1252,20,13,3,33
28.1415,20,13,2,34
28.1576,20,13,2,34
28.1771,21,14,3,34
28.1938,21,14,3,34
28.2107,21,14,3,34
28.2240,20,14,3,34
28.2387,20,14,3,34
28.2524,20,14,3,34
28.2666,21,13,3,34
28.2812,21,13,3,34
28.2962,21,13,3,34
28.3098,20,13,3,33
28.3240,20,13,3,33
28.3388,20,13,3,33
28.3547,20,14,3,31
28.3691,20,14,3,31
28.3853,20,14,3,31
28.4002,20,14,3,34
28.4161,20,14,3,34
28.4299,20,14,3,34
28.4455,20,14,2,34
28.4615,20,14,2,34
28.4775,20,14,2,34
28.4937,20,14,3,34
28.5072,20,14,3,34
28.5237,20,14,3,34
28.5361,20,14,3,34
28.5521,20,14,3,34
28.5661,20,14,3,34
28.5821,21,14,2,33
28.5962,21,14,2,33
28.6121,21,14,2,33
28.6259,20,14,3,34
28.6419,20,14,3,34
28.6589,21,14,2,34
28.6765,21,14,2,34
28.6907,21,14,2,34
28.7048,20,14,2,34
28.7221,20,14,2,34
28.7358,20,14,2,34
28.7482,20,14,2,34
28.7659,20,14,2,33
28.7821,20,14,2,33
28.8009,20,13,3,34
28.8149,20,13,3,34
28.8342,20,13,3,34
28.8487,21,13,2,33
28.8626,21,13,2,33
28.8812,21,13,2,33
28.9123,20,14,3,34
28.9288,21,13,2,33
28.9469,21,13,2,33
28.9608,21,13,2,33
28.9746,20,14,2,34
28.9922,20,14,2,34
29.0094,20,14,2,34
29.0243,20,14,2,34
29.0449,20,14,2,34
29.0615,20,14,2,34
29.0746,20,14,2,30
29.0913,20,14,2,30
29.1057,20,14,3,34
29.1225,20,14,3,34
29.1369,20,14,3,34
29.1522,20,14,2,34
29.1667,20,14,2,34
29.1835,20,14,2,34
29.1973,21,13,3,34
29.2129,21,13,3,34
29.2293,21,13,3,34
29.2453,20,14,3,34
29.2602,20,14,3,34
29.2741,20,14,3,34
29.2905,21,14,2,33
29.3113,21,14,2,33
29.3252,21,14,2,33
29.3413,21,14,2,33
29.3589,21,14,2,33
29.3751,21,14,3,34
29.3890,21,14,3,34
29.4061,21,14,3,34
29.4225,20,13,3,33
29.4364,20,13,3,33
29.4501,20,13,3,33
29.4659,20,14,2,34
29.4792,20,14,2,34
29.4952,20,14,2,34
29.5101,20,14,3,34
29.5251,20,14,3,34
29.5389,20,14,3,34
29.5555,20,14,3,34
29.5690,20,14,3,34
29.5876,20,14,3,34
29.6058,20,13,3,33
29.6225,20,13,3,33
29.6361,20,13,2,34
29.6601,20,13,2,34
29.6737,20,13,2,34
29.6919,21,14,3,34
29.7114,21,14,3,34
29.7268,20,14,3,34
29.7457,20,14,3,34
29.7647,20,14,3,34
29.7817,14,21,11,41
29.7980,14,21,11,41
29.8151,0,36,26,59
29.8301,0,36,26,59
29.8483,0,36,26,59
29.8643,1,35,26,56
29.8801,1,35,26,56
29.9066,0,36,26,59
29.9265,0,36,26,59
29.9448,0,36,26,59
29.9591,1,35,28,58
29.9753,1,35,28,58
29.9955,1,36,28,59
30.0124,1,36,28,59
30.0313,1,36,28,59
30.0458,1,35,28,58
30.0613,1,35,28,58
30.0747,1,35,28,58
30.0913,0,36,28,58
30.1071,0,36,28,58
30.1246,1,35,26,58
30.1382,1,35,26,58
30.1552,1,35,26,58
30.1687,0,36,28,59
30.1863,0,36,28,59
30.1995,0,36,28,59
30.2136,1,35,28,59
30.2270,1,35,28,55
30.2452,1,35,28,55
30.2583,0,34,26,55
30.2735,0,34,26,55
30.2870,0,34,26,55
30.3069,0,36,26,59
30.3198,0,36,26,59
30.3340,0,36,26,59
30.3481,1,36,30,59
30.3649,1,36,30,59
30.3785,1,36,30,59
30.3962,0,36,30,59
30.4108,0,36,30,59
30.4270,0,36,30,59
30.4407,0,36,28,59
30.4547,0,36,28,59
30.4696,0,36,28,59
30.4848,1,36,28,58
30.4984,1,36,28,58
30.5138,1,36,28,58
30.5280,1,36,28,59
30.5453,1,36,28,59
30.5591,1,36,28,59
30.5737,1,35,28,58
30.5891,1,35,28,58
30.6048,1,35,28,58
30.6180,0,36,28,58
30.6355,0,36,28,58
30.6479,0,36,28,58
30.6720,0,36,28,58
30.6919,0,36,28,58
30.7087,1,36,28,59
30.7268,1,36,28,59
30.7423,1,35,26,59
30.7648,1,35,26,59
30.7850,1,35,26,59
30.8032,0,36,28,58
30.8202,0,36,28,58
30.8342,1,36,28,59
30.8501,1,36,28,59
30.8642,1,36,28,59
30.8833,0,36,26,59
30.9056,0,36,26,59
30.9214,0,36,28,58
30.9405,0,36,28,58
30.9634,0,36,28,58
30.9783,1,35,26,58
30.9917,1,35,26,58
31.0142,0,36,28,58
31.0318,0,36,28,58
31.0463,0,36,28,58
31.0650,0,36,28,58
31.0787,0,36,28,58
31.0952,0,36,28,58
31.1088,1,35,26,59
31.1241,1,35,26,59
31.1376,1,35,26,59
31.1544,0,36,28,58
31.1674,0,36,28,58
31.1853,0,36,28,58
31.2000,1,36,28,59
31.2145,1,36,28,59
31.2290,1,36,28,59
31.2445,0,36,26,59
31.2593,0,36,26,59
31.2747,0,36,26,59
31.2884,0,36,26,59
31.3043,0,36,26,59
31.3189,0,36,26,59
31.3322,0,36,26,59
31.3471,0,36,26,59
31.3600,0,36,26,59
31.3756,0,36,28,58
31.3916,0,36,28,58
31.4070,1,35,26,58
31.4245,1,35,26,58
31.4383,1,35,26,58
31.4558,0,36,28,58
31.4708,0,36,28,58
31.4846,0,36,28,58
31.4985,1,35,28,58
31.5135,1,35,28,58
31.5272,1,35,28,58
31.5452,1,35,26,58
31.5607,1,35,26,58
31.5747,1,35,26,58
31.5888,0,36,28,59
31.6057,0,36,28,59
31.6197,0,36,28,59
31.6334,0,36,26,58
31.6489,0,36,26,58
31.6711,0,36,26,58
31.6847,1,35,26,59
31.7019,1,35,26,59
31.7236,1,35,26,59
31.7395,1,35,26,59
31.7560,1,35,26,59
31.7754,3,30,28,56
31.7905,3,30,28,56
31.8073,3,30,28,56
31.8223,15,5,20,40
31.8385,15,5,20,40
31.8556,16,6,21,40
31.8764,16,6,21,40
31.8919,15,5,20,41
31.9130,15,5,20,41
31.9311,15,5,20,41
31.9458,15,5,20,41
31.9643,15,5,20,41
31.9831,15,5,20,41
31.9993,16,6,21,41
32.0160,16,6,21,41
32.0358,15,5,20,40
32.0493,15,5,20,40
32.0656,15,5,20,40
32.0789,16,6,21,40
32.0962,16,6,21,40
32.1116,16,6,21,40
32.1252,16,6,21,41
32.1388,16,6,21,41
32.1532,16,6,21,41
32.1653,15,5,20,40
32.1846,15,5,20,40
32.1991,15,5,20,40
32.2147,15,5,22,40
32.2306,15,5,22,40
32.2452,15,5,22,40
32.2602,16,6,20,40
32.2739,16,6,20,40
32.2913,16,6,20,40
32.3050,15,5,22,41
32.3213,15,5,22,41
32.3351,15,5,22,41
32.3521,16,6,21,40
32.3655,16,6,21,40
32.3849,16,6,21,40
32.3981,16,5,22,40
32.4133,16,5,22,40
32.4285,15,5,20,40
32.4453,15,5,20,40
32.4598,15,5,20,40
32.4735,15,5,20,40
32.4904,15,5,20,40
32.5051,15,5,20,40
32.5190,16,6,21,40
32.5350,16,6,21,40
32.5486,16,6,21,40
32.5662,16,6,23,41
32.5798,16,6,23,41
32.5942,16,6,23,41
32.6122,15,5,20,41
32.6255,15,5,20,41
32.6401,15,5,20,41
32.6549,16,6,21,40
32.6715,16,6,21,40
32.6862,16,6,21,40
32.7041,15,5,22,40
32.7184,15,5,22,40
32.7315,15,5,22,40
32.7486,16,6,23,41
32.7660,16,6,23,41
32.7822,16,6,23,41
32.7986,15,5,20,41
32.8183,15,5,20,41
32.8324,15,6,23,41
32.8472,15,6,23,41
32.8645,15,6,23,41
32.8836,16,6,23,41
32.9033,16,6,23,41
32.9192,16,5,22,40
32.9372,16,5,22,40
32.9547,16,5,22,40
32.9742,16,6,23,41
32.9886,16,6,23,41
33.0096,16,5,20,41
33.0313,16,5,20,41
33.0452,16,5,20,41
33.0622,16,6,21,40
33.0771,16,6,21,40
33.0906,16,6,21,40
33.1058,16,6,23,41
33.1192,16,6,23,41
33.1345,16,6,23,41
33.1480,15,5,20,41
33.1653,15,5,20,41
33.1788,15,5,20,41
33.1948,15,5,22,41
33.2119,15,5,22,41
33.2257,15,5,22,41
33.2414,15,5,20,40
33.2596,15,5,20,40
33.2742,15,5,22,40
33.2890,15,5,22,40
33.3029,15,5,22,40
33.3171,15,5,22,40
33.3316,15,5,22,40
33.3453,15,5,22,40
33.3595,15,5,22,40
33.3738,15,5,20,40
33.3892,15,5,20,40
33.4046,15,5,20,40
33.4178,16,6,23,41
33.4342,16,6,23,41
33.4478,15,5,20,41
33.4667,15,5,20,41
33.4806,15,5,20,41
33.4963,15,5,20,40
33.5089,15,5,20,40
33.5246,15,5,20,40
33.5376,16,6,21,40
33.5543,16,6,21,40
33.5682,16,6,21,40
33.5865,16,5,20,41
33.6003,16,5,20,41
33.6141,16,5,20,41
33.6288,16,5,20,41
33.6453,16,5,20,41
33.6590,16,5,20,41
33.6743,16,5,20,41
33.6878,16,5,20,41
33.7075,16,5,20,41
33.7212,16,6,23,41
33.7370,16,6,23,41
33.7531,16,6,23,41
33.7722,16,6,20,40
33.7916,16,6,20,40
33.8092,11,8,29,44
33.8257,11,8,29,44
33.8392,11,8,29,44
33.8597,11,9,29,43
33.8791,11,9,29,43
33.9036,10,9,30,44
33.9290,10,9,30,44
33.9443,11,8,30,44
33.9640,11,8,30,44
33.9791,11,8,30,44
33.9951,11,8,30,44
34.0111,11,8,30,44
34.0260,11,8,29,43
34.0396,11,8,29,43
34.0566,11,8,29,43
34.0685,11,8,30,44
34.0859,11,8,30,44
34.1002,11,8,30,44
34.1160,10,9,29,44
34.1313,10,9,29,44
34.1452,10,9,29,44
34.1597,11,8,29,44
34.1740,11,8,29,44
34.1888,11,8,29,44
34.2058,11,8,30,44
34.2189,11,8,30,44
34.2344,11,8,30,44
34.2472,10,9,29,44
34.2607,10,9,29,44
34.2759,10,9,29,44
34.2893,10,9,29,44
34.3046,10,9,29,43
34.3198,10,9,29,43
34.3343,10,9,29,43
34.3482,10,9,29,44
34.3642,10,9,29,44
34.3781,11,8,29,43
34.3954,11,8,29,43
34.4093,11,8,29,43
34.4233,10,8,30,44
34.4380,10,8,30,44
34.4542,10,8,30,44
34.4681,11,8,30,44
34.4834,11,8,30,44
34.4956,11,8,30,44
34.5142,10,9,29,44
34.5279,10,9,29,44
34.5446,10,9,29,44
34.5582,10,9,29,44
34.5743,10,9,29,44
34.5887,10,9,29,44
34.6031,10,9,29,44
34.6170,10,9,29,44
34.6341,10,9,29,44
34.6472,10,9,29,44
34.6724,10,9,29,44
34.6853,10,9,29,44
34.7042,10,8,30,44
34.7192,10,8,30,44
34.7357,10,9,29,44
34.7494,10,9,29,44
34.7681,10,9,29,44
34.7818,11,8,29,44
34.7988,11,8,29,44
34.8135,11,8,29,44
34.8292,10,8,30,44
34.8454,10,8,30,44
34.8653,10,8,30,44
34.8831,11,9,29,43
34.9060,11,9,29,43
34.9284,10,9,29,43
34.9456,10,9,29,43
34.9602,11,8,30,44
34.9805,11,8,30,44
34.9945,11,8,30,44
35.0098,10,9,30,44
35.0240,10,9,30,44
35.0390,10,9,30,44
35.0530,10,8,30,44
35.0675,10,8,30,44
35.0814,10,8,30,44
35.0962,10,9,29,43
35.1105,10,9,29,43
35.1255,10,9,29,43
35.1388,10,9,29,43
35.1529,10,9,29,43
35.1665,10,9,29,43
35.1857,10,9,29,43
35.1990,10,9,29,43
35.2136,10,9,29,43
35.2278,11,8,30,44
35.2452,11,8,30,44
35.2585,11,8,30,44
35.2742,10,9,29,43
35.2876,10,9,29,43
35.3059,10,9,29,43
35.3189,11,8,29,43
35.3331,11,8,29,43
35.3472,11,8,29,43
35.3647,10,9,29,43
35.3783,10,9,29,43
35.3951,10,9,29,43
35.4109,11,8,30,44
35.4255,11,8,30,44
35.4389,11,8,30,44
35.4530,11,8,30,43
35.4661,11,8,30,43
35.4817,11,8,30,43
35.4953,11,8,30,44
35.5132,11,8,30,44
35.5271,11,8,30,44
35.5455,10,9,29,44
35.5595,10,9,29,44
35.5733,10,9,29,44
35.5884,10,9,29,44
35.6046,10,9,29,44
35.6185,10,9,29,44
35.6336,10,9,29,44
35.6472,10,9,29,44
35.6709,10,9,29,44
35.6846,10,9,29,44
35.7017,10,9,29,44
35.7233,10,9,29,44
35.7387,10,9,29,44
35.7590,10,9,29,44
35.7757,10,9,29,44
35.7907,10,9,29,44
35.8069,8,28,13,45
35.8233,8,28,13,45
35.8400,8,39,7,45
35.8587,8,39,7,45
35.8780,8,39,7,45
35.8994,9,35,7,45
35.9202,9,35,7,45
35.9355,9,39,7,45
35.9551,9,39,7,45
35.9725,9,39,7,45
35.9887,9,38,8,45
36.0120,9,38,8,45
36.0260,8,35,8,46
36.0440,8,35,8,46
36.0578,8,35,8,46
36.0708,8,38,7,46
36.0864,8,38,7,46
36.1028,8,38,7,46
36.1148,9,38,8,46
36.1281,9,38,8,46
36.1446,9,38,8,46
36.1568,8,38,7,46
36.1750,8,38,7,46
36.1904,8,38,7,46
36.2068,8,39,8,46
36.2217,8,39,8,46
36.2356,8,39,8,46
36.2489,9,36,7,45
36.2663,9,36,7,45
36.2815,9,36,7,45
36.2953,8,39,7,46
36.3090,8,39,7,46
36.3241,8,39,7,46
36.3381,9,39,7,45
36.3547,9,39,7,45
36.3680,9,39,7,45
36.3833,9,38,7,46
36.3980,9,38,7,46
36.4153,9,38,7,46
36.4287,8,38,7,45
36.4446,8,38,7,45
36.4603,8,38,7,45
36.4746,9,38,8,45
36.4878,9,38,8,45
36.5052,9,38,8,45
36.5189,9,35,7,45
36.5347,9,35,7,45
36.5478,9,35,7,45
36.5632,8,35,7,46
36.5763,8,35,7,46
36.5975,8,38,7,46
36.6126,8,38,7,46
36.6285,8,38,7,46
36.6440,8,39,7,46
36.6589,8,39,7,46
36.6726,8,39,7,46
36.6895,9,39,7,45
36.7030,9,39,7,45
36.7192,9,39,7,45
36.7329,8,38,8,45
36.7534,8,38,8,45
36.7731,8,38,8,45
36.7867,9,38,8,45
36.8062,9,38,8,45
36.8226,8,39,8,45
36.8377,8,39,8,45
36.8559,8,39,8,45
36.8745,8,39,7,46
36.8913,8,39,7,46
36.9205,9,39,7,45
36.9375,9,39,7,45
36.9514,9,35,7,46
36.9664,9,35,7,46
36.9833,9,35,7,46
37.0006,9,38,8,45
37.0212,9,38,8,45
37.0345,9,38,8,45
37.0515,8,39,7,45
37.0657,8,39,7,45
37.0825,8,39,7,45
37.0956,9,39,7,45
37.1118,9,39,7,45
37.1267,8,35,7,45
37.1452,8,35,7,45
37.1582,8,35,7,45
37.1736,8,39,7,46
37.1891,8,39,7,46
37.2067,8,39,7,46
37.2198,8,35,7,45
37.2344,8,35,7,45
37.2475,8,35,7,45
37.2658,8,39,7,46
37.2792,8,39,7,46
37.2956,8,39,7,46
37.3118,9,39,7,45
37.3254,9,39,7,45
37.3392,9,39,7,45
37.3559,8,38,8,45
37.3681,8,38,8,45
37.3841,8,38,8,45
37.3972,9,38,8,45
37.4131,9,38,8,45
37.4271,9,38,8,45
37.4456,8,38,8,45
37.4603,8,38,8,45
37.4743,8,38,8,45
37.4901,8,39,7,46
37.5053,8,39,7,46
37.5190,8,39,7,46
37.5342,8,35,7,45
37.5478,8,35,7,45
37.5655,8,35,7,45
37.5792,8,36,8,45
37.5946,8,36,8,45
37.6102,8,36,8,45
37.6240,9,35,7,45
37.6377,9,35,7,45
37.6530,9,35,7,45
37.6678,9,38,7,46
37.6843,9,38,7,46
37.7004,9,38,7,46
37.7162,8,39,7,46
37.7306,8,39,7,46
37.7467,8,39,7,46
37.7615,9,39,7,45
37.7773,9,39,7,45
37.7960,10,34,9,46
37.8132,10,34,9,46
37.8324,10,34,9,46
37.8468,14,26,14,49
37.8649,14,26,14,49
37.8805,14,26,14,49
37.9007,13,25,13,48
37.9232,13,25,13,48
37.9372,13,25,13,48
37.9526,13,25,13,48
37.9664,13,26,14,49
37.9855,13,26,14,49
38.0001,13,26,14,49
38.0146,14,26,14,48
38.0325,14,26,14,48
38.0453,14,26,14,48
38.0598,13,25,14,49
38.0741,13,25,14,49
38.0886,13,25,14,49
38.1047,14,26,13,48
38.1178,14,26,13,48
38.1328,14,26,13,48
38.1472,13,26,14,49
38.1687,13,26,14,49
38.1846,13,26,14,49
38.2038,13,25,13,48
38.2210,13,25,13,48
38.2345,13,25,13,48
38.2509,14,26,14,48
38.2635,14,26,14,48
38.2811,14,25,13,48
38.2952,14,25,13,48
38.3118,14,25,13,48
38.3258,13,26,14,49
38.3412,13,26,14,49
38.3559,13,26,14,49
38.3716,14,25,13,48
38.3857,14,25,13,48
38.4046,14,25,13,48
38.4181,13,25,14,49
38.4359,13,25,14,49
38.4494,13,25,14,49
38.4624,14,25,13,49
38.4781,14,25,13,49
38.4910,14,25,13,49
38.5109,14,26,15,49
38.5246,14,26,15,49
38.5410,14,26,15,49
38.5570,14,26,14,49
38.5748,14,26,14,49
38.5886,13,25,14,49
38.6048,13,25,13,48
38.6223,13,25,13,48
38.6345,13,25,15,48
38.6492,13,25,15,48
38.6708,13,25,15,48
38.6853,13,25,13,48
38.7051,13,25,13,48
38.7231,13,25,13,48
38.7369,14,26,14,49
38.7532,14,26,14,49
38.7708,13,25,13,48
38.7912,13,25,13,48
38.8069,13,25,13,48
38.8234,14,25,13,48
38.8369,14,25,13,48
38.8560,14,25,13,48
38.8692,14,26,14,48
38.8817,14,26,14,48
38.9041,14,25,13,48
38.9291,14,25,13,48
38.9458,13,26,14,49
38.9629,13,26,14,49
38.9831,13,26,14,49
38.9983,14,25,13,48
39.0141,14,25,13,48
39.0340,13,26,14,49
39.0515,13,26,14,49
39.0651,13,26,14,49
39.0821,14,25,15,49
39.0964,14,25,15,49
39.1106,14,25,15,49
39.1246,13,25,13,48
39.1377,13,25,13,48
39.1568,13,25,13,48
39.1706,13,25,13,48
39.1881,13,25,13,48
39.2012,13,25,13,48
39.2151,13,25,13,48
39.2312,13,25,13,48
39.2452,13,25,13,48
39.2586,13,25,13,48
39.2740,13,25,13,48
39.2877,13,25,13,48
39.3048,13,25,13,48
39.3185,13,25,13,48
39.3316,13,25,13,48
39.3480,13,25,13,48
39.3621,13,25,13,48
39.3763,13,25,13,48
39.3898,13,25,13,48
39.4053,13,25,13,48
39.4198,13,25,13,48
39.4342,13,25,15,48
39.4474,13,25,15,48
39.4632,13,25,15,48
39.4773,13,25,13,48
39.4960,13,25,13,48
39.5097,13,25,13,48
39.5253,13,25,13,48
39.5400,13,25,13,48
39.5550,13,25,13,48
39.5692,13,26,14,49
39.5854,13,26,14,49
39.5999,13,26,14,49
39.6148,13,25,13,48
39.6282,13,25,13,48
39.6462,13,25,13,48
39.6710,13,26,14,49
39.6859,13,26,14,49
39.7055,14,25,15,49
39.7209,14,25,15,49
39.7360,14,25,15,49
39.7499,13,26,14,49
39.7660,13,26,14,49
39.7812,13,26,14,49
39.7967,13,23,14,45
39.8109,13,23,14,45
39.8263,13,23,14,45
39.8409,23,3,1,24
39.8572,23,3,1,24
39.8738,24,4,1,24
39.8900,24,4,1,24
39.9132,24,4,1,24
39.9311,23,4,1,23
39.9523,23,4,1,23
39.9716,24,4,1,24
39.9871,24,4,1,24
40.0043,24,4,1,24
40.0204,24,3,0,24
40.0339,24,3,0,24
40.0468,24,3,0,24
40.0650,23,3,0,24
40.0781,23,3,0,24
40.0954,23,3,0,24
40.1091,24,3,1,24
40.1221,24,3,1,24
40.1368,24,3,1,24
40.1521,23,4,1,23
40.1709,23,4,1,23
40.1866,24,3,1,24
40.2057,24,3,1,24
40.2190,24,3,1,24
40.2351,23,4,1,23
40.2516,23,4,1,23
40.2653,23,4,1,23
40.2816,24,3,1,24
40.2968,24,3,1,24
40.3116,24,3,1,24
40.3251,24,3,1,23
40.3417,24,3,1,23
40.3565,24,3,1,23
40.3739,24,3,1,24
40.3869,24,3,1,24
40.4028,24,3,1,24
40.4170,24,3,0,24
40.4353,24,3,0,24
40.4490,24,3,0,24
40.4642,23,3,0,24
40.4788,23,3,0,24
40.4955,23,3,0,24
40.5090,24,3,1,24
40.5228,24,3,1,24
40.5365,23,3,0,24
40.5550,23,3,0,24
40.5684,23,3,0,24
40.5850,24,4,1,24
40.6019,24,4,1,24
40.6161,24,4,1,24
40.6314,24,3,1,23
40.6472,24,3,1,23
40.6734,24,3,1,23
40.6863,24,4,1,24
40.7041,24,4,1,24
40.7179,24,3,1,23
40.7348,24,3,1,23
40.7492,24,3,1,23
40.7641,24,4,1,24
40.7812,24,4,1,24
40.7974,24,4,1,24
40.8112,24,3,1,23
40.8287,24,3,1,23
40.8461,24,3,1,23
40.8631,24,4,1,24
40.8817,24,4,1,24
40.9027,24,3,1,23
40.9200,24,3,1,23
40.9413,24,4,1,24
40.9567,24,4,1,24
40.9751,24,4,1,24
40.9891,24,3,1,23
41.0030,24,3,1,23
41.0215,24,3,1,23
41.0345,24,4,1,24
41.0481,24,4,1,24
41.0627,24,4,1,24
41.0760,24,4,1,24
41.0923,24,4,1,24
41.1071,24,4,1,24
41.1206,23,3,1,24
41.1362,23,3,1,24
41.1519,23,3,1,24
41.1659,23,3,1,24
41.1793,23,3,1,24
41.1975,23,3,1,24
41.2122,24,4,1,23
41.2265,24,4,1,23
41.2401,24,4,1,23
41.2558,23,3,0,24
41.2702,23,3,0,24
41.2843,23,3,0,24
41.2983,24,3,0,24
41.3145,24,3,0,24
41.3282,24,3,0,24
41.3452,23,3,0,24
41.3595,23,3,0,24
41.3739,23,3,0,24
41.3879,24,3,1,24
41.4042,24,3,1,24
41.4179,24,3,1,24
41.4328,23,3,0,24
41.4466,23,3,0,24
41.4647,23,3,0,24
41.4780,24,3,1,23
41.4973,24,3,1,23
41.5102,24,3,1,23
41.5246,23,3,0,24
41.5380,23,3,0,24
41.5529,23,3,0,24
41.5666,24,4,1,23
41.5840,24,4,1,23
41.5979,24,4,1,23
41.6128,24,3,0,24
41.6265,24,3,0,24
41.6458,24,3,0,24
41.6600,23,3,0,24
41.6745,23,3,0,24
41.6891,24,3,1,24
41.7084,24,3,1,24
41.7219,24,3,1,24
41.7359,24,3,1,24
41.7507,23,3,0,24
41.7659,23,3,0,24
41.7802,23,3,0,24
41.7992,24,4,1,24
41.8212,24,4,1,24
41.8365,1,40,8,43
41.8530,1,40,8,43
41.8689,1,40,7,44
41.8877,1,40,7,44
41.9065,1,40,7,44
41.9273,0,41,8,44
41.9442,0,41,8,44
41.9611,1,40,7,44
41.9826,1,40,7,44
41.9988,1,40,7,44
42.0148,1,40,8,43
42.0299,1,40,8,43
42.0446,1,40,8,43
42.0607,0,41,8,44
42.0743,0,41,8,44
42.0872,0,41,8,44
42.1048,1,41,7,46
42.1187,1,41,7,46
42.1342,1,41,7,46
42.1485,0,41,7,43
42.1636,0,41,7,43
42.1796,0,41,7,44
42.1964,0,41,7,44
42.2099,0,41,7,44
42.2251,1,40,7,44
42.2385,1,40,7,43
42.2521,1,40,7,43
42.2685,1,40,7,43
42.2821,0,41,8,44
42.2960,0,41,8,44
42.3126,0,41,8,44
42.3260,1,40,7,44
42.3456,1,40,7,44
42.3587,0,41,8,44
42.3738,0,41,8,44
42.3883,0,41,8,44
42.4042,1,40,7,43
42.4177,1,40,7,43
42.4329,1,40,7,43
42.4472,1,40,7,44
42.4639,1,40,7,44
42.4769,1,40,7,44
42.4961,1,40,7,46
42.5107,1,40,7,46
42.5257,1,40,7,46
42.5395,1,40,8,44
42.5546,1,40,8,44
42.5697,1,40,8,44
42.5840,1,41,8,43
42.5985,1,41,8,43
42.6141,1,41,8,43
42.6281,0,41,7,45
42.6455,0,41,7,45
42.6588,0,41,7,45
42.6725,0,41,7,46
42.6899,0,41,7,46
42.7048,0,41,7,46
42.7251,1,41,8,43
42.7368,1,41,8,43
42.7586,0,41,7,43
42.7734,0,41,7,43
42.7867,0,41,7,43
42.8036,0,41,7,44
42.8210,0,41,7,44
42.8355,0,41,7,44
42.8512,0,41,7,44
42.8650,0,41,7,44
42.8857,0,41,7,44
42.9017,1,40,7,44
42.9262,1,40,7,44
42.9447,0,41,7,44
42.9612,0,41,7,44
42.9795,0,41,7,44
42.9961,0,41,7,44
43.0152,0,41,7,44
43.0303,1,41,7,44
43.0453,1,41,7,44
43.0601,1,41,7,44
43.0741,0,41,7,44
43.0867,0,41,7,44
43.1037,0,41,7,44
43.1169,1,40,7,43
43.1330,1,40,7,43
43.1453,1,40,7,43
43.1611,0,41,8,44
43.1758,0,41,8,44
43.1920,0,41,8,44
43.2088,0,41,7,43
43.2239,0,41,7,43
43.2376,0,41,7,43
43.2543,1,40,7,43
43.2668,1,40,7,43
43.2838,1,40,7,43
43.2975,1,40,7,43
43.3140,1,40,7,43
43.3277,1,40,7,43
43.3439,1,40,8,43
43.3576,1,40,8,43
43.3727,1,40,8,43
43.3868,1,41,7,46
43.4038,1,41,7,46
43.4173,1,41,7,46
43.4340,0,41,7,43
43.4478,0,41,7,43
43.4638,0,41,7,43
43.4786,0,41,7,44
43.4942,0,41,7,44
43.5097,1,41,7,44
43.5237,1,40,7,43
43.5371,1,40,7,43
43.5526,1,40,7,43
43.5666,0,41,8,44
43.5847,0,41,8,44
43.5985,1,40,8,44
43.6132,1,40,7,44
43.6271,1,40,7,44
43.6440,0,41,8,44
43.6580,0,41,8,44
43.6741,0,41,8,44
43.6885,1,40,7,44
43.7060,1,40,7,44
43.7185,1,40,7,44
43.7329,1,40,8,43
43.7535,1,40,8,43
43.7703,1,40,8,43
43.7853,0,41,8,44
43.8042,0,41,8,44
43.8198,1,16,30,44
43.8348,1,16,30,44
43.8501,1,16,30,44
43.8661,0,9,35,43
43.8809,0,9,35,43
43.8992,0,9,35,43
43.9216,1,9,35,43
43.9398,1,9,35,43
43.9547,0,9,35,44
43.9697,0,9,35,44
43.9876,0,9,35,44
44.0062,1,9,35,44
44.0219,1,9,35,44
44.0356,1,9,35,44
44.0545,0,9,35,43
44.0680,0,9,35,43
44.0852,0,9,35,43
44.0985,0,9,36,43
44.1130,0,9,36,43
44.1256,0,9,36,43
44.1409,1,9,35,44
44.1553,1,9,35,44
44.1733,1,9,35,44
44.1895,1,8,35,43
44.2051,1,8,35,43
44.2182,1,9,35,44
44.2343,1,9,35,44
44.2495,1,9,35,44
44.2641,1,9,35,43
44.2782,1,9,35,43
44.2943,1,9,35,43
44.3098,0,9,35,44
44.3240,0,9,35,44
44.3370,0,9,35,44
44.3527,0,9,36,44
44.3666,0,9,36,43
44.3851,0,9,36,43
44.3989,1,8,35,43
44.4126,1,8,35,43
44.4263,1,8,35,43
44.4440,0,9,36,44
44.4576,0,9,36,44
44.4726,0,9,36,44
44.4865,0,9,35,43
44.5040,0,9,35,43
44.5177,0,9,35,43
44.5342,1,8,38,44
44.5478,1,8,38,44
44.5650,1,8,38,44
44.5781,1,9,35,44
44.5966,1,9,35,44
44.6125,1,9,35,44
44.6263,0,9,35,44
44.6396,0,9,35,44
44.6552,0,9,35,44
44.6690,1,8,36,43
44.6851,1,8,36,43
44.6997,1,8,36,43
44.7146,0,9,35,44
44.7300,0,9,35,44
44.7456,0,9,35,44
44.7652,0,9,36,44
44.7825,0,9,36,44
44.7961,0,9,35,43
44.8133,0,9,35,43
44.8287,0,9,35,43
44.8457,0,9,35,43
44.8631,0,9,35,43
44.8800,0,9,35,43
44.8952,0,9,35,44
44.9222,0,9,35,44
44.9365,0,9,35,44
44.9518,0,9,35,44
44.9678,0,9,35,44
44.9917,0,9,39,43
45.0064,0,9,39,43
45.0229,1,8,36,43
45.0374,1,8,36,43
45.0540,1,8,36,43
45.0671,0,9,35,44
45.0861,0,9,35,44
45.0996,0,9,35,44
45.1140,0,9,35,44
45.1289,0,9,35,44
45.1468,0,9,35,44
45.1608,0,9,35,44
45.1740,0,9,35,44
45.1894,0,9,35,44
45.2062,0,9,36,44
45.2200,0,9,36,44
45.2340,0,9,36,44
45.2471,0,9,38,43
45.2635,0,9,38,43
45.2782,0,9,38,43
45.2940,0,9,35,44
45.3072,0,9,35,44
45.3227,0,9,35,44
45.3370,0,9,38,44
45.3539,0,9,38,44
45.3683,0,9,38,44
45.3835,1,9,35,44
45.3973,1,9,35,44
45.4158,1,9,35,44
45.4295,1,9,35,43
45.4504,1,9,35,43
45.4641,0,9,35,44
45.4796,0,9,35,44
45.4955,0,9,35,44
45.5125,0,9,36,43
45.5280,0,9,36,43
45.5440,0,9,36,43
45.5572,1,9,38,43
45.5738,1,9,38,43
45.5880,1,9,38,43
45.6038,1,8,35,44
45.6171,1,8,35,44
45.6323,1,8,35,44
45.6481,1,8,39,44
45.6705,1,8,39,44
45.6866,0,9,36,44
45.7075,0,9,36,44
45.7229,0,9,36,44
45.7378,0,9,35,43
45.7561,0,9,35,43
45.7754,0,9,35,43
45.7891,0,9,35,43
45.8091,0,9,35,43
45.8258,8,16,23,41
45.8420,8,16,23,41
45.8623,19,23,6,41
45.8793,19,23,6,41
45.8942,19,24,6,41
45.9267,19,24,6,41
45.9441,18,23,6,41
45.9628,18,23,6,41
45.9818,18,23,6,41
45.9968,18,24,6,41
46.0120,18,24,6,41
46.0292,18,24,6,41
46.0440,18,24,4,40
46.0587,18,24,4,40
46.0718,18,24,4,40
46.0880,19,24,4,40
46.1106,19,24,4,40
46.1240,19,24,4,40
46.1404,19,24,4,40
46.1527,19,24,4,40
46.1720,19,23,6,41
46.1867,19,23,6,41
46.2056,19,23,6,41
46.2202,18,23,6,41
46.2337,18,23,6,41
46.2473,18,23,6,41
46.2627,19,24,4,40
46.2759,19,24,4,40
46.2954,19,24,4,40
46.3086,19,24,4,40
46.3225,19,24,4,40
46.3385,19,24,4,40
46.3536,19,23,4,40
46.3675,19,23,4,40
46.3832,19,23,4,40
46.3976,18,23,4,40
46.4137,18,23,4,40
46.4270,18,23,4,40
46.4447,18,24,6,41
46.4582,18,24,6,41
46.4750,18,24,6,41
46.4883,19,23,4,40
46.5046,19,23,4,40
46.5186,19,23,4,40
46.5337,18,23,6,41
46.5473,18,23,6,41
46.5625,18,23,6,41
46.5785,18,23,6,40
46.5957,18,23,6,40
46.6095,18,23,6,40
46.6247,18,23,4,40
46.6382,18,23,4,40
46.6535,18,23,4,40
46.6680,18,23,4,40
46.6825,18,23,4,40
46.6962,18,24,6,40
46.7151,18,24,6,41
46.7320,18,24,6,41
46.7469,18,23,4,40
46.7647,18,23,4,40
46.7805,18,23,4,40
46.8023,18,24,6,41
46.8188,18,24,6,41
46.8343,19,24,6,41
46.8522,19,24,6,41
46.8696,19,24,6,41
46.8848,19,24,6,41
46.9077,19,24,6,41
46.9261,18,23,6,40
46.9443,18,23,6,40
46.9631,18,23,6,40
46.9762,18,24,6,41
46.9950,18,24,6,41
47.0120,18,23,6,40
47.0283,18,23,6,40
47.0416,18,23,6,40
47.0585,19,23,4,40
47.0728,19,23,4,40
47.0865,19,23,4,40
47.1002,18,23,6,40
47.1143,18,23,6,40
47.1291,18,23,6,40
47.1455,18,23,4,40
47.1591,18,23,4,40
47.1736,18,23,4,40
47.1883,18,23,4,40
47.2039,18,23,4,40
47.2179,18,23,4,40
47.2341,18,24,6,41
47.2491,18,24,6,41
47.2627,18,24,6,41
47.2777,19,23,4,40
47.2913,19,23,4,40
47.3111,19,23,4,40
47.3243,19,24,4,40
47.3406,19,24,4,40
47.3562,19,24,4,40
47.3729,18,23,6,40
47.3876,18,23,6,40
47.4038,18,23,6,40
47.4174,18,23,6,40
47.4323,18,23,6,40
47.4477,18,23,6,40
47.4650,18,23,6,40
47.4787,18,23,6,40
47.4925,18,23,6,40
47.5086,18,24,6,40
47.5237,18,24,6,40
47.5371,18,24,6,40
47.5553,19,23,4,40
47.5694,19,23,4,40
47.5850,19,23,4,40
47.5987,18,23,4,40
47.6126,18,23,4,40
47.6276,18,23,4,40
47.6440,18,24,6,41
47.6585,18,24,6,41
47.6738,19,24,6,41
47.6889,19,23,4,40
47.7071,19,23,4,40
47.7231,18,23,6,41
47.7390,18,23,6,41
47.7628,18,24,4,41
47.7777,18,24,4,40
47.7911,18,24,4,40
47.8106,19,23,2,38
47.8261,19,23,2,38
47.8460,19,23,2,38
47.8627,20,14,2,33
47.8814,20,14,2,33
47.9042,20,13,3,34
47.9232,20,13,3,34
47.9407,20,13,3,34
47.9547,21,13,3,34
47.9703,21,13,3,34
47.9860,21,13,3,34
48.0109,21,13,3,34
48.0245,21,13,3,34
48.0407,20,14,2,34
48.0556,20,14,2,34
48.0726,20,14,2,34
48.0871,20,14,3,34
48.1007,20,14,3,34
48.1137,20,14,3,34
48.1280,21,13,3,34
48.1448,21,13,3,34
48.1593,21,13,3,34
48.1739,21,14,2,34
48.1886,21,14,2,34
48.2074,20,14,3,34
48.2250,20,14,3,34
48.2392,20,14,3,34
48.2530,21,14,3,34
48.2701,21,14,3,34
48.2833,21,14,3,34
48.3020,21,13,2,34
48.3156,21,13,2,34
48.3342,21,13,2,34
48.3481,20,14,2,33
48.3635,20,14,2,33
48.3778,20,14,2,33
48.3944,21,13,3,34
48.4103,21,13,3,34
48.4253,21,13,3,34
48.4388,21,14,2,34
48.4542,21,14,2,34
48.4691,21,14,2,34
48.4835,20,14,3,34
48.4967,20,14,3,34
48.5130,20,14,3,34
48.5268,20,14,3,34
48.5440,20,14,3,34
48.5576,20,14,3,34
48.5753,20,13,3,31
48.5891,20,13,3,31
48.6041,20,13,3,31
48.6176,20,14,3,34
48.6328,20,14,3,34
48.6467,21,14,3,34
48.6705,21,14,3,34
48.6852,21,14,3,34
48.7063,20,14,3,33
48.7210,20,14,3,33
48.7350,20,14,3,33
48.7515,20,14,2,33
48.7679,20,14,2,33
48.7834,21,13,2,34
48.7997,21,13,2,34
48.8143,21,13,2,34
48.8319,20,14,2,33
48.8460,20,14,2,33
48.8629,20,14,2,33
48.8811,20,14,2,33
48.9010,20,14,2,33
48.9237,21,13,3,34
48.9363,21,13,3,34
48.9487,21,13,3,34
48.9660,20,13,3,33
48.9819,20,13,3,33
48.9988,20,13,3,33
49.0127,21,13,3,34
49.0320,21,13,3,34
49.0453,21,13,3,34
49.0600,21,14,2,33
49.0747,21,14,2,33
49.0912,20,13,2,34
49.1096,20,13,2,34
49.1246,20,13,2,34
49.1381,21,14,2,33
49.1553,21,14,2,33
49.1700,21,14,2,33
49.1850,21,14,2,33
49.2014,21,14,2,33
49.2140,21,14,2,33
49.2271,21,14,3,34
49.2452,21,14,3,34
49.2587,21,14,3,34
49.2726,20,13,3,33
49.2869,20,13,3,33
49.3032,20,13,3,33
49.3171,20,13,2,34
49.3306,20,13,2,34
49.3472,20,13,2,34
49.3607,21,14,3,34
49.3757,21,14,3,34
49.3898,21,14,3,34
49.4051,21,13,2,34
49.4193,21,13,2,34
49.4335,21,13,2,34
49.4468,20,14,3,34
49.4630,20,14,3,34
49.4780,20,14,3,34
49.4940,21,14,2,33
49.5072,21,14,2,33
49.5223,21,14,2,33
49.5369,20,13,2,34
49.5542,20,13,2,34
49.5679,20,13,2,34
49.5825,21,13,3,34
49.5992,21,13,3,34
49.6143,21,13,3,34
49.6283,20,13,2,34
49.6445,20,13,2,34
49.6705,20,14,3,34
49.6843,20,14,3,34
49.7025,20,14,3,34
49.7201,20,14,2,33
49.7343,20,14,2,33
49.7484,20,14,2,33
49.7650,21,13,3,34
49.7832,21,13,3,34
49.8016,20,13,3,34
49.8184,20,13,3,33
49.8328,20,13,3,33
49.8481,0,34,26,59
49.8643,0,34,26,59
49.8793,0,34,26,59
49.9022,0,36,26,59
49.9239,0,36,26,59
49.9402,0,36,28,58
49.9589,0,36,28,58
49.9819,1,35,26,58
49.9966,1,35,26,58
50.0148,1,35,26,58
50.0291,0,36,28,58
50.0454,0,36,28,58
50.0600,0,36,28,58
50.0742,0,36,28,58
50.0888,0,36,28,58
50.1037,0,36,28,58
50.1175,1,35,26,59
50.1352,1,35,26,59
50.1488,1,35,26,59
50.1637,0,36,28,58
50.1780,0,36,28,58
50.1976,0,36,28,58
50.2115,1,36,28,59
50.2250,1,36,28,59
50.2385,1,36,28,59
50.2551,0,36,26,59
50.2690,0,36,26,59
50.2842,0,36,26,59
50.2973,0,36,26,59
50.3129,0,36,26,59
50.3276,0,36,26,59
50.3453,0,36,26,59
50.3597,0,36,26,59
50.3739,0,36,26,59
50.3861,0,36,28,58
50.4035,0,36,28,58
50.4172,0,36,28,58
50.4337,1,35,26,58
50.4475,1,35,26,58
50.4637,1,35,26,58
50.4785,0,36,28,58
50.4961,0,36,28,58
50.5113,0,36,28,58
50.5248,0,36,28,58
50.5383,0,36,28,58
50.5548,0,36,28,58
50.5688,1,35,26,59
50.5822,1,35,26,59
50.5985,1,35,26,59
50.6152,0,36,28,58
50.6328,0,36,28,58
50.6469,1,36,30,58
50.6708,1,36,30,58
50.6843,1,36,30,58
50.7013,0,36,29,58
50.7174,0,36,29,58
50.7339,1,36,30,58
50.7484,1,36,30,58
50.7638,1,36,30,58
50.7775,0,36,26,59
50.7971,0,36,26,59
50.8137,0,36,26,59
50.8337,0,36,26,59
50.8531,0,36,26,59
50.8651,0,36,29,58
50.8833,0,36,29,58
50.9150,0,36,28,59
50.9312,0,36,28,59
50.9455,0,36,28,59
50.9632,1,35,26,59
50.9797,1,35,26,59
50.9982,1,35,26,59
51.0136,1,35,26,59
51.0305,1,35,26,59
51.0506,0,36,28,58
51.0641,0,36,28,58
51.0831,0,36,28,58
51.0978,1,36,28,59
51.1137,1,36,28,59
51.1268,1,36,28,59
51.1446,0,36,26,59
51.1592,0,36,26,59
51.1735,0,36,26,59
51.1875,0,36,28,58
51.2067,0,36,28,58
51.2211,0,36,28,58
51.2351,0,36,26,58
51.2486,0,36,26,58
51.2642,1,36,26,58
51.2791,1,36,28,58
51.2953,1,36,28,58
51.3091,1,36,28,58
51.3231,0,36,26,59
51.3388,0,36,26,59
51.3533,0,36,26,59
51.3678,1,35,26,58
51.3829,1,35,26,58
51.3982,0,36,28,59
51.4133,0,36,28,59
51.4264,0,36,28,59
51.4446,1,36,28,58
51.4587,1,36,28,58
51.4751,1,36,28,58
51.4900,0,36,28,58
51.5050,0,36,28,58
51.5226,0,36,28,58
51.5360,1,36,28,59
51.5537,1,36,28,59
51.5673,1,36,28,59
51.5826,1,36,28,58
51.5967,1,36,28,58
51.6134,1,36,28,58
51.6266,1,36,28,59
51.6448,1,36,28,59
51.6576,1,36,28,59
51.6749,1,35,28,58
51.6883,1,35,28,58
51.7071,1,35,28,58
51.7221,0,36,28,58
51.7360,0,36,28,58
51.7516,0,36,28,58
51.7689,0,36,28,58
51.7837,0,36,28,58
51.7998,0,36,28,58
51.8173,0,36,28,58
51.8342,0,36,28,58
51.8473,10,14,23,45
51.8653,10,14,23,45
51.8809,10,14,23,45
51.9028,16,6,21,41
51.9229,16,6,21,41
51.9429,16,5,20,41
51.9641,16,5,20,41
51.9828,16,6,21,40
51.9991,16,6,21,40
52.0136,16,6,21,40
52.0315,16,6,21,40
52.0453,16,6,21,40
52.0607,16,6,21,40
52.0744,16,5,20,40
52.0912,16,5,20,40
52.1061,16,5,22,40
52.1247,16,5,22,40
52.1384,16,5,22,40
52.1530,16,5,20,40
52.1681,16,5,20,40
52.1833,16,5,20,40
52.1986,16,5,22,40
52.2122,16,5,22,40
52.2275,16,5,22,40
52.2453,16,6,21,40
52.2584,16,6,21,40
52.2734,16,6,21,40
52.2856,15,6,21,41
52.3012,15,6,21,41
52.3155,15,6,21,41
52.3292,16,6,21,40
52.3471,16,6,21,40
52.3603,16,6,21,40
52.3742,15,5,20,41
52.3879,15,5,20,41
52.4031,15,5,20,41
52.4180,16,6,20,40
52.4333,16,6,20,40
52.4466,16,6,20,40
52.4622,16,6,21,40
52.4766,16,6,21,40
52.4953,16,6,21,40
52.5096,16,6,21,40
52.5234,16,6,21,40
52.5376,16,6,21,40
52.5533,16,5,20,40
52.5665,16,5,20,40
52.5835,16,5,20,40
52.5978,15,5,22,40
52.6139,15,5,22,40
52.6289,15,5,22,40
52.6446,15,5,20,40
52.6703,15,5,20,40
52.6838,16,6,21,41
52.7031,16,6,21,41
52.7211,16,6,21,41
52.7403,16,5,20,41
52.7576,16,5,20,41
52.7790,16,6,21,40
52.7945,16,6,21,40
52.8127,16,6,21,40
52.8308,16,5,20,40
52.8470,16,5,20,40
52.8643,15,5,20,40
52.8801,15,5,20,40
52.8989,15,5,20,40
52.9251,15,5,20,40
52.9402,15,5,20,40
52.9553,15,5,20,40
52.9766,15,5,20,40
52.9889,15,5,20,40
53.0063,16,6,21,40
53.0193,16,6,21,40
53.0331,16,6,21,40
53.0468,15,5,22,40
53.0635,15,5,22,40
53.0791,15,5,22,40
53.0947,15,5,20,40
53.1091,15,5,20,40
53.1235,15,5,20,40
53.1376,15,5,20,40
53.1543,15,5,20,40
53.1676,15,5,20,40
53.1843,15,6,21,41
53.1987,15,6,21,41
53.2155,15,5,20,41
53.2296,15,5,20,41
53.2439,15,5,20,41
53.2576,15,5,20,41
53.2726,15,5,20,40
53.2870,15,5,20,40
53.3049,16,5,22,40
53.3183,16,5,22,40
53.3331,16,5,22,40
53.3469,15,5,20,40
53.3633,15,5,20,40
53.3770,15,5,20,40
53.3922,15,5,20,40
53.4082,15,5,20,40
53.4244,15,5,20,40
53.4381,15,5,20,40
53.4528,15,5,20,40
53.4682,15,5,20,40
53.4839,15,5,20,41
53.4972,15,5,20,41
53.5129,15,5,20,41
53.5270,15,5,22,40
53.5456,15,5,22,40
53.5593,15,5,22,40
53.5725,15,5,20,40
53.5872,15,5,20,40
53.6017,15,5,20,40
53.6181,16,6,21,40
53.6317,16,6,21,40
53.6482,16,6,21,40
53.6660,16,6,23,41
53.6837,16,6,23,41
53.6988,16,6,23,41
53.7180,15,5,20,41
53.7329,15,5,20,41
53.7492,16,6,21,40
53.7712,16,6,21,40
53.7861,16,6,21,40
53.8038,16,6,21,40
53.8187,16,6,21,40
53.8341,14,5,24,41
53.8530,14,5,24,41
53.8698,14,5,24,41
53.8843,10,9,29,43
53.9071,10,9,29,43
53.9318,10,9,29,44
53.9455,10,9,29,44
53.9681,10,9,29,44
53.9818,11,8,29,43
53.9971,11,8,29,43
54.0138,11,9,29,43
54.0306,11,9,29,43
54.0447,11,9,29,43
54.0593,11,8,30,44
54.0728,11,8,30,44
54.0901,11,8,30,44
54.1026,11,8,30,43
54.1203,11,8,30,43
54.1352,11,8,30,43
54.1549,11,8,29,43
54.1690,11,8,29,43
54.1833,11,8,29,43
54.2002,11,8,29,44
54.2168,11,8,29,44
54.2306,11,8,29,44
54.2453,11,8,29,43
54.2586,11,8,29,43
54.2736,11,8,29,43
54.2889,10,9,29,44
54.3050,10,9,29,44
54.3191,10,9,29,44
54.3336,10,9,29,44
54.3476,10,9,29,44
54.3631,10,9,29,44
54.3763,11,9,29,43
54.3946,11,9,29,43
54.4101,11,9,29,43
54.4250,11,8,30,44
54.4385,11,8,30,44
54.4552,11,8,30,44
54.4676,10,9,30,44
54.4831,10,9,30,44
54.4960,10,9,30,44
54.5133,11,8,30,43
54.5252,11,8,30,43
54.5421,11,8,30,43
54.5570,11,9,29,43
54.5725,11,9,29,43
54.5872,11,8,30,44
54.6033,11,8,30,44
54.6163,11,8,30,44
54.6332,11,8,30,44
54.6471,11,8,30,44
54.6698,11,8,30,44
54.6833,11,8,30,44
54.7018,11,8,30,44
54.7211,11,8,30,44
54.7361,11,8,30,44
54.7527,11,8,30,44
54.7697,11,8,29,44
54.7846,11,8,29,44
54.8002,11,8,29,44
54.8206,11,8,29,43
54.8347,11,8,29,43
54.8529,11,8,29,43
54.8676,10,9,30,44
54.8841,10,9,30,44
54.9018,10,9,29,44
54.9238,10,9,29,44
54.9472,11,8,29,44
54.9662,11,8,29,44
54.9836,11,8,29,44
55.0015,11,8,30,44
55.0175,11,8,30,44
55.0332,10,9,29,44
55.0470,10,9,29,44
55.0621,10,9,29,44
55.0789,11,9,29,43
55.0953,11,9,29,43
55.1090,11,9,29,43
55.1235,10,9,29,43
55.1380,10,9,29,43
55.1543,10,9,29,43
55.1678,11,8,29,44
55.1820,11,8,29,44
55.1982,11,8,29,44
55.2131,11,9,29,43
55.2266,11,9,29,43
55.2421,11,9,29,43
55.2554,11,8,30,44
55.2710,11,8,30,44
55.2842,11,8,30,44
55.3002,10,9,29,44
55.3165,10,9,29,44
55.3331,10,9,29,44
55.3465,11,9,29,43
55.3621,11,9,29,43
55.3764,11,9,29,43
55.3940,10,9,29,43
55.4076,10,9,29,43
55.4222,10,9,29,43
55.4364,11,8,29,44
55.4538,11,8,29,44
55.4677,11,8,29,44
55.4820,11,9,29,43
55.4940,11,9,29,43
55.5137,11,9,29,43
55.5276,10,9,29,43
55.5446,10,9,29,43
55.5588,10,9,29,43
55.5762,11,9,30,43
55.5899,11,9,30,43
55.6053,11,9,30,43
55.6202,10,9,29,43
55.6338,10,9,29,43
55.6487,10,9,29,43
55.6687,11,8,29,44
55.6828,11,8,29,44
55.6983,10,9,29,43
55.7141,10,9,29,43
55.7335,10,9,29,43
55.7475,11,8,29,44
55.7637,11,8,29,44
55.7773,11,8,29,44
55.7985,10,9,29,43
55.8149,10,9,29,43
55.8311,10,9,29,43
55.8463,10,9,29,43
55.8656,10,9,29,43
55.8845,9,38,7,45
55.9030,9,38,7,45
55.9272,8,38,8,46
55.9423,8,38,8,46
55.9600,8,38,8,46
55.9739,9,38,8,45
55.9921,9,38,8,45
56.0048,9,38,8,45
56.0200,8,39,7,46
56.0348,8,39,7,46
56.0521,9,36,8,45
56.0688,9,36,8,45
56.0819,9,36,8,45
56.0975,9,38,7,46
56.1107,9,38,7,46
56.1239,9,38,7,46
56.1403,9,38,7,46
56.1543,9,35,8,45
56.1685,9,35,8,45
56.1823,9,35,8,45
56.2010,8,36,8,45
56.2150,8,36,8,45
56.2310,9,38,8,45
56.2442,9,38,8,45
56.2581,9,38,8,45
56.2722,9,38,8,45
56.2870,8,39,7,46
56.3032,8,39,7,46
56.3172,9,38,8,45
56.3332,9,38,8,45
56.3477,9,38,8,45
56.3637,9,38,7,46
56.3771,9,38,7,46
56.3962,9,38,7,46
56.4095,8,38,7,45
56.4235,8,38,7,45
56.4379,8,38,7,45
56.4532,9,38,8,45
56.4688,9,38,8,45
56.4835,9,38,8,45
56.4967,9,38,8,46
56.5142,9,38,8,46
56.5258,9,38,8,46
56.5451,8,39,8,45
56.5590,8,39,8,45
56.5735,8,39,8,45
56.5891,8,36,8,45
56.6037,8,36,8,45
56.6170,8,36,8,45
56.6321,8,39,7,45
56.6465,8,39,7,45
56.6701,8,39,7,45
56.6840,9,38,8,45
56.7052,9,38,8,45
56.7191,8,38,8,45
56.7353,8,38,8,45
56.7494,8,38,8,45
56.7631,8,39,7,46
56.7778,8,39,7,46
56.7942,8,39,7,46
56.8122,8,35,7,45
56.8306,8,35,7,45
56.8529,8,39,7,46
56.8680,8,39,7,46
56.8843,8,39,7,46
56.9025,9,36,8,45
56.9210,9,36,8,45
56.9352,9,36,8,45
56.9530,9,38,7,46
56.9691,9,38,7,46
56.9842,8,39,7,46
56.9995,8,39,7,46
57.0201,8,39,7,46
57.0400,9,36,8,45
57.0550,9,36,8,45
57.0726,9,38,7,46
57.0873,9,38,7,46
57.1031,9,38,7,46
57.1161,9,36,7,45
57.1331,9,36,7,45
57.1472,9,36,7,45
57.1648,8,36,8,46
57.1789,8,36,8,46
57.1976,8,36,8,46
57.2111,8,36,8,45
57.2247,8,36,8,45
57.2388,8,36,8,45
57.2535,9,38,8,45
57.2664,9,38,8,45
57.2845,9,38,8,45
57.2978,8,35,8,46
57.3122,8,35,8,46
57.3284,8,35,8,46
57.3443,9,36,7,46
57.3595,9,36,7,46
57.3727,9,36,7,46
57.3900,8,39,8,46
57.4026,8,39,8,46
57.4200,8,39,8,46
57.4333,9,39,7,46
57.4527,9,39,7,46
57.4659,9,39,7,46
57.4832,8,38,8,46
57.4971,8,38,8,46
57.5139,8,38,8,46
57.5270,9,38,8,46
57.5453,9,38,8,46
57.5594,8,39,8,46
57.5737,8,39,8,45
57.5882,8,39,8,45
57.6048,8,39,7,45
57.6183,8,39,7,45
57.6323,8,39,7,45
57.6473,9,39,7,45
57.6699,9,39,7,45
57.6845,9,39,7,45
57.7030,8,38,8,45
57.7223,8,38,8,45
57.7360,9,38,8,45
57.7506,9,38,8,45
57.7702,9,38,8,45
57.7902,8,38,8,45
57.8081,8,38,8,45
57.8237,8,38,8,45
57.8381,9,35,7,46
57.8551,9,35,7,46
57.8700,11,28,12,46
57.8878,11,28,12,46
57.9174,11,25,13,49
57.9361,11,25,13,49
57.9541,11,25,13,49
57.9693,11,25,13,45
57.9853,11,25,13,45
58.0017,11,25,13,49
58.0209,11,25,13,49
58.0339,11,25,13,49
58.0501,13,26,13,48
58.0640,13,26,13,48
58.0806,13,26,13,48
58.0954,14,26,14,48
58.1113,14,26,14,48
58.1254,14,26,14,48
58.1440,14,25,14,48
58.1600,14,25,14,48
58.1731,14,25,14,48
58.1876,14,26,13,48
58.2026,14,26,13,48
58.2191,14,26,13,48
58.2327,14,26,14,48
58.2477,14,26,14,48
58.2628,14,26,14,48
58.2796,13,26,14,49
58.2958,13,26,14,49
58.3111,13,26,14,49
58.3306,13,25,14,49
58.3455,13,25,14,49
58.3636,14,25,13,48
58.3778,14,25,13,48
58.3918,14,25,13,48
58.4083,13,26,14,49
58.4235,13,26,14,49
58.4390,13,26,14,49
58.4542,13,25,13,48
58.4672,13,25,13,48
58.4842,13,25,13,48
58.4973,14,26,13,48
58.5119,14,26,13,48
58.5272,14,26,13,48
58.5453,14,26,14,48
58.5585,14,26,14,48
58.5730,14,26,14,48
58.5860,13,26,14,49
58.6038,13,26,14,49
58.6174,13,26,14,49
58.6319,14,26,13,48
58.6473,14,26,13,48
58.6697,14,25,13,48
58.6846,14,25,13,48
58.7028,14,25,13,48
58.7211,13,25,13,48
58.7346,13,25,13,48
58.7512,14,26,13,48
58.7732,14,26,17,48
58.7912,14,26,17,48
58.8109,13,25,13,48
58.8291,13,25,13,48
58.8446,13,26,14,48
58.8610,13,26,14,48
58.8774,13,26,14,48
58.8991,13,26,14,49
58.9228,13,26,14,49
58.9382,13,25,13,48
58.9547,13,25,13,48
58.9676,13,25,13,48
58.9842,13,26,14,49
58.9989,13,26,14,49
59.0167,13,26,14,49
59.0345,13,26,14,49
59.0492,13,26,14,49
59.0644,13,25,14,49
59.0808,13,25,14,49
59.0957,13,25,14,49
59.1131,14,26,13,48
59.1268,14,26,13,48
59.1437,14,26,13,48
59.1581,13,26,14,49
59.1742,13,26,14,49
59.1880,13,26,14,49
59.2073,13,26,14,49
59.2229,13,26,14,49
59.2398,13,26,14,49
59.2531,14,25,13,48
59.2708,14,25,13,48
59.2843,14,25,13,48
59.2991,14,25,14,49
59.3127,14,25,14,49
59.3304,14,25,14,49
59.3456,13,25,13,48
59.3633,13,25,13,48
59.3769,14,26,13,48
59.3946,14,26,13,48
59.4091,14,26,13,48
59.4220,14,25,15,48
59.4379,14,25,15,48
59.4512,14,25,15,48
59.4642,14,26,17,48
59.4807,14,26,17,48
59.4938,14,26,17,48
59.5103,13,25,13,48
59.5239,13,25,13,48
59.5410,13,25,13,48
59.5577,13,25,13,48
59.5735,13,25,13,48
59.5869,13,25,13,48
59.6028,13,26,14,49
59.6168,13,26,14,49
59.6332,13,26,14,49
59.6463,14,26,14,48
59.6687,14,26,14,48
59.6823,14,26,14,48
59.6963,13,25,17,48
59.7114,13,25,17,48
59.7257,13,25,17,48
59.7421,14,26,14,48
59.7577,14,26,14,48
59.7725,14,26,14,48
59.7892,14,25,14,48
59.8119,14,25,14,48
59.8275,14,26,13,48
59.8412,14,26,13,48
59.8615,14,26,13,48
59.8822,18,15,7,35
59.9042,24,4,1,23
59.9246,24,4,1,23
59.9442,24,4,1,23
59.9592,24,4,0,24
59.9812,24,4,0,24
60.0049,23,3,0,24
60.0186,23,3,0,24
60.0337,23,3,0,24
60.0496,24,4,1,24
60.0630,24,4,1,24
60.0761,24,4,1,24
60.0944,23,3,0,24
60.1082,23,3,0,24
60.1246,23,3,0,24
60.1382,24,3,1,23
60.1533,24,3,1,23
60.1684,24,3,1,23
60.1830,24,4,1,23
60.1989,24,4,1,23
60.2131,24,4,1,23
60.2256,23,3,0,24
60.2453,23,3,0,24
60.2587,23,3,0,24
60.2742,23,3,0,24
60.2881,23,3,0,24
60.3036,23,3,0,24
60.3169,23,4,0,24
60.3322,23,4,0,24
60.3471,23,4,0,24
60.3632,23,4,0,24
60.3769,23,4,0,24
60.3921,23,4,0,24
60.4081,24,4,1,23
60.4229,24,4,1,23
60.4359,24,4,1,23
60.4520,23,3,0,24
60.4643,23,3,0,24
60.4817,23,3,0,24
60.4955,23,3,0,24
60.5120,23,3,0,24
60.5267,23,3,0,24
60.5441,23,3,0,24
60.5581,23,3,0,24
60.5724,23,3,0,24
60.5842,23,4,1,23
60.6012,23,4,1,23
60.6141,23,4,1,23
60.6299,24,4,0,24
60.6458,24,4,0,24
60.6699,23,3,0,24
60.6845,23,3,0,24
60.7044,23,3,0,24
60.7191,24,3,0,24
60.7347,24,3,0,24
60.7543,23,3,0,24
60.7693,23,3,0,24
60.7840,23,3,0,24
60.8005,24,3,1,24
60.8145,24,3,1,24
60.8320,24,3,1,24
60.8486,23,3,0,24
60.8641,23,3,0,24
60.8823,23,3,0,24
60.9038,24,3,1,23
60.9237,24,3,1,23
60.9399,23,3,0,24
60.9581,23,3,0,24
60.9748,23,4,1,23
60.9905,23,4,1,23
61.0051,23,4,1,23
61.0218,24,4,0,24
61.0341,24,4,0,24
61.0518,24,4,0,24
61.0663,24,4,1,23
61.0801,24,4,1,23
61.0992,24,4,1,23
61.1123,24,3,1,24
61.1273,24,3,1,24
61.1411,24,3,1,24
61.1580,23,3,0,24
61.1723,23,3,0,24
61.1874,23,3,0,24
61.2023,24,3,1,24
61.2213,24,3,1,24
61.2397,23,3,0,24
61.2535,23,3,0,24
61.2697,23,3,0,24
61.2837,24,4,1,24
61.3010,24,4,1,24
61.3148,24,4,1,24
61.3292,24,3,1,23
61.3455,24,3,1,23
61.3633,24,3,1,23
61.3792,24,3,1,23
61.3946,24,3,1,23
61.4084,24,3,1,23
61.4241,23,4,1,23
61.4371,23,4,1,23
61.4519,23,4,1,23
61.4671,24,3,0,24
61.4832,24,3,0,24
61.4962,24,3,0,24
61.5120,23,4,1,23
61.5261,23,4,1,23
61.5440,23,4,1,23
61.5570,24,3,0,24
61.5716,24,3,0,24
61.5870,24,3,0,24
61.6040,23,4,1,23
61.6174,23,4,1,23
61.6316,23,4,1,23
61.6458,24,3,0,24
61.6695,24,3,0,24
61.6838,23,4,1,23
61.7031,23,4,1,23
61.7180,23,4,1,23
61.7331,24,3,0,24
61.7469,24,3,0,24
61.7636,24,3,0,24
61.7782,23,4,0,24
61.7943,23,4,0,24
61.8096,23,4,0,24
61.8261,23,4,1,23
61.8421,23,4,1,23
61.8598,18,11,1,29
61.8798,18,11,1,29
61.9045,1,40,8,43
61.9242,1,40,8,43
61.9416,1,40,8,43
61.9561,1,43,8,45
61.9692,1,43,8,45
61.9873,1,43,8,45
62.0016,0,41,8,44
62.0199,0,41,8,44
62.0353,1,43,8,46
62.0528,1,43,8,46
62.0665,1,43,8,46
62.0819,1,40,7,46
62.0953,1,40,7,43
62.1135,1,40,7,43
62.1279,0,41,7,44
62.1423,0,41,7,44
62.1597,0,41,7,44
62.1736,1,40,8,45
62.1853,1,40,8,45
62.2039,1,40,8,45
62.2180,1,40,7,44
62.2351,1,40,7,44
62.2481,1,40,7,44
62.2622,0,41,7,44
62.2769,0,41,7,44
62.2940,0,41,7,44
62.3085,0,41,7,44
62.3221,0,41,7,44
62.3361,0,41,7,44
62.3538,1,41,7,44
62.3684,1,41,7,44
62.3850,1,41,7,44
62.3989,0,41,7,44
62.4132,0,41,7,44
62.4268,0,41,7,44
62.4462,0,41,7,46
62.4621,0,41,7,46
62.4761,0,41,7,46
62.4899,1,40,7,43
62.5054,1,40,7,43
62.5199,1,40,7,43
62.5331,0,41,8,46
62.5473,0,41,8,46
62.5633,0,41,8,46
62.5753,0,41,7,44
62.5953,0,41,7,44
62.6088,0,41,7,44
62.6233,1,40,8,43
62.6359,1,40,8,43
62.6571,0,41,8,43
62.6702,0,41,8,43
62.6841,0,41,8,43
62.7018,0,41,7,44
62.7201,0,41,7,44
62.7339,0,41,7,44
62.7549,0,41,7,44
62.7708,0,41,7,44
62.7849,0,41,7,44
62.7999,0,44,8,45
62.8153,0,44,8,45
62.8331,0,41,7,43
62.8492,0,41,7,43
62.8637,0,41,7,43
62.8836,1,40,8,43
62.9060,1,40,8,43
62.9263,1,40,7,43
62.9443,1,40,7,43
62.9623,1,40,7,43
62.9797,0,41,7,43
62.9968,0,41,7,43
63.0149,0,41,8,46
63.0299,0,41,8,46
63.0440,0,41,8,46
63.0577,1,43,8,46
63.0722,1,43,8,46
63.0868,1,43,8,46
63.1043,1,40,8,43
63.1182,1,40,8,43
63.1328,1,40,8,43
63.1480,0,41,7,43
63.1626,0,41,7,43
63.1761,0,41,7,43
63.1983,0,41,7,44
63.2142,0,41,7,44
63.2292,0,41,7,44
63.2438,1,40,7,43
63.2599,1,40,7,43
63.2745,1,40,7,43
63.2903,0,41,8,46
63.3067,0,41,8,46
63.3220,0,41,8,46
63.3342,0,41,7,44
63.3501,0,41,7,44
63.3634,0,41,7,44
63.3819,1,40,8,45
63.3955,1,40,8,45
63.4142,1,40,7,44
63.4280,1,40,7,44
63.4449,1,40,7,44
63.4582,1,40,8,43
63.4730,1,40,8,43
63.4877,1,40,8,43
63.5031,0,41,8,44
63.5180,0,41,8,44
63.5327,0,41,8,44
63.5463,1,41,7,44
63.5629,1,41,7,44
63.5753,1,41,7,44
63.5888,0,41,8,43
63.6041,0,41,8,43
63.6176,0,41,8,43
63.6341,1,40,8,43
63.6477,1,40,8,43
63.6694,1,40,8,43
63.6838,1,40,8,43
63.7023,1,40,8,43
63.7180,1,40,8,43
63.7329,0,41,8,43
63.7471,0,41,8,43
63.7631,0,41,8,43
63.7787,0,41,8,43
63.7941,0,41,8,43
63.8089,0,41,7,44
63.8269,0,41,7,44
63.8403,0,41,7,44
63.8581,0,41,7,43
63.8738,0,41,7,43
63.8931,0,41,7,43
63.9138,0,9,38,43
63.9312,0,9,38,43
63.9507,0,9,38,43
63.9648,0,9,38,43
63.9828,0,9,38,43
63.9968,1,8,39,44
64.0132,1,8,39,44
64.0271,1,8,39,44
64.0456,0,9,38,43
64.0587,0,9,38,43
64.0733,0,9,38,43
64.0876,0,9,38,43
64.1033,0,9,38,43
64.1174,0,9,38,43
64.1332,0,9,38,43
64.1464,0,9,38,43
64.1635,1,8,38,43
64.1771,1,8,39,43
64.1944,1,8,39,43
64.2120,0,9,38,44
64.2268,0,9,38,44
64.2413,0,9,38,44
64.2559,0,9,38,44
64.2698,0,9,38,44
64.2836,0,9,38,44
64.2982,1,9,38,43
64.3155,1,9,38,43
64.3294,1,9,38,43
64.3460,1,8,38,43
64.3596,1,8,38,43
64.3739,1,8,38,43
64.3889,1,8,35,44
64.4032,1,8,35,44
64.4171,1,8,35,44
64.4316,1,8,39,44
64.4453,1,8,39,44
64.4649,1,8,39,44
64.4781,0,9,38,44
64.4945,0,9,38,44
64.5084,0,9,38,44
64.5230,0,9,39,44
64.5367,0,9,39,44
64.5533,0,9,39,44
64.5672,1,9,38,44
64.5830,1,9,38,44
64.5969,1,9,38,44
64.6117,0,9,38,44
64.6255,0,9,38,44
64.6437,0,9,38,44
64.6568,0,9,39,44
64.6717,0,9,39,44
64.6866,0,9,39,44
64.7032,1,8,39,43
64.7179,1,8,39,43
64.7341,1,8,39,43
64.7486,0,9,38,44
64.7640,0,9,38,44
64.7791,0,9,38,44
64.8007,0,9,35,44
64.8200,0,9,35,44
64.8345,0,9,38,44
64.8521,0,9,38,44
64.8670,0,9,38,44
64.8828,0,9,39,44
64.9032,0,9,39,44
64.9256,1,8,39,43
64.9419,1,8,39,43
64.9597,1,8,39,43
64.9765,0,9,38,44
64.9946,0,9,38,44
65.0120,0,9,38,43
65.0268,0,9,38,43
65.0401,0,9,38,43
65.0578,1,8,38,44
65.0717,1,8,38,44
65.0853,1,8,38,44
65.0988,1,8,38,44
65.1128,1,8,38,44
65.1277,1,8,38,44
65.1462,0,9,35,43
65.1600,0,9,35,43
65.1740,0,9,35,43
65.1877,0,9,38,44
65.2032,0,9,38,44
65.2162,0,9,38,44
65.2329,0,9,38,44
65.2454,0,9,38,44
65.2589,0,9,38,44
65.2735,0,9,39,43
65.2872,0,9,39,43
65.3051,0,9,39,43
65.3190,1,8,38,44
65.3331,1,8,38,44
65.3466,1,8,38,44
65.3623,0,9,38,43
65.3772,0,9,38,43
65.3940,0,9,38,43
65.4077,0,9,38,44
65.4218,0,9,38,44
65.4359,0,9,38,44
65.4531,1,9,38,44
65.4665,1,9,38,44
65.4823,1,9,38,44
65.4995,1,8,39,44
65.5128,1,8,39,44
65.5259,1,8,39,44
65.5463,0,9,38,43
65.5609,0,9,38,43
65.5767,0,9,38,43
65.5899,0,9,38,43
65.6072,0,9,38,43
65.6213,0,9,38,43
65.6361,0,9,38,43
65.6495,0,9,38,43
65.6682,0,9,38,43
65.6808,1,8,38,43
65.6962,1,8,38,43
65.7096,1,8,38,43
65.7239,0,9,38,43
65.7402,0,9,38,43
65.7587,1,8,39,44
65.7797,1,8,39,44
65.7953,1,8,39,44
65.8141,0,9,36,44
65.8291,0,9,36,44
65.8471,0,9,38,43
65.8645,0,9,38,43
65.8806,0,9,38,43
65.9021,13,20,11,41
65.9256,13,20,11,41
65.9396,18,23,6,40
65.9583,18,23,6,40
65.9712,18,23,6,40
65.9910,18,23,6,40
66.0106,18,23,6,40
66.0258,18,23,6,40
66.0420,18,23,6,40
66.0578,18,23,6,40
66.0708,18,24,6,40
66.0867,18,24,6,40
66.1005,18,24,6,40
66.1194,19,23,4,40
66.1333,19,23,4,40
66.1499,19,23,4,40
66.1631,19,23,6,40
66.1796,19,23,6,40
66.1972,19,23,6,40
66.2128,19,23,6,40
66.2265,19,23,6,40
66.2417,19,23,6,40
66.2582,19,23,4,40
66.2729,19,23,4,40
66.2863,19,23,4,40
66.3016,18,24,6,41
66.3166,18,24,6,41
66.3327,18,24,6,41
66.3468,19,23,4,40
66.3616,19,23,4,40
66.3752,19,23,4,40
66.3940,19,23,6,40
66.4074,19,23,6,40
66.4228,19,23,6,40
66.4367,18,23,4,40
66.4526,18,23,4,40
66.4675,18,23,4,40
66.4822,18,24,6,41
66.4961,18,24,6,41
66.5127,19,23,6,41
66.5262,19,23,4,40
66.5415,19,23,4,40
66.5539,19,23,4,40
66.5699,19,24,4,40
66.5836,19,24,4,40
66.5997,18,24,4,40
66.6148,18,24,4,40
66.6302,18,24,4,40
66.6452,19,23,4,40
66.6686,19,23,4,40
66.6829,19,23,4,40
66.6980,18,23,6,40
66.7122,18,23,6,40
66.7314,18,23,6,40
66.7500,18,23,4,40
66.7649,18,23,4,40
66.7836,19,23,4,40
66.7993,19,23,4,40
66.8140,19,23,4,40
66.8277,18,23,4,40
66.8476,18,23,4,40
66.8627,18,23,4,40
66.8801,18,24,6,41
66.9051,18,24,6,41
66.9230,19,23,4,40
66.9386,19,23,4,40
66.9618,19,24,4,40
66.9773,19,24,4,40
66.9964,19,24,4,40
67.0096,18,24,4,40
67.0259,18,24,4,40
67.0395,18,24,4,40
67.0545,19,23,4,40
67.0682,19,23,4,40
67.0818,19,23,4,40
67.0960,18,23,6,40
67.1130,18,23,6,40
67.1268,18,23,6,40
67.1415,18,23,4,40
67.1568,18,23,4,40
67.1735,18,23,4,40
67.1881,18,23,4,40
67.2069,18,23,4,40
67.2219,18,24,6,41
67.2370,18,24,6,41
67.2513,18,24,6,41
67.2672,19,23,4,40
67.2808,19,23,4,40
67.2957,19,23,4,40
67.3091,19,23,4,40
67.3233,19,24,4,40
67.3383,19,24,4,40
67.3530,18,24,4,40
67.3681,18,24,4,40
67.3822,18,24,4,40
67.3969,19,23,4,40
67.4128,19,23,4,40
67.4265,19,23,4,40
67.4412,19,23,4,40
67.4555,18,23,6,40
67.4732,18,23,6,40
67.4869,18,23,4,40
67.5019,18,23,4,40
67.5156,18,23,4,40
67.5328,18,23,4,40
67.5463,18,23,4,40
67.5631,18,23,4,40
67.5764,18,24,6,41
67.5958,18,24,6,41
67.6089,18,24,6,41
67.6230,19,23,4,40
67.6377,19,23,4,40
67.6540,19,23,4,40
67.6688,19,24,4,40
67.6832,19,24,4,40
67.6970,19,24,4,40
67.7152,18,24,4,40
67.7270,18,24,4,40
67.7413,18,24,4,40
67.7628,19,23,4,40
67.7754,19,23,4,40
67.7941,19,23,4,40
67.8096,18,23,6,40
67.8301,18,23,6,40
67.8445,18,23,4,40
67.8609,18,23,4,40
67.8771,18,23,4,40
67.8965,19,18,2,39
67.9210,19,18,2,39
67.9354,21,13,3,34
67.9540,21,13,3,34
67.9697,20,14,3,34
67.9892,20,14,3,34
68.0111,20,14,3,34
68.0273,21,14,2,33
68.0440,21,14,2,33
68.0589,21,14,2,33
68.0741,21,14,2,33
68.0873,21,14,2,33
68.1030,21,14,2,33
68.1160,21,14,3,34
68.1332,21,14,3,34
68.1488,21,14,3,34
68.1629,21,13,3,34
68.1774,21,13,3,34
68.1951,20,14,2,34
68.2125,20,14,2,34
68.2273,20,14,2,34
68.2406,20,14,2,33
68.2580,20,14,2,33
68.2744,20,14,2,33
68.2896,21,13,3,34
68.3047,21,13,3,34
68.3216,21,13,3,34
68.3357,20,14,3,33
68.3546,20,14,3,33
68.3701,20,14,3,33
68.3841,20,13,3,34
68.3984,20,13,3,34
68.4127,20,13,3,34
68.4260,21,13,2,33
68.4415,21,13,2,33
68.4590,21,13,2,33
68.4728,20,13,3,34
68.4858,20,13,3,34
68.5029,20,13,3,34
68.5170,21,13,2,33
68.5326,21,13,2,33
68.5469,21,13,2,33
68.5621,20,13,3,34
68.5761,20,13,3,34
68.5942,20,13,3,34
68.6081,21,13,2,33
68.6228,21,13,2,33
68.6388,20,13,3,34
68.6575,20,13,3,34
68.6705,20,13,3,34
68.6851,21,13,2,33
68.6999,21,13,2,33
68.7136,21,13,2,33
68.7280,20,13,2,33
68.7432,20,13,3,34
68.7588,20,13,3,34
68.7745,21,13,3,34
68.7877,21,13,3,34
68.8081,21,13,3,34
68.8298,21,13,3,34
68.8462,21,13,3,34
68.8628,20,13,3,33
68.8812,20,13,3,33
68.8988,20,13,3,33
68.9223,21,13,3,34
68.9369,21,13,3,34
68.9526,21,13,3,34
68.9699,21,13,3,34
68.9844,21,13,3,34
69.0042,20,13,3,33
69.0196,20,13,3,33
69.0341,20,13,2,34
69.0518,20,13,2,34
69.0663,20,13,2,34
69.0827,21,14,3,34
69.0965,21,14,3,34
69.1130,21,14,3,34
69.1251,21,13,2,34
69.1439,21,13,2,34
69.1576,21,13,2,34
69.1717,20,14,3,34
69.1862,20,14,3,34
69.2030,20,14,3,34
69.2162,21,14,2,33
69.2315,21,14,2,33
69.2484,21,14,2,33
69.2625,20,13,2,34
69.2762,20,13,2,34
69.2948,20,13,2,34
69.3076,21,14,2,33
69.3228,21,14,2,33
69.3374,21,14,2,33
69.3531,21,14,2,33
69.3668,21,14,2,33
69.3824,21,14,2,33
69.3986,21,14,3,34
69.4132,21,14,3,34
69.4249,21,14,3,34
69.4454,20,13,3,33
69.4585,20,13,3,33
69.4732,20,13,3,33
69.4885,20,13,2,34
69.5027,20,13,2,34
69.5159,20,13,2,34
69.5312,21,14,3,34
69.5441,21,14,3,34
69.5599,21,14,3,34
69.5735,21,13,2,34
69.5901,21,13,2,34
69.6059,21,13,2,34
69.6225,21,14,3,34
69.6359,21,14,3,34
69.6512,21,14,3,34
69.6648,20,14,2,34
69.6825,20,14,2,34
69.6961,20,14,2,34
69.7137,21,13,3,33
69.7312,21,13,3,33
69.7477,20,14,3,33
69.7622,20,14,3,33
69.7786,20,14,3,33
69.8011,20,14,2,33
69.8147,20,14,2,33
69.8314,20,14,2,33
69.8474,21,13,2,34
69.8634,21,13,2,34
69.8781,21,13,2,34
69.8959,15,18,8,38
69.9233,1,35,26,59
69.9393,1,35,26,59
69.9632,1,35,26,59
69.9774,0,36,29,58
69.9943,0,36,29,58
70.0097,1,36,30,58
70.0292,1,36,30,58
70.0456,1,36,30,58
70.0609,0,36,29,58
70.0801,0,36,29,58
70.0943,0,36,29,58
70.1107,1,36,30,58
70.1245,1,36,30,58
70.1390,1,36,30,58
70.1549,0,36,29,58
70.1686,0,36,29,58
70.1832,0,36,29,58
70.1995,1,35,26,59
70.2131,1,35,26,59
70.2270,1,35,26,59
70.2449,0,36,30,59
70.2582,0,36,30,59
70.2731,0,36,30,59
70.2877,1,35,29,58
70.3027,1,35,29,58
70.3181,1,35,29,58
70.3313,1,36,30,58
70.3455,1,36,30,58
70.3626,1,36,30,58
70.3765,1,35,29,58
70.3922,1,35,29,58
70.4079,1,35,29,58
70.4226,1,36,28,59
70.4363,1,36,28,59
70.4512,1,36,28,59
70.4651,0,36,29,58
70.4826,0,36,29,58
70.4962,0,36,29,58
70.5129,1,35,30,59
70.5267,1,35,30,59
70.5441,1,36,28,59
70.5590,1,36,28,59
70.5732,1,36,28,59
70.5854,0,36,28,59
70.6026,0,36,29,59
70.6162,0,36,29,59
70.6345,0,36,29,59
70.6462,1,35,29,58
70.6707,1,35,29,58
70.6893,1,35,26,59
70.7066,1,35,26,59
70.7225,1,35,26,59
70.7342,1,35,28,58
70.7523,1,35,28,58
70.7653,0,36,30,58
70.7811,0,36,30,58
70.7973,0,36,30,58
70.8129,0,36,26,59
70.8314,0,36,26,59
70.8459,0,36,26,59
70.8654,0,36,30,59
70.8776,0,36,30,59
70.8951,0,36,29,59
70.9221,0,36,29,59
70.9361,0,36,29,59
70.9513,0,36,28,59
70.9715,0,36,28,59
70.9905,1,35,26,59
71.0077,1,35,26,59
71.0278,1,35,26,59
71.0420,0,36,26,59
71.0573,0,36,26,59
71.0709,0,36,26,59
71.0837,0,36,30,59
71.0995,0,36,30,59
71.1128,0,36,30,59
71.1259,1,35,30,59
71.1414,1,35,30,59
71.1582,1,35,30,59
71.1730,0,36,26,58
71.1861,0,36,26,58
71.2021,0,36,26,58
71.2182,1,35,29,58
71.2328,1,35,29,58
71.2461,1,35,29,58
71.2624,0,36,30,58
71.2761,0,36,30,58
71.2938,0,36,30,58
71.3071,0,36,30,59
71.3231,0,36,30,59
71.3352,0,36,30,59
71.3542,0,36,30,58
71.3683,0,36,30,58
71.3820,0,36,30,58
71.3970,1,36,26,59
71.4126,1,36,26,59
71.4256,1,36,26,59
71.4419,0,36,28,58
71.4580,0,36,28,58
71.4743,0,36,28,58
71.4879,1,36,30,58
71.5043,1,36,30,58
71.5181,1,36,30,58
71.5321,0,36,29,58
71.5473,0,36,29,58
71.5619,0,36,29,58
71.5766,1,35,29,58
71.5941,1,35,29,58
71.6079,1,35,29,59
71.6231,1,35,29,59
71.6370,1,35,29,59
71.6523,1,35,29,59
71.6668,1,35,30,58
71.6818,1,35,30,58
71.6961,0,36,28,59
71.7132,0,36,28,59
71.7283,0,36,28,59
71.7473,1,36,30,58
71.7617,1,36,30,58
71.7775,1,36,30,58
71.7914,1,35,26,59
71.8102,1,35,26,59
71.8296,1,35,26,59
71.8478,1,35,29,58
71.8647,1,35,29,58
71.8782,1,35,29,59
71.9015,1,35,29,59
71.9293,16,5,22,40
71.9443,16,5,22,40
71.9592,16,5,22,40
71.9733,15,5,22,40
71.9987,15,5,22,40
72.0130,15,5,22,41
72.0290,15,5,22,41
72.0440,15,5,22,41
72.0603,16,6,22,40
72.0752,16,6,22,40
72.0940,16,6,22,40
72.1085,16,5,22,40
72.1227,16,5,22,40
72.1364,16,5,22,40
72.1522,16,6,21,40
72.1663,16,6,21,40
72.1825,16,6,21,40
72.1981,15,6,23,41
72.2125,15,6,23,41
72.2275,15,6,23,41
72.2412,16,6,23,41
72.2583,16,6,23,41
72.2725,16,6,23,41
72.2860,15,5,22,40
72.3026,15,5,22,40
72.3171,15,5,22,40
72.3323,15,5,22,40
72.3463,15,5,22,40
72.3613,15,5,22,40
72.3735,16,5,22,40
72.3940,16,5,22,40
72.4073,15,6,21,41
72.4219,15,6,21,41
72.4357,15,6,21,41
72.4535,15,5,22,43
72.4670,15,5,22,43
72.4816,15,5,22,43
72.4954,16,6,23,41
72.5122,16,6,23,41
72.5257,16,6,23,41
72.5411,15,5,22,40
72.5569,15,5,22,40
72.5725,15,5,22,40
72.5857,15,5,22,41
72.6013,15,5,22,41
72.6158,15,5,22,41
72.6331,16,6,23,41
72.6480,16,6,23,41
72.6681,16,6,23,41
72.6819,15,5,22,41
72.6973,15,5,22,41
72.7120,15,5,22,41
72.7296,16,6,23,41
72.7535,16,6,23,41
72.7680,16,6,23,41
72.7827,16,6,23,41
72.7969,16,6,23,41
72.8147,15,5,22,41
72.8271,15,5,22,41
72.8421,15,5,22,41
72.8609,16,6,23,41
72.8736,16,6,23,41
72.8884,16,6,23,41
72.9125,15,5,22,40
72.9280,15,5,22,40
72.9421,15,5,22,40
72.9615,15,5,22,40
72.9801,16,6,23,40
72.9970,16,6,23,40
73.0137,16,6,23,40
73.0301,16,6,23,41
73.0446,16,6,23,41
73.0582,16,6,23,41
73.0736,16,5,22,40
73.0876,16,5,22,40
73.1028,16,5,22,40
73.1174,15,6,23,41
73.1346,15,6,23,41
73.1479,15,6,23,41
73.1619,16,6,23,41
73.1759,16,6,23,41
73.1940,16,6,23,41
73.2112,15,5,22,41
73.2282,15,5,22,41
73.2439,15,5,22,41
73.2588,15,5,22,41
73.2727,15,5,22,41
73.2892,16,6,23,41
73.3076,16,6,23,41
73.3224,16,6,23,41
73.3357,15,5,22,41
73.3511,15,5,22,41
73.3651,15,5,22,41
73.3826,16,6,21,40
73.3961,16,6,21,40
73.4122,16,6,21,40
73.4255,16,5,22,40
73.4453,16,5,22,40
73.4587,16,5,22,40
73.4729,15,5,22,40
73.4860,15,5,22,40
73.5023,15,5,22,40
73.5158,15,5,22,40
73.5327,15,5,22,40
73.5461,15,5,22,40
73.5636,16,5,22,40
73.5774,16,5,22,40
73.5911,16,5,22,40
73.6048,16,6,23,41
73.6221,16,6,23,41
73.6357,16,6,23,41
73.6512,16,5,22,40
73.6659,16,5,22,40
73.6826,16,5,22,40
73.6962,16,6,23,41
73.7132,16,6,23,41
73.7296,16,6,23,41
73.7465,16,5,22,40
73.7626,16,5,22,40
73.7775,16,6,22,40
73.7956,16,6,23,41
73.8118,16,6,23,41
73.8261,15,5,22,40
73.8457,15,5,22,40
73.8610,15,5,22,40
73.8811,15,5,22,40
73.9030,15,5,22,40
73.9257,14,6,26,44
73.9479,14,6,26,44
73.9620,10,9,29,43
73.9802,10,9,29,43
74.0001,10,9,29,43
74.0137,11,8,29,45
74.0321,11,8,29,45
74.0457,10,9,29,43
74.0627,10,9,29,43
74.0759,10,9,29,43
74.0913,11,8,30,44
74.1055,11,8,30,44
74.1224,11,8,30,44
74.1367,11,8,30,45
74.1519,11,8,30,45
74.1668,11,8,30,45
74.1825,10,9,29,44
74.1962,10,9,29,44
74.2122,10,9,29,44
74.2273,10,9,29,43
74.2442,10,9,29,43
74.2607,10,9,29,43
74.2771,10,9,29,44
74.2918,10,9,29,44
74.3079,10,9,29,44
74.3215,11,8,29,43
74.3356,11,8,29,43
74.3515,11,8,29,43
74.3652,11,9,29,45
74.3802,11,9,29,45
74.3993,11,8,29,45
74.4201,11,8,29,43
74.4354,11,8,29,43
74.4531,10,9,29,43
74.4666,10,9,29,43
74.4838,10,9,29,43
74.4972,11,8,30,44
74.5135,11,8,30,44
74.5294,11,8,30,44
74.5456,11,8,30,45
74.5616,11,8,30,45
74.5751,11,8,30,45
74.5919,10,9,30,44
74.6075,10,9,30,44
74.6221,10,9,30,44
74.6354,10,8,30,44
74.6521,10,8,30,44
74.6683,10,9,29,44
74.6823,10,9,29,44
74.6963,10,9,29,44
74.7176,11,8,29,44
74.7313,11,8,29,44
74.7486,11,8,29,44
74.7642,11,8,30,44
74.7796,11,8,30,44
74.7984,10,9,29,46
74.8148,10,9,29,46
74.8301,10,9,29,46
74.8481,11,8,29,46
74.8698,11,8,29,46
74.8840,11,8,29,46
74.9066,10,9,29,43
74.9256,10,9,29,43
74.9476,10,9,29,44
74.9591,10,9,29,44
74.9768,10,9,29,44
74.9905,11,8,29,45
75.0062,11,8,29,45
75.0291,10,9,30,44
75.0440,10,9,30,44
75.0622,10,9,30,44
75.0758,11,8,30,44
75.0912,11,8,30,44
75.1072,11,8,30,44
75.1221,10,9,29,43
75.1360,10,9,29,43
75.1510,10,9,29,43
75.1648,11,8,29,45
75.1822,11,8,29,45
75.1990,10,9,29,43
75.2159,10,9,29,43
75.2297,10,9,29,43
75.2442,11,8,30,44
75.2582,11,8,30,44
75.2724,11,8,30,44
75.2870,11,8,30,44
75.3007,11,8,30,43
75.3162,11,8,30,43
75.3281,11,8,30,43
75.3440,11,8,30,44
75.3596,11,8,30,44
75.3733,11,8,30,44
75.3868,11,8,30,44
75.4025,11,8,30,44
75.4170,11,8,30,44
75.4332,11,8,30,45
75.4472,11,8,30,45
75.4613,11,8,30,45
75.4756,10,9,29,44
75.4941,10,9,29,44
75.5081,10,9,29,44
75.5216,10,8,30,44
75.5378,10,8,30,44
75.5553,11,9,29,45
75.5682,11,9,29,45
75.5822,11,9,29,45
75.5972,10,8,29,43
75.6127,10,8,29,43
75.6279,10,8,29,43
75.6417,10,9,29,43
75.6691,10,9,29,43
75.6858,11,8,29,44
75.7033,11,8,29,44
75.7169,11,8,29,44
75.7327,11,9,30,43
75.7468,11,9,30,43
75.7612,11,9,30,43
75.7777,10,9,29,45
75.7943,10,9,29,45
75.8093,10,9,29,45
75.8247,11,8,30,44
75.8394,11,8,30,44
75.8581,11,8,30,44
75.8707,10,9,29,43
75.8891,10,9,29,43
75.9137,11,15,22,45
75.9395,11,15,22,45
75.9552,9,38,8,45
75.9745,9,38,8,45
75.9890,9,38,8,45
76.0057,8,39,7,45
76.0216,8,39,7,45
76.0374,8,39,7,45
76.0511,9,38,8,45
76.0676,9,38,8,45
76.0812,9,38,8,45
76.0962,8,39,7,45
76.1099,8,39,7,45
76.1263,8,39,7,45
76.1398,9,39,7,45
76.1565,9,39,7,45
76.1699,8,38,7,45
76.1867,8,38,8,45
76.2013,8,38,8,45
76.2159,8,38,8,45
76.2298,9,38,8,45
76.2446,9,38,8,45
76.2584,9,38,8,45
76.2730,8,38,8,45
76.2860,8,38,8,45
76.3020,8,38,8,45
76.3159,8,39,7,46
76.3322,8,39,7,46
76.3459,8,39,7,46
76.3622,9,38,8,45
76.3759,9,38,8,45
76.3938,9,38,8,45
76.4076,9,39,8,46
76.4225,9,39,8,46
76.4347,9,39,8,46
76.4521,9,38,7,49
76.4663,9,38,7,49
76.4809,9,38,7,49
76.4955,9,39,8,45
76.5121,9,39,8,45
76.5256,9,38,7,46
76.5459,9,38,7,46
76.5609,9,38,7,46
76.5771,8,39,7,46
76.5907,8,39,7,46
76.6101,8,39,7,46
76.6224,9,38,7,45
76.6362,9,38,7,45
76.6536,9,38,7,45
76.6669,9,39,7,46
76.6822,9,39,7,46
76.6979,9,39,7,46
76.7131,9,38,8,45
76.7270,9,38,8,45
76.7458,9,38,8,45
76.7614,9,38,8,45
76.7768,9,38,8,45
76.7906,8,39,7,48
76.8101,8,39,7,48
76.8298,8,39,7,48
76.8446,9,38,8,45
76.8627,9,38,8,45
76.8800,9,38,8,45
76.9012,9,38,8,45
76.9263,8,39,7,45
76.9458,8,39,7,45
76.9636,8,39,7,45
76.9759,9,39,7,45
76.9942,9,39,7,45
77.0108,9,39,7,45
77.0279,9,38,7,46
77.0415,9,38,7,46
77.0598,9,38,7,46
77.0731,9,38,8,45
77.0879,9,38,8,45
77.1055,9,38,7,45
77.1218,9,38,7,45
77.1366,9,38,7,45
77.1523,9,38,8,45
77.1658,9,38,8,45
77.1817,9,38,8,45
77.1956,8,38,7,46
77.2141,8,38,7,46
77.2279,8,38,7,46
77.2417,9,38,7,46
77.2580,9,38,7,46
77.2726,9,38,7,46
77.2856,8,39,8,45
77.3035,8,39,8,45
77.3166,8,39,8,45
77.3346,8,38,8,46
77.3477,8,38,8,46
77.3623,8,38,8,46
77.3775,9,38,8,45
77.3948,9,38,8,45
77.4101,9,38,8,45
77.4251,8,39,7,45
77.4442,8,39,7,45
77.4598,9,38,8,45
77.4732,9,38,8,45
77.4863,9,38,8,45
77.5041,8,39,7,45
77.5187,8,39,7,45
77.5322,8,39,7,45
77.5455,9,38,8,45
77.5621,9,38,8,45
77.5753,9,38,8,45
77.5937,9,38,8,45
77.6071,9,38,8,45
77.6212,9,38,8,45
77.6350,9,38,7,45
77.6536,9,38,7,45
77.6675,9,38,7,45
77.6822,9,38,8,45
77.6982,9,38,8,45
77.7122,9,38,8,45
77.7271,8,38,7,45
77.7430,8,38,7,45
77.7578,8,38,7,45
77.7741,9,38,8,45
77.7873,9,38,8,45
77.7998,9,38,8,45
77.8191,9,38,8,46
77.8341,9,38,8,46
77.8492,9,38,8,46
77.8641,8,38,7,46
77.8864,8,38,7,46
77.9046,9,38,8,45
77.9240,9,38,8,45
77.9406,9,38,8,45
77.9581,14,26,13,48
77.9715,14,26,13,48
77.9914,13,26,14,49
78.0105,13,26,14,49
78.0246,13,26,14,49
78.0439,13,26,14,49
78.0582,13,26,14,49
78.0722,13,26,14,49
78.0879,14,25,13,48
78.1037,14,25,13,48
78.1169,14,25,13,48
78.1325,14,26,14,48
78.1469,14,26,14,48
78.1623,14,26,14,48
78.1757,14,26,14,49
78.1909,14,26,14,49
78.2086,14,26,14,49
78.2219,14,26,14,48
78.2354,14,26,14,48
78.2520,14,26,14,48
78.2654,14,25,13,48
78.2818,14,25,13,48
78.2955,14,25,13,48
78.3121,14,25,13,48
78.3267,14,25,13,48
78.3439,14,25,13,48
78.3578,13,26,14,49
78.3717,13,26,14,49
78.3854,13,25,14,49
78.4032,13,25,14,49
78.4165,13,25,14,49
78.4309,13,25,14,49
78.4454,11,25,13,48
78.4626,11,25,13,48
78.4768,11,25,13,48
78.4908,14,25,14,48
78.5065,14,25,14,48
78.5227,13,25,13,48
78.5356,13,25,13,48
78.5529,13,25,13,48
78.5668,14,26,13,48
78.5847,14,26,13,48
78.5980,14,26,13,48
78.6119,14,26,14,48
78.6277,14,26,14,48
78.6419,14,26,14,48
78.6569,14,26,13,48
78.6726,14,26,13,48
78.6863,14,26,13,48
78.7023,14,26,13,48
78.7207,14,26,13,48
78.7369,14,26,13,48
78.7596,14,25,13,48
78.7751,14,25,13,48
78.7912,13,25,13,48
78.8052,13,25,13,48
78.8226,13,25,13,48
78.8372,14,26,14,48
78.8531,14,26,14,48
78.8702,14,26,14,48
78.8851,13,25,13,48
78.9040,13,25,13,48
78.9268,13,26,14,49
78.9445,13,26,14,49
78.9590,13,26,14,49
78.9800,13,25,14,49
78.9965,13,25,14,49
79.0139,14,25,13,48
79.0272,14,25,13,48
79.0416,14,25,13,48
79.0578,13,26,14,49
79.0723,13,26,14,49
79.0863,13,26,14,49
79.1037,13,26,15,49
79.1179,13,26,15,49
79.1326,13,26,15,49
79.1458,14,26,14,48
79.1609,14,26,14,48
79.1761,14,26,14,48
79.1937,14,25,13,48
79.2084,14,25,13,48
79.2223,14,25,13,48
79.2372,13,26,14,49
79.2522,13,26,14,49
79.2659,13,26,14,49
79.2809,14,25,13,48
79.2954,14,25,13,48
79.3133,14,25,13,48
79.3269,13,25,13,48
79.3407,13,25,13,48
79.3548,13,25,13,48
79.3723,13,26,14,49
79.3853,13,26,14,49
79.4024,13,26,14,49
79.4159,13,25,13,48
79.4344,13,25,13,48
79.4476,13,25,13,48
79.4645,13,26,14,49
79.4782,13,26,14,49
79.4940,13,26,14,49
79.5073,13,26,14,49
79.5229,13,26,14,49
79.5359,13,26,14,49
79.5527,13,26,14,49
79.5658,13,26,14,49
79.5812,13,26,14,49
79.5953,13,26,13,48
79.6126,13,26,13,48
79.6260,13,26,13,48
79.6418,13,26,14,49
79.6695,13,26,14,49
79.6830,13,25,13,48
79.7015,13,25,13,48
79.7191,14,26,14,49
79.7319,14,26,14,49
79.7472,14,26,14,49
79.7605,14,26,14,49
79.7753,13,25,17,48
79.7906,13,25,17,48
79.8035,13,25,17,48
79.8193,14,25,15,48
79.8370,14,25,15,48
79.8523,13,26,14,49
79.8685,13,26,14,49
79.8808,13,26,14,49
79.9081,13,26,14,49
79.9301,13,26,14,49
79.9446,20,9,2,28
79.9599,20,9,2,28
79.9757,20,9,2,28
79.9945,23,4,1,23
80.0117,23,4,1,23
80.0301,23,3,0,24
80.0490,23,3,0,24
80.0623,23,3,0,24
80.0792,23,4,1,23
80.0941,23,4,1,23
80.1119,23,4,1,23
80.1249,24,4,1,24
80.1414,24,4,1,24
80.1538,24,4,1,24
80.1731,24,3,1,23
80.1871,24,3,1,23
80.2047,24,3,1,23
80.2187,24,4,1,24
80.2319,24,4,1,24
80.2452,24,4,1,24
80.2613,24,3,1,23
80.2754,24,3,1,23
80.2955,24,4,1,24
80.3089,24,4,1,24
80.3230,24,4,1,24
80.3365,24,4,1,24
80.3500,24,3,1,23
80.3660,24,3,1,23
80.3798,24,3,1,23
80.3953,24,4,1,24
80.4122,24,4,1,24
80.4252,24,3,1,23
80.4420,24,3,1,23
80.4573,24,3,1,23
80.4715,24,3,1,23
80.4838,24,4,1,24
80.4998,24,4,1,24
80.5135,24,4,1,24
80.5301,23,4,1,23
80.5420,23,4,1,23
80.5619,24,3,0,24
80.5752,24,3,0,24
80.5945,24,3,0,24
80.6085,24,4,1,23
80.6219,24,4,1,23
80.6357,24,4,1,23
80.6511,24,4,1,23
80.6650,24,4,1,23
80.6820,24,4,1,23
80.6960,23,3,0,24
80.7119,23,3,0,24
80.7271,23,3,0,24
80.7413,23,3,0,24
80.7611,23,3,0,24
80.7756,23,3,0,24
80.7959,23,4,1,23
80.8109,23,4,1,23
80.8282,24,3,1,24
80.8432,24,3,1,24
80.8639,24,3,1,24
80.8791,24,4,1,24
80.9046,24,4,1,24
80.9246,24,3,0,24
80.9409,24,3,0,24
80.9562,24,3,0,24
80.9706,23,3,0,24
80.9909,23,3,0,24
81.0121,23,4,1,23
81.0279,23,4,1,23
81.0422,23,4,1,23
81.0582,23,3,0,24
81.0722,23,3,0,24
81.0878,23,3,0,24
81.1032,24,4,1,24
81.1179,24,4,1,24
81.1320,24,4,1,24
81.1460,24,3,0,24
81.1609,24,3,0,24
81.1731,24,3,0,24
81.1919,23,3,0,24
81.2080,23,3,0,24
81.2235,23,3,0,24
81.2352,23,4,1,23
81.2531,23,4,1,23
81.2664,23,4,1,23
81.2827,23,4,1,23
81.2953,23,4,1,23
81.3127,23,3,0,24
81.3268,23,3,0,24
81.3407,23,3,0,24
81.3562,23,3,0,24
81.3721,23,3,0,24
81.3851,23,3,0,24
81.4022,23,3,0,24
81.4143,24,3,1,23
81.4331,24,3,1,23
81.4462,24,3,1,24
81.4607,24,3,1,24
81.4765,24,3,1,24
81.4939,24,4,1,24
81.5073,24,4,1,24
81.5214,24,4,1,24
81.5351,24,3,0,24
81.5516,24,3,0,24
81.5648,24,3,0,24
81.5787,24,4,1,23
81.5943,24,4,1,23
81.6085,24,4,1,23
81.6223,23,3,0,24
81.6373,23,3,0,24
81.6530,23,3,0,24
81.6673,23,4,1,23
81.6822,23,4,1,23
81.6959,23,4,1,23
81.7128,23,3,0,24
81.7265,23,3,0,24
81.7452,23,3,0,24
81.7606,23,3,0,24
81.7792,23,3,0,24
81.7945,23,3,0,24
81.8131,24,3,1,24
81.8312,24,3,1,24
81.8474,24,3,1,23
81.8642,24,3,1,23
81.8786,24,3,1,23
81.8999,24,3,1,24
81.9210,24,3,1,24
81.9372,14,20,3,33
81.9534,14,20,3,33
81.9697,14,20,3,33
81.9861,1,40,8,45
82.0009,1,40,8,45
82.0192,1,40,8,45
82.0333,0,41,8,43
82.0483,0,41,8,43
82.0620,0,41,8,43
82.0792,0,44,7,46
82.0954,0,44,7,46
82.1119,1,40,8,43
82.1256,1,40,8,43
82.1409,1,40,8,43
82.1561,0,41,7,46
82.1720,0,41,7,46
82.1855,0,41,7,46
82.2010,0,41,7,45
82.2170,0,41,7,45
82.2332,0,41,7,45
82.2468,0,41,7,46
82.2606,0,41,7,46
82.2737,0,41,7,46
82.2896,1,41,8,43
82.3068,1,41,8,43
82.3204,1,41,8,43
82.3347,0,41,7,43
82.3494,0,41,7,43
82.3631,0,41,7,43
82.3767,1,40,8,43
82.3945,1,40,8,43
82.4069,1,40,8,43
82.4205,0,44,7,46
82.4353,0,44,7,46
82.4484,0,44,7,46
82.4642,1,43,7,45
82.4809,1,43,7,45
82.4953,1,43,7,45
82.5123,1,41,7,44
82.5241,1,41,7,44
82.5421,1,41,7,44
82.5553,0,41,8,44
82.5725,0,41,8,44
82.5863,0,41,8,44
82.6010,1,40,8,43
82.6130,1,40,8,43
82.6321,1,40,8,43
82.6453,1,43,7,45
82.6675,1,43,7,45
82.6813,1,43,7,45
82.6989,1,40,8,45
82.7217,1,40,8,45
82.7370,1,41,8,43
82.7579,1,41,8,43
82.7833,0,41,7,45
82.7996,0,41,7,45
82.8142,0,41,7,45
82.8280,1,40,8,43
82.8441,1,40,8,43
82.8618,1,40,8,43
82.8787,1,40,8,43
82.9081,1,40,7,45
82.9315,1,40,7,45
82.9453,1,40,7,45
82.9577,0,41,8,43
82.9799,0,41,8,43
82.9970,1,40,8,43
83.0147,1,40,8,43
83.0307,1,40,8,43
83.0467,1,40,7,43
83.0609,1,40,7,43
83.0750,1,40,7,43
83.0884,0,44,8,45
83.1039,0,44,8,45
83.1185,0,44,8,45
83.1318,0,41,7,44
83.1460,0,41,7,44
83.1612,0,41,7,44
83.1750,0,41,8,45
83.1939,0,41,8,45
83.2084,0,41,8,45
83.2226,1,40,7,45
83.2370,1,40,7,45
83.2526,1,40,7,45
83.2672,1,40,7,45
83.2812,1,40,7,45
83.2950,1,40,7,45
83.3117,1,40,7,43
83.3249,1,40,7,43
83.3411,1,40,7,43
83.3575,0,44,7,45
83.3725,0,44,7,45
83.3856,0,44,7,45
83.4009,1,43,8,45
83.4157,1,43,8,45
83.4317,1,43,8,45
83.4455,1,41,7,46
83.4609,1,41,7,46
83.4735,1,41,7,46
83.4937,1,41,7,44
83.5070,1,41,7,44
83.5220,1,41,7,44
83.5358,0,41,7,44
83.5530,0,41,7,44
83.5666,0,41,7,44
83.5808,0,41,7,46
83.5958,0,41,7,46
83.6119,0,41,7,46
83.6259,0,41,7,43
83.6411,0,41,7,43
83.6559,0,41,7,43
83.6733,0,41,7,44
83.6867,0,41,7,44
83.7051,1,40,7,45
83.7208,1,40,7,45
83.7357,1,40,7,45
83.7533,0,41,8,46
83.7753,0,41,8,46
83.7891,0,41,8,46
83.8049,1,44,8,45
83.8210,1,44,8,45
83.8373,1,40,8,45
83.8591,1,40,8,45
83.8761,1,40,8,45
83.8910,1,40,7,44
83.9198,1,40,7,44
83.9354,1,35,14,44
83.9514,1,35,14,44
83.9702,0,9,38,43
83.9858,0,9,38,43
84.0009,0,9,38,43
84.0181,1,8,38,44
84.0328,1,8,38,44
84.0468,1,8,38,44
84.0600,1,8,39,44
84.0731,1,8,39,44
84.0902,1,8,39,44
84.1063,1,9,38,44
84.1218,1,9,38,44
84.1366,1,9,38,44
84.1519,1,9,38,43
84.1653,1,9,38,43
84.1826,1,9,38,43
84.1962,0,9,38,43
84.2118,0,9,38,43
84.2254,0,9,38,43
84.2416,0,9,38,43
84.2561,0,9,38,43
84.2716,0,9,38,43
84.2849,1,8,39,44
84.3030,1,8,39,44
84.3163,1,8,39,44
84.3306,0,9,38,43
84.3456,0,9,38,43
84.3622,0,9,38,43
84.3759,1,8,36,43
84.3908,1,8,36,43
84.4073,1,8,36,43
84.4231,0,9,35,44
84.4363,0,9,35,44
84.4505,0,9,35,44
84.4672,0,9,35,44
84.4821,0,9,35,44
84.4973,0,9,35,44
84.5112,1,8,38,44
84.5247,1,8,38,44
84.5440,1,8,38,44
84.5571,1,8,38,44
84.5713,1,8,38,44
84.5862,1,8,38,44
84.6026,0,9,35,44
84.6160,0,9,35,44
84.6305,0,9,35,44
84.6459,1,9,38,43
84.6685,1,9,38,43
84.6885,1,8,35,43
84.7062,1,8,35,43
84.7221,1,8,35,43
84.7357,1,9,35,44
84.7523,1,9,35,44
84.7689,1,9,38,44
84.7832,1,9,38,44
84.7992,1,9,38,44
84.8177,1,8,38,43
84.8332,1,8,38,43
84.8527,1,8,38,43
84.8688,1,8,38,44
84.8840,1,8,38,44
84.9111,1,9,38,44
84.9300,1,9,38,44
84.9481,1,9,38,43
84.9629,1,9,38,43
84.9809,1,9,38,43
84.9959,1,8,35,44
85.0133,1,8,35,44
85.0258,1,8,35,44
85.0437,1,8,36,43
85.0569,1,8,36,43
85.0728,1,8,36,43
85.0845,0,9,38,43
85.1017,0,9,38,43
85.1154,0,9,38,43
85.1312,1,8,38,44
85.1453,1,8,38,44
85.1617,1,8,38,44
85.1752,0,9,39,43
85.1919,0,9,39,43
85.2082,0,9,39,43
85.2216,1,8,38,44
85.2356,1,8,38,44
85.2505,1,8,38,44
85.2627,0,9,35,43
85.2799,0,9,35,43
85.2940,0,9,35,43
85.3092,0,9,38,44
85.3255,0,9,38,44
85.3400,0,9,38,44
85.3563,0,9,39,43
85.3702,0,9,39,43
85.3892,1,8,38,44
85.4041,1,8,38,44
85.4229,1,8,38,44
85.4363,1,8,38,44
85.4519,1,8,38,44
85.4650,1,8,38,44
85.4823,0,9,39,43
85.4955,0,9,39,43
85.5121,0,9,39,43
85.5253,1,8,36,44
85.5456,1,8,36,44
85.5589,1,8,36,44
85.5732,1,8,38,44
85.5888,1,8,38,44
85.6054,1,8,38,44
85.6197,1,9,35,44
85.6341,1,9,35,44
85.6488,1,9,35,44
85.6687,1,8,38,43
85.6823,1,8,38,43
85.7015,1,8,38,44
85.7153,1,8,38,44
85.7336,1,8,38,44
85.7481,1,8,39,44
85.7626,1,8,39,44
85.7768,1,8,39,44
85.7920,1,9,38,44
85.8078,1,9,38,44
85.8252,1,9,38,44
85.8400,1,9,38,43
85.8587,1,9,38,43
85.8716,1,9,38,43
85.8903,1,8,38,43
85.9136,1,8,35,44
85.9337,1,8,35,44
85.9516,1,8,35,44
85.9703,19,23,4,40
85.9866,19,23,4,40
85.9998,19,23,4,40
86.0197,19,24,6,41
86.0398,19,24,6,41
86.0547,18,24,6,41
86.0723,18,24,6,41
86.0882,18,24,6,41
86.1026,18,23,6,40
86.1172,18,23,6,40
86.1313,18,23,6,40
86.1464,18,24,6,41
86.1615,18,24,6,41
86.1746,18,24,6,41
86.1923,18,24,6,41
86.2109,18,24,6,41
86.2290,18,24,6,41
86.2453,18,23,6,40
86.2630,18,23,6,40
86.2770,18,24,6,41
86.2915,18,24,6,41
86.3067,18,24,6,41
86.3209,18,23,6,40
86.3330,18,23,6,40
86.3491,18,23,6,40
86.3623,18,23,6,40
86.3794,18,24,6,41
86.3941,18,24,6,41
86.4115,18,23,6,40
86.4255,18,23,6,40
86.4411,18,23,6,40
86.4529,18,24,6,41
86.4686,18,24,6,41
86.4805,18,24,6,41
86.4993,18,23,6,40
86.5130,18,23,6,40
86.5290,18,23,6,40
86.5444,18,24,6,41
86.5607,18,24,6,41
86.5756,18,24,6,41
86.5915,18,23,4,40
86.6080,18,23,4,40
86.6218,18,23,4,40
86.6353,19,23,4,40
86.6517,19,23,4,40
86.6651,19,23,4,40
86.6829,19,23,6,40
86.6969,19,23,6,40
86.7117,19,23,6,40
86.7253,19,23,6,40
86.7476,19,23,6,40
86.7631,18,23,6,41
86.7784,18,23,6,41
86.7935,18,23,6,41
86.8109,19,23,4,40
86.8264,19,23,4,40
86.8467,19,23,4,40
86.8612,18,24,6,41
86.8836,18,24,6,41
86.9051,18,24,4,40
86.9240,18,24,4,40
86.9456,18,23,4,40
86.9606,18,23,4,40
86.9767,18,23,4,40
86.9916,19,23,6,40
87.0152,19,23,6,40
87.0323,19,23,6,41
87.0461,19,23,6,41
87.0613,19,23,6,41
87.0762,18,24,6,41
87.0915,18,24,6,41
87.1075,18,24,6,41
87.1212,19,23,6,40
87.1351,19,23,6,40
87.1515,19,23,6,40
87.1649,19,24,4,40
87.1807,19,24,4,40
87.1943,19,24,4,40
87.2124,19,23,6,41
87.2259,19,23,6,41
87.2407,19,23,6,41
87.2534,18,23,6,41
87.2690,18,23,6,41
87.2823,18,23,6,41
87.2989,19,23,4,40
87.3126,19,23,4,40
87.3297,19,23,4,40
87.3440,18,24,6,41
87.3612,18,24,6,41
87.3776,18,24,6,41
87.3945,18,24,4,40
87.4083,18,24,4,40
87.4213,18,24,4,40
87.4361,19,23,4,40
87.4520,19,23,4,40
87.4650,19,23,4,40
87.4804,18,23,6,40
87.4954,18,23,6,40
87.5119,18,23,6,40
87.5270,18,24,6,41
87.5411,18,24,6,41
87.5569,18,24,6,41
87.5721,18,24,6,41
87.5857,18,24,6,41
87.6024,18,24,6,41
87.6170,18,23,6,40
87.6318,18,23,6,40
87.6455,18,24,6,41
87.6691,18,24,6,41
87.6830,18,24,6,41
87.6990,18,24,6,41
87.7131,18,24,6,41
87.7302,18,24,6,41
87.7482,18,24,6,41
87.7672,18,24,6,41
87.7810,18,24,6,41
87.8002,18,24,6,41
87.8226,18,24,6,41
87.8371,18,23,6,40
87.8569,18,23,6,40
87.8729,18,24,6,41
87.8881,18,24,6,41
87.9123,18,23,6,40
87.9408,18,23,6,40
87.9630,20,15,3,36
87.9759,20,15,3,36
87.9911,20,15,3,36
88.0088,21,13,3,34
88.0286,21,13,3,34
88.0416,21,13,3,34
88.0592,20,14,2,34
88.0733,20,14,2,34
88.0906,20,14,2,34
88.1040,21,13,3,33
88.1183,21,13,3,33
88.1323,21,13,3,33
88.1464,20,14,2,33
88.1621,20,14,2,33
88.1764,20,14,2,33
88.1916,21,13,3,34
88.2092,21,13,3,34
88.2229,21,13,3,34
88.2362,20,14,3,34
88.2510,20,14,3,34
88.2651,20,14,3,34
88.2789,20,14,3,34
88.2938,20,14,3,34
88.3077,20,14,3,34
88.3221,20,13,3,34
88.3352,20,13,3,34
88.3531,20,13,3,34
88.3666,21,13,2,33
88.3813,21,13,2,33
88.3961,21,13,2,33
88.4120,20,13,3,34
88.4251,20,13,3,34
88.4413,20,13,3,34
88.4539,21,13,2,33
88.4721,21,13,2,33
88.4850,21,13,2,33
88.5030,20,13,3,34
88.5164,20,13,3,34
88.5317,20,13,3,34
88.5459,21,13,2,33
88.5605,21,13,2,33
88.5746,20,13,2,33
88.5917,20,14,3,34
88.6067,20,14,3,34
88.6212,20,14,2,33
88.6371,20,14,2,33
88.6559,20,14,2,33
88.6691,21,13,3,34
88.6852,21,13,3,34
88.6989,21,13,3,34
88.7124,20,13,3,33
88.7300,20,13,3,33
88.7471,20,13,3,33
88.7688,21,13,3,34
88.7811,21,13,3,34
88.8003,21,13,3,34
88.8152,21,13,3,34
88.8328,21,13,3,34
88.8459,20,13,3,33
88.8645,20,13,3,33
88.8805,20,13,3,33
88.9066,20,13,2,34
88.9284,20,13,2,34
88.9502,20,14,3,34
88.9648,20,14,3,34
88.9834,21,14,3,34
88.9981,21,14,3,34
89.0124,21,14,3,34
89.0247,20,14,3,33
89.0415,20,14,3,33
89.0570,20,14,3,33
89.0736,20,14,2,33
89.0866,20,14,2,33
89.1033,20,14,2,33
89.1169,21,13,2,34
89.1313,21,13,2,34
89.1461,21,13,2,34
89.1607,20,14,2,33
89.1743,20,14,2,33
89.1918,20,14,2,33
89.2088,21,14,2,33
89.2258,21,14,2,33
89.2392,21,14,2,33
89.2544,21,14,2,33
89.2682,21,14,2,33
89.2822,21,14,2,33
89.2956,20,14,3,34
89.3114,20,14,3,34
89.3245,20,14,3,34
89.3406,21,14,2,34
89.3530,21,14,2,34
89.3703,21,14,2,34
89.3852,20,14,2,34
89.4006,20,14,2,34
89.4155,20,14,2,34
89.4313,21,13,3,33
89.4458,21,13,3,33
89.4606,21,13,3,33
89.4740,20,14,3,33
89.4914,20,14,3,33
89.5067,20,14,3,33
89.5215,20,14,2,33
89.5355,20,14,2,33
89.5490,20,14,2,33
89.5637,21,13,2,34
89.5769,21,13,2,34
89.5927,21,13,2,34
89.6087,21,13,3,34
89.6226,21,13,3,34
89.6362,21,13,3,34
89.6502,20,14,2,34
89.6635,20,14,2,34
89.6815,20,14,2,34
89.6960,21,13,3,34
89.7120,21,13,3,34
89.7262,21,13,3,34
89.7450,20,14,3,34
89.7590,20,14,3,34
89.7758,21,14,2,33
89.7913,21,14,2,33
89.8128,21,14,2,33
89.8318,21,14,2,33
89.8480,21,14,2,33
89.8640,21,14,2,33
89.8774,21,14,3,34
89.8905,21,14,3,34
89.9210,21,13,2,33
89.9352,21,13,2,33
89.9504,13,24,13,43
89.9687,13,24,13,43
89.9833,13,24,13,43
89.9999,0,36,29,58
90.0182,0,36,29,58
90.0321,0,36,29,58
90.0471,1,35,30,59
90.0600,1,35,30,59
90.0792,1,35,30,59
90.0912,1,36,28,59
90.1083,1,36,28,59
90.1213,1,36,28,59
90.1383,0,36,29,59
90.1521,0,36,29,59
90.1696,0,36,29,59
90.1832,1,35,29,58
90.1990,1,35,29,58
90.2125,1,35,29,58
90.2283,1,35,26,59
90.2419,1,35,26,59
90.2592,1,35,26,59
90.2728,1,35,26,59
90.2895,1,35,26,59
90.3060,0,36,28,59
90.3237,0,36,28,59
90.3356,0,36,28,59
90.3518,0,36,26,58
90.3672,0,36,26,58
90.3820,0,36,26,58
90.3969,0,36,28,58
90.4117,0,36,28,58
90.4255,0,36,28,58
90.4402,0,36,29,59
90.4535,0,36,29,59
90.4698,0,36,29,59
90.4842,1,35,29,58
90.4985,1,35,29,58
90.5149,1,35,29,58
90.5281,1,35,29,58
90.5418,1,35,29,58
90.5567,1,35,29,58
90.5702,1,35,29,58
90.5842,1,36,28,58
90.6017,1,36,28,58
90.6153,0,36,28,58
90.6319,0,36,28,58
90.6456,0,36,28,58
90.6680,1,36,30,58
90.6829,1,36,30,58
90.6999,1,36,30,58
90.7167,1,35,28,58
90.7317,1,35,28,58
90.7475,1,35,28,59
90.7668,1,35,28,59
90.7789,1,35,28,59
90.7943,0,36,26,58
90.8104,0,36,26,58
90.8298,0,36,26,58
90.8436,0,36,30,59
90.8606,0,36,30,59
90.8753,0,36,30,59
90.8901,0,36,30,58
90.9227,0,36,30,58
90.9364,0,36,30,58
90.9506,0,36,30,58
90.9689,0,36,30,58
90.9841,1,35,29,59
90.9984,1,35,29,59
91.0142,1,35,29,59
91.0280,1,35,30,58
91.0457,1,35,30,58
91.0588,0,36,30,59
91.0741,0,36,30,59
91.0901,0,36,30,59
91.1070,1,35,26,58
91.1212,1,35,26,58
91.1376,1,35,26,58
91.1588,1,36,28,59
91.1724,1,36,28,59
91.1921,1,36,30,58
91.2074,1,36,30,58
91.2231,1,36,30,58
91.2377,0,36,29,59
91.2510,0,36,29,59
91.2693,0,36,29,59
91.2836,1,35,29,59
91.2974,1,35,29,59
91.3117,1,35,29,59
91.3248,1,35,29,58
91.3416,1,35,29,58
91.3573,1,35,29,58
91.3722,1,35,26,59
91.3858,1,35,26,59
91.4003,1,35,26,59
91.4136,0,36,28,59
91.4317,0,36,28,59
91.4452,0,36,28,59
91.4632,0,36,30,58
91.4749,0,36,30,58
91.4917,0,36,30,58
91.5045,0,36,30,59
91.5203,0,36,30,59
91.5345,0,36,30,59
91.5516,0,36,30,58
91.5668,0,36,30,58
91.5811,0,36,30,58
91.5954,1,36,29,58
91.6132,1,36,29,58
91.6272,1,36,29,58
91.6412,0,36,26,59
91.6685,0,36,26,59
91.6832,1,35,28,58
91.7007,1,35,28,58
91.7158,1,35,28,58
91.7314,0,36,30,59
91.7481,0,36,30,59
91.7636,0,36,30,59
91.7759,1,35,26,59
91.7914,1,35,26,59
91.8058,1,35,26,59
91.8210,1,35,26,59
91.8379,1,35,26,59
91.8525,1,35,26,59
91.8685,0,36,26,59
91.8875,0,36,26,59
91.9056,1,35,29,58
91.9235,1,35,29,58
91.9391,1,35,29,58
91.9567,3,30,28,55
91.9772,3,30,28,55
91.9938,16,6,21,40
92.0152,16,6,21,40
92.0328,16,6,21,40
92.0459,15,5,22,41
92.0590,15,5,22,41
92.0743,15,5,22,41
92.0881,16,5,22,40
92.1011,16,5,22,40
92.1156,16,5,22,40
92.1305,15,5,22,41
92.1455,15,5,22,41
92.1614,15,5,22,41
92.1745,15,5,20,41
92.1903,15,5,20,41
92.2032,15,5,20,41
92.2213,15,6,23,41
92.2343,15,6,23,41
92.2504,15,6,23,41
92.2643,16,6,23,41
92.2812,16,6,23,41
92.2951,16,6,23,41
92.3119,16,5,20,41
92.3252,16,5,20,41
92.3442,16,5,20,41
92.3576,16,6,23,41
92.3718,16,6,23,41
92.3880,16,6,23,41
92.4025,16,6,23,40
92.4167,16,6,23,40
92.4309,16,6,23,40
92.4453,16,6,23,41
92.4623,16,6,23,41
92.4755,16,6,23,41
92.4926,16,5,22,40
92.5086,16,5,22,40
92.5227,15,5,22,40
92.5360,15,5,20,40
92.5502,15,5,20,40
92.5651,15,5,20,41
92.5814,15,5,20,41
92.5952,15,5,20,41
92.6103,15,5,20,40
92.6260,15,5,20,40
92.6414,15,5,20,40
92.6569,16,6,23,41
92.6709,16,6,23,41
92.6859,16,6,23,41
92.7027,16,5,20,40
92.7165,16,5,20,40
92.7330,16,5,20,40
92.7476,15,5,22,40
92.7641,15,5,22,40
92.7791,15,5,22,40
92.8003,15,5,22,40
92.8214,15,5,22,40
92.8357,15,5,20,40
92.8535,15,5,20,40
92.8687,15,5,20,40
92.8840,16,6,23,41
92.9026,16,6,23,41
92.9206,16,6,23,41
92.9338,16,6,21,40
92.9536,16,6,21,40
92.9691,16,5,22,40
92.9874,16,5,22,40
93.0013,16,5,22,40
93.0177,15,5,22,40
93.0333,15,5,22,40
93.0497,15,5,22,40
93.0682,15,5,20,40
93.0818,15,5,20,40
93.0986,16,5,20,40
93.1124,16,5,22,40
93.1293,16,5,22,40
93.1453,16,6,21,40
93.1600,16,6,21,40
93.1747,16,6,21,40
93.1917,16,6,23,41
93.2082,16,6,23,41
93.2221,16,6,23,41
93.2358,15,5,22,41
93.2526,15,5,22,41
93.2658,15,5,22,41
93.2822,16,6,21,40
93.2956,16,6,21,40
93.3091,16,6,21,40
93.3242,16,5,22,40
93.3377,16,5,22,40
93.3533,16,5,22,40
93.3680,15,5,20,40
93.3839,15,5,20,40
93.3982,15,5,20,40
93.4145,15,5,20,40
93.4280,15,5,20,40
93.4455,15,5,20,40
93.4590,15,5,20,40
93.4745,15,5,20,40
93.4881,15,5,20,40
93.5040,15,5,22,41
93.5183,15,5,22,41
93.5342,15,5,22,41
93.5491,16,6,23,41
93.5630,16,6,23,41
93.5769,16,6,23,41
93.5918,15,5,22,40
93.6044,15,5,22,40
93.6213,15,5,22,40
93.6342,16,6,20,40
93.6501,16,6,20,40
93.6659,16,6,20,40
93.6812,16,6,21,40
93.6960,16,6,21,40
93.7142,16,6,21,40
93.7312,16,6,21,40
93.7499,16,6,21,40
93.7643,16,5,20,40
93.7781,16,5,20,40
93.7981,16,5,20,40
93.8185,15,5,22,40
93.8314,15,5,22,40
93.8521,15,5,20,40
93.8702,15,5,20,40
93.8903,15,5,20,40
93.9202,15,5,20,40
93.9389,16,6,23,41
93.9583,16,6,23,41
93.9719,16,6,23,41
93.9905,10,9,29,43
94.0137,10,9,29,43
94.0272,10,9,29,43
94.0412,10,9,29,44
94.0585,10,9,29,44
94.0725,10,9,29,44
94.0861,10,9,29,43
94.1018,10,9,29,43
94.1161,10,9,29,44
94.1325,10,9,29,44
94.1459,10,9,29,44
94.1588,10,9,29,44
94.1772,11,8,29,43
94.1899,11,8,29,43
94.2069,11,9,29,43
94.2208,11,9,29,43
94.2376,11,9,29,43
94.2510,10,9,29,43
94.2658,10,9,29,43
94.2807,10,9,29,43
94.2966,11,8,29,44
94.3112,11,8,29,44
94.3259,11,8,29,44
94.3393,11,9,29,43
94.3536,11,9,29,43
94.3671,11,9,29,43
94.3813,11,9,29,43
94.3955,10,9,29,43
94.4123,10,9,29,43
94.4278,11,9,29,43
94.4412,11,8,30,44
94.4559,11,8,30,44
94.4725,11,8,30,44
94.4858,11,8,30,44
94.5015,11,8,30,44
94.5168,11,8,30,44
94.5311,11,8,30,44
94.5470,11,8,30,44
94.5611,11,8,30,44
94.5743,11,8,30,44
94.5912,11,8,30,44
94.6048,11,8,30,44
94.6211,11,8,30,44
94.6358,11,8,30,44
94.6507,11,8,30,44
94.6650,11,8,30,44
94.6816,11,8,30,44
94.6971,11,8,30,44
94.7152,11,8,30,44
94.7310,11,8,30,44
94.7468,11,8,30,44
94.7618,11,8,30,44
94.7795,11,8,30,44
94.7956,11,8,30,44
94.8131,11,8,30,44
94.8281,11,9,30,43
94.8484,11,9,30,43
94.8702,11,9,30,43
94.8861,11,9,29,43
94.9046,11,9,29,43
94.9208,10,9,30,43
94.9395,10,9,30,43
94.9606,11,8,30,44
94.9798,11,8,30,44
94.9983,11,8,30,44
95.0132,11,9,29,44
95.0294,11,9,29,44
95.0454,11,9,29,44
95.0613,10,9,30,44
95.0750,10,9,30,44
95.0902,10,9,30,44
95.1051,11,8,30,44
95.1211,11,8,30,44
95.1342,11,8,30,44
95.1503,10,9,29,43
95.1642,10,9,29,43
95.1812,10,9,29,43
95.1952,11,8,30,44
95.2103,11,8,30,44
95.2275,11,8,29,43
95.2411,11,8,29,43
95.2567,11,8,29,43
95.2712,11,9,29,43
95.2873,11,9,29,43
95.3013,11,9,29,43
95.3156,10,9,29,43
95.3311,10,9,29,43
95.3462,10,9,29,43
95.3611,11,8,29,44
95.3748,11,8,29,44
95.3917,11,8,29,44
95.4087,11,9,29,43
95.4222,11,9,29,43
95.4382,11,9,29,43
95.4513,10,9,29,43
95.4676,10,9,29,43
95.4800,10,9,29,43
95.4983,11,8,30,44
95.5124,11,8,30,44
95.5291,11,8,30,44
95.5412,11,8,29,44
95.5611,11,8,29,44
95.5746,11,8,29,44
95.5912,11,8,29,43
95.6092,11,8,29,43
95.6257,10,9,30,44
95.6387,10,9,30,44
95.6528,10,9,30,44
95.6671,10,9,30,44
95.6812,10,9,29,44
95.6964,10,9,29,44
95.7111,10,9,29,44
95.7269,11,8,29,44
95.7421,11,8,29,44
95.7591,11,8,30,44
95.7762,11,8,30,44
95.7947,11,8,30,44
95.8141,10,9,29,44
95.8288,10,9,29,44
95.8487,10,9,29,44
95.8693,10,9,29,44
95.8853,10,9,29,44
95.9054,10,9,29,44
95.9303,10,9,29,44
95.9441,10,9,29,44
95.9609,10,9,29,44
95.9745,10,9,29,44
95.9919,8,28,13,45
96.0097,8,28,13,45
96.0286,8,39,7,45
96.0419,8,39,7,45
96.0566,8,39,7,45
96.0704,9,35,7,45
96.0896,9,35,7,45
96.1070,9,35,7,45
96.1217,9,39,7,45
96.1366,9,39,7,45
96.1522,9,39,7,45
96.1657,9,38,8,45
96.1817,9,38,8,45
96.1967,9,38,8,45
96.2111,8,39,7,45
96.2256,8,39,7,45
96.2414,8,39,7,45
96.2565,8,36,8,45
96.2712,8,36,8,45
96.2842,8,36,8,45
96.3037,9,38,8,45
96.3166,9,38,8,45
96.3321,9,38,8,45
96.3457,8,39,7,46
96.3613,8,39,7,46
96.3746,8,39,7,46
96.3900,8,38,7,46
96.4026,8,38,7,46
96.4194,8,38,7,46
96.4326,9,38,7,45
96.4482,9,38,7,45
96.4628,9,38,7,45
96.4791,9,38,8,45
96.4941,9,38,8,45
96.5088,9,38,8,45
96.5226,8,38,7,46
96.5371,8,38,7,46
96.5513,8,38,7,46
96.5662,8,38,7,46
96.5814,8,38,7,46
96.5961,8,38,7,46
96.6112,9,35,8,46
96.6249,9,35,8,46
96.6414,8,38,7,46
96.6637,8,38,7,46
96.6812,8,38,7,46
96.6960,9,38,8,45
96.7141,9,38,8,45
96.7286,9,38,8,45
96.7455,8,38,7,46
96.7618,8,38,7,46
96.7789,9,38,8,46
96.7996,9,38,8,46
96.8127,9,38,8,46
96.8298,9,38,8,45
96.8474,9,38,8,45
96.8625,8,38,7,45
96.8798,8,38,7,45
96.9066,8,38,7,45
96.9237,8,38,7,46
96.9377,8,38,7,46
96.9515,9,38,8,45
96.9705,9,38,8,45
96.9888,9,38,8,45
97.0074,9,38,8,46
97.0216,9,38,8,46
97.0358,9,38,8,46
97.0513,9,39,7,45
97.0662,9,39,7,45
97.0802,9,39,7,45
97.0963,9,38,7,46
97.1112,9,38,7,46
97.1246,9,38,7,46
97.1401,8,39,8,45
97.1580,8,39,8,45
97.1721,8,39,8,45
97.1856,9,39,7,45
97.2011,9,39,7,45
97.2170,9,39,7,45
97.2313,9,38,8,45
97.2452,9,38,8,45
97.2620,9,38,8,45
97.2756,8,39,7,45
97.2941,8,39,7,45
97.3080,8,39,7,45
97.3222,8,39,7,45
97.3370,8,39,7,45
97.3522,8,39,8,45
97.3670,8,39,8,45
97.3818,8,39,8,45
97.3952,8,38,8,46
97.4119,8,38,8,46
97.4253,8,38,8,46
97.4383,8,38,7,45
97.4556,8,38,7,45
97.4696,8,38,7,45
97.4834,8,38,7,45
97.4969,9,39,7,45
97.5131,9,39,7,45
97.5271,9,39,7,45
97.5410,8,38,8,45
97.5567,8,38,8,45
97.5707,8,38,8,45
97.5853,9,38,8,45
97.6012,9,38,8,45
97.6143,9,38,8,45
97.6306,8,38,8,45
97.6454,8,38,8,45
97.6678,8,39,7,46
97.6813,8,39,7,46
97.6993,8,39,7,46
97.7153,9,38,8,45
97.7327,9,38,8,45
97.7466,9,38,8,45
97.7613,9,39,8,46
97.7767,9,39,8,46
97.7911,9,39,8,46
97.8085,9,38,7,46
97.8259,9,38,7,46
97.8403,9,38,8,45
97.8603,9,38,8,45
97.8794,9,38,8,45
97.9011,8,39,8,45
97.9219,8,39,8,45
97.9415,8,38,8,46
97.9588,8,38,8,46
97.9751,11,34,9,46
97.9892,11,34,9,46
98.0083,11,34,9,46
98.0226,13,26,13,48
98.0378,13,26,13,48
98.0549,13,26,13,48
98.0701,13,25,13,49
98.0847,13,25,13,49
98.1011,13,25,13,49
98.1140,14,25,13,48
98.1301,14,25,13,48
98.1461,14,25,13,48
98.1610,13,25,13,48
98.1739,13,25,13,48
98.1913,13,25,13,48
98.2078,13,26,14,49
98.2225,13,26,14,49
98.2371,13,26,14,49
98.2520,13,25,13,48
98.2672,13,25,13,48
98.2811,13,25,13,48
98.2951,14,26,14,48
98.3122,14,26,14,48
98.3258,14,26,14,48
98.3395,14,26,15,48
98.3557,14,26,15,48
98.3696,14,26,15,48
98.3879,14,25,14,49
98.4046,14,25,14,49
98.4222,13,25,13,48
98.4356,13,25,13,48
98.4519,13,25,13,48
98.4658,13,26,14,49
98.4811,13,26,14,49
98.4955,13,26,14,49
98.5099,13,26,14,49
98.5236,13,26,14,49
98.5410,13,26,14,49
98.5555,13,25,17,48
98.5717,13,25,17,48
98.5856,13,25,17,48
98.6023,13,26,14,49
98.6156,13,26,14,49
98.6298,13,26,14,49
98.6456,13,25,13,48
98.6681,13,25,13,48
98.6878,13,25,13,48
98.7035,13,25,13,48
98.7210,13,25,13,48
98.7355,13,25,15,49
98.7523,13,25,15,49
98.7672,13,25,15,49
98.7830,14,26,13,48
98.7979,14,26,13,48
98.8172,13,25,13,48
98.8319,13,25,13,48
98.8472,13,25,13,48
98.8697,14,26,17,48
98.8842,14,26,17,48
98.9050,13,25,13,48
98.9296,13,25,13,48
98.9459,13,25,15,48
98.9616,13,25,15,48
98.9758,13,25,15,48
98.9974,13,25,15,48
99.0183,13,25,15,48
99.0325,13,25,15,48
99.0489,13,26,17,49
99.0628,13,26,17,49
99.0782,13,26,17,49
99.0931,14,26,14,49
99.1113,14,26,14,49
99.1251,13,25,15,48
99.1412,13,25,15,48
99.1565,13,25,15,48
99.1717,14,25,13,48
99.1843,14,25,13,48
99.1991,14,25,13,48
99.2140,13,26,17,49
99.2273,13,26,17,49
99.2460,13,26,17,49
99.2599,13,25,15,48
99.2752,13,25,15,48
99.2887,13,25,15,48
99.3078,13,26,17,48
99.3201,13,26,17,48
99.3378,13,26,17,48
99.3552,14,26,17,48
99.3699,14,26,17,48
99.3839,14,26,17,48
99.4011,14,25,13,48
99.4148,14,25,13,48
99.4299,14,25,13,48
99.4455,14,25,15,48
99.4628,14,25,15,48
99.4761,14,25,15,48
99.4898,13,26,15,48
99.5061,13,26,15,48
99.5210,13,26,15,48
99.5359,14,26,13,48
99.5511,14,26,13,48
99.5649,14,25,13,48
99.5810,14,25,15,49
99.5953,14,25,15,49
99.6125,14,25,13,48
99.6259,14,25,13,48
99.6409,14,25,13,48
99.6681,14,26,14,48
99.6831,14,26,14,48
99.7002,14,25,15,48
99.7147,14,25,15,48
99.7297,14,25,15,48
99.7472,14,26,17,48
99.7687,14,26,17,48
99.7833,14,26,17,48
99.8034,14,26,17,48
99.8195,14,26,17,48
99.8351,13,25,15,48
99.8526,13,25,15,48
99.8706,13,25,15,48
99.8909,13,26,17,48
99.9140,13,26,17,48
99.9311,14,26,17,48
99.9472,14,26,17,48
99.9638,14,26,17,48
99.9783,13,23,13,45
99.9993,13,23,13,45
100.0186,24,3,1,23
100.0330,24,3,1,23
100.0507,24,3,1,23
100.0657,24,4,1,23
100.0815,24,4,1,23
100.0951,24,4,1,23
100.1108,23,3,0,24
100.1254,23,3,0,24
100.1416,23,3,0,24
100.1567,23,3,0,24
100.1708,23,3,0,24
100.1840,23,3,0,24
100.2010,23,3,0,24
100.2178,23,3,0,24
100.2346,23,3,0,24
100.2481,23,3,0,24
100.2629,23,3,0,24
100.2767,23,4,1,23
100.2907,23,4,1,23
100.3078,23,4,1,23
100.3211,24,4,0,23
100.3340,24,4,0,24
100.3498,24,4,0,24
100.3644,23,3,0,24
100.3828,23,3,0,24
100.3967,23,3,0,24
100.4129,24,3,0,24
100.4267,24,3,0,24
100.4408,24,3,0,24
100.4561,23,3,0,24
100.4703,23,3,0,24
100.4852,23,3,0,24
100.5012,24,3,1,24
100.5150,24,3,1,24
100.5302,24,3,1,24
100.5441,23,3,0,24
100.5613,23,3,0,24
100.5749,23,3,0,24
100.5917,24,3,1,23
100.6088,24,3,1,23
100.6225,24,3,1,23
100.6360,23,4,1,23
100.6551,23,4,1,23
100.6674,23,4,1,23
100.6827,24,3,1,23
100.6967,24,3,1,23
100.7117,24,3,1,23
100.7287,23,4,1,23
100.7448,23,4,1,23
100.7594,23,4,1,23
100.7779,23,4,1,23
100.7942,23,4,1,23
100.8103,24,4,1,23
100.8249,24,4,1,23
100.8411,24,4,1,23
100.8566,24,3,0,24
100.8713,24,3,0,24
100.8871,24,3,0,24
100.9146,23,3,0,24
100.9389,24,3,1,24
100.9562,24,3,1,24
100.9732,24,3,1,24
100.9886,23,3,0,24
101.0037,23,3,0,24
101.0200,23,3,0,24
101.0377,24,3,1,23
101.0513,24,3,1,23
101.0662,24,3,1,23
101.0796,23,3,0,24
101.0988,23,3,0,24
101.1132,23,3,0,24
101.1302,23,4,1,23
101.1453,23,4,1,23
101.1597,23,4,1,23
101.1744,24,4,0,24
101.1908,24,4,0,24
101.2068,23,3,0,24
101.2222,23,3,0,24
101.2381,23,3,0,24
101.2533,24,4,1,23
101.2670,24,4,1,23
101.2821,24,4,1,23
101.2959,23,3,0,24
101.3107,23,3,0,24
101.3250,23,3,0,24
101.3397,23,3,0,24
101.3523,23,3,0,24
101.3682,23,3,0,24
101.3820,23,3,0,24
101.3981,23,4,0,24
101.4130,23,4,0,24
101.4293,23,3,0,24
101.4441,23,3,0,24
101.4582,23,3,0,24
101.4724,23,3,0,24
101.4858,23,3,0,24
101.5010,23,3,0,24
101.5155,23,3,0,24
101.5296,23,4,1,23
101.5457,23,4,1,23
101.5615,24,4,1,23
101.5755,24,4,1,23
101.5911,24,4,1,23
101.6055,23,3,0,24
101.6215,23,3,0,24
101.6357,23,3,0,24
101.6510,23,4,1,23
101.6656,23,4,1,23
101.6807,23,4,1,23
101.6944,23,3,0,24
101.7112,23,3,0,24
101.7261,23,3,0,24
101.7415,23,3,0,24
101.7583,23,3,0,24
101.7762,23,3,0,24
101.7904,24,3,1,23
101.8086,24,3,1,23
101.8281,24,3,1,24
101.8444,24,3,1,24
101.8615,24,3,1,24
101.8772,24,4,1,24
101.8906,24,4,1,24
101.9200,24,4,1,23
101.9362,24,4,1,23
101.9518,24,4,1,23
101.9687,24,3,1,24
101.9842,24,3,1,24
102.0000,4,39,8,43
102.0209,4,39,8,43
102.0378,4,39,8,43
102.0517,0,41,7,46
102.0678,0,41,7,46
102.0816,0,41,7,46
102.0983,1,41,8,45
102.1112,1,41,8,45
102.1292,1,41,8,45
102.1455,0,41,7,45
102.1607,0,41,7,45
102.1760,0,41,7,45
102.1888,0,41,7,43
102.2118,0,41,7,43
102.2280,1,40,7,43
102.2440,1,40,7,43
102.2595,1,40,7,43
102.2739,1,40,8,45
102.2909,1,40,8,45
102.3060,1,40,8,45
102.3212,1,41,8,43
102.3351,1,41,8,43
102.3522,1,41,8,43
102.3658,1,40,7,45
102.3804,1,40,7,45
102.3954,1,40,7,45
102.4109,0,41,8,45
102.4272,0,41,8,45
102.4411,0,41,8,45
102.4570,0,41,8,45
102.4720,0,41,8,45
102.4857,0,41,8,45
102.5011,1,40,7,45
102.5161,1,40,7,45
102.5306,1,40,7,45
102.5440,1,41,8,45
102.5601,1,41,8,45
102.5735,1,41,8,45
102.5914,1,40,8,45
102.6069,1,40,8,45
102.6213,1,40,8,45
102.6343,1,40,7,46
102.6531,1,40,7,46
102.6661,1,40,7,46
102.6807,1,41,8,45
102.6961,1,41,8,45
102.7121,1,40,8,46
102.7270,1,40,8,46
102.7423,1,40,8,46
102.7598,1,40,8,43
102.7746,1,40,8,43
102.7881,1,40,8,43
102.8087,0,41,8,43
102.8287,0,41,8,43
102.8452,0,44,7,45
102.8626,0,44,7,45
102.8773,0,44,7,45
102.9029,0,41,8,45
102.9278,0,41,8,45
102.9499,1,40,8,43
102.9639,1,40,8,43
102.9800,1,40,7,43
102.9958,1,40,7,43
103.0122,1,40,7,43
103.0255,1,40,8,43
103.0398,1,40,8,43
103.0567,1,40,8,43
103.0709,0,41,7,45
103.0843,0,41,7,45
103.1008,0,41,7,45
103.1143,1,40,7,43
103.1312,1,40,7,43
103.1452,1,40,7,43
103.1606,0,41,8,46
103.1741,0,41,8,46
103.1939,0,41,8,46
103.2082,0,41,7,46
103.2276,0,41,7,46
103.2414,1,40,7,43
103.2580,1,40,7,43
103.2717,1,40,7,43
103.2879,1,40,7,43
103.3000,0,41,8,46
103.3176,0,41,8,46
103.3311,0,41,8,46
103.3501,0,41,7,46
103.3650,0,41,7,46
103.3774,1,40,7,45
103.3940,1,40,7,45
103.4076,1,40,7,45
103.4231,1,40,7,45
103.4373,1,40,7,45
103.4514,1,40,7,45
103.4649,1,40,7,45
103.4802,1,40,7,45
103.4954,1,40,7,45
103.5109,1,40,7,43
103.5239,1,40,7,43
103.5420,1,40,7,43
103.5573,0,41,8,44
103.5707,0,41,8,44
103.5848,0,41,8,44
103.6001,1,40,7,44
103.6150,1,40,7,44
103.6308,1,40,7,44
103.6452,0,41,7,43
103.6660,0,41,7,43
103.6798,0,41,7,43
103.6944,0,41,7,44
103.7090,0,41,7,44
103.7257,0,41,7,44
103.7413,0,41,7,44
103.7590,0,41,7,44
103.7787,1,40,8,45
103.7970,1,40,8,45
103.8153,1,40,8,45
103.8289,1,40,7,44
103.8451,1,40,7,44
103.8603,1,40,7,44
103.8776,0,41,8,44
103.8913,0,41,8,44
103.9196,1,40,7,46
103.9394,1,40,7,46
103.9542,1,41,8,45
103.9748,1,41,8,45
103.9949,1,20,8,45
104.0114,1,20,24,43
104.0272,1,20,24,43
104.0409,1,9,38,43
104.0555,1,9,38,43
104.0722,1,9,38,43
104.0856,0,9,38,43
104.1011,0,9,38,43
104.1160,0,9,38,43
104.1307,1,8,39,44
104.1462,1,8,39,44
104.1602,1,8,39,44
104.1734,1,8,39,44
104.1900,1,8,35,44
104.2019,1,8,35,44
104.2157,1,8,35,44
104.2300,0,9,35,43
104.2457,0,9,35,43
104.2623,0,9,35,43
104.2756,1,8,39,44
104.2895,1,8,39,44
104.3040,1,8,39,44
104.3208,0,9,39,43
104.3341,0,9,39,43
104.3497,0,9,39,43
104.3640,1,8,38,44
104.3807,1,8,38,44
104.3940,1,8,38,44
104.4099,0,9,38,44
104.4242,0,9,38,44
104.4416,0,9,38,43
104.4571,0,9,38,43
104.4708,0,9,38,43
104.4869,0,9,38,43
104.5015,0,9,38,43
104.5164,0,9,38,43
104.5299,0,9,39,43
104.5490,0,9,39,43
104.5627,0,9,39,43
104.5815,1,8,39,44
104.5952,1,8,39,44
104.6119,1,8,39,44
104.6262,0,9,36,44
104.6413,0,9,36,44
104.6681,0,9,38,43
104.6825,0,9,38,43
104.6991,0,9,38,43
104.7138,1,9,38,44
104.7302,1,9,38,44
104.7465,1,9,38,44
104.7639,1,8,36,43
104.7777,1,8,36,43
104.7990,0,9,35,44
104.8181,0,9,35,44
104.8325,0,9,35,44
104.8513,0,9,38,44
104.8694,0,9,38,44
104.8865,0,9,39,44
104.9033,0,9,39,44
104.9291,1,8,36,44
104.9445,1,8,36,44
104.9602,1,8,36,44
104.9774,0,9,38,43
104.9946,0,9,38,43
105.0199,1,9,35,44
105.0333,1,9,35,44
105.0472,1,9,35,44
105.0613,1,8,38,43
105.0759,1,8,38,43
105.0908,1,8,38,43
105.1071,0,9,39,43
105.1211,0,9,39,43
105.1353,0,9,39,43
105.1508,0,9,35,44
105.1645,0,9,35,44
105.1800,0,9,35,44
105.1937,0,9,38,43
105.2115,0,9,38,43
105.2259,0,9,38,43
105.2397,0,9,39,43
105.2525,0,9,39,43
105.2687,0,9,39,43
105.2821,1,8,35,43
105.2991,1,8,35,44
105.3155,1,8,35,44
105.3285,1,8,38,44
105.3440,1,8,38,44
105.3570,1,8,38,44
105.3709,0,9,39,44
105.3856,0,9,39,43
105.4020,0,9,39,43
105.4156,1,9,39,43
105.4294,1,8,39,44
105.4468,1,8,39,44
105.4605,0,9,39,44
105.4747,0,9,39,44
105.4896,0,9,39,44
105.5036,1,8,38,43
105.5213,1,8,38,43
105.5344,1,8,38,43
105.5498,0,9,35,44
105.5656,0,9,35,44
105.5811,0,9,35,44
105.5953,1,8,36,43
105.6106,1,8,36,43
105.6243,1,8,36,43
105.6410,0,9,38,43
105.6557,0,9,38,43
105.6706,0,9,38,43
105.6843,1,8,39,43
105.7015,1,8,39,43
105.7187,1,8,39,43
105.7333,0,9,35,44
105.7481,0,9,35,44
105.7632,0,9,35,44
105.7780,1,9,38,44
105.7982,1,9,38,44
105.8211,1,8,38,43
105.8348,1,8,38,43
105.8518,1,8,38,43
105.8668,1,8,38,44
105.8832,1,8,38,44
105.9022,1,9,38,44
105.9288,1,9,38,44
105.9457,1,9,38,44
105.9597,1,8,38,44
105.9772,1,8,38,44
105.9935,5,13,28,43
106.0089,5,13,28,43
106.0229,5,13,28,43
106.0402,19,23,4,40
106.0563,19,23,4,40
106.0707,19,23,4,40
106.0828,19,23,4,40
106.1003,19,23,4,40
106.1149,19,23,4,40
106.1306,19,23,4,40
106.1439,19,23,4,40
106.1592,19,23,4,40
106.1738,18,24,6,41
106.1940,18,24,6,41
106.2081,18,24,6,41
106.2255,19,23,4,40
106.2398,19,23,4,40
106.2555,19,23,4,40
106.2686,19,23,6,40
106.2831,19,23,6,40
106.2980,19,23,6,40
106.3125,19,23,6,40
106.3261,19,23,6,40
106.3418,19,23,6,40
106.3599,18,23,6,41
106.3736,18,23,6,41
106.3906,19,23,4,40
106.4059,19,23,4,40
106.4207,19,23,4,40
106.4351,18,24,6,41
106.4520,18,24,6,41
106.4657,18,24,6,41
106.4798,18,24,6,41
106.4940,19,23,4,40
106.5105,19,23,4,40
106.5236,18,24,4,40
106.5403,18,24,4,40
106.5557,18,24,4,40
106.5725,19,24,4,40
106.5858,19,24,4,40
106.5998,19,24,4,40
106.6150,18,24,6,41
106.6306,18,24,6,41
106.6459,18,24,6,41
106.6659,19,23,4,40
106.6793,19,23,4,40
106.6961,19,23,4,40
106.7088,19,23,4,40
106.7284,19,23,4,40
106.7445,19,23,4,40
106.7588,19,24,4,40
106.7772,19,24,4,40
106.7932,19,23,6,40
106.8126,19,23,6,40
106.8269,19,23,6,40
106.8408,19,23,6,41
106.8581,19,23,6,41
106.8739,19,23,6,41
106.8893,18,23,4,40
106.9142,18,23,4,40
106.9328,18,24,6,41
106.9457,18,24,6,41
106.9632,18,24,6,41
106.9771,19,23,6,40
106.9998,19,23,6,40
107.0180,18,24,6,40
107.0316,18,24,6,40
107.0482,18,24,6,40
107.0630,19,23,4,40
107.0806,19,23,4,40
107.0955,19,23,4,40
107.1103,19,23,6,40
107.1241,19,23,6,40
107.1377,19,23,6,40
107.1552,18,23,6,40
107.1691,18,23,6,40
107.1853,18,23,6,40
107.2001,19,23,4,40
107.2157,19,23,4,40
107.2303,19,23,4,40
107.2467,19,24,6,41
107.2603,19,24,6,41
107.2751,19,24,6,41
107.2880,19,23,6,40
107.3069,19,23,6,40
107.3189,19,23,6,40
107.3327,19,23,6,40
107.3463,19,23,6,40
107.3616,19,23,6,40
107.3755,18,23,6,41
107.3905,18,23,6,41
107.4062,18,23,6,41
107.4201,19,23,4,40
107.4355,19,23,4,40
107.4517,19,23,4,40
107.4649,19,24,4,40
107.4790,19,24,4,40
107.4961,19,24,4,40
107.5098,19,23,6,40
107.5246,19,23,6,40
107.5378,19,24,4,40
107.5591,19,24,4,40
107.5774,19,24,4,40
107.5910,19,24,4,40
107.6093,19,24,4,40
107.6235,19,24,4,40
107.6409,18,24,4,40
107.6559,18,24,4,40
107.6713,18,24,4,40
107.6853,19,23,4,40
107.7015,19,23,4,40
107.7163,19,23,4,40
107.7294,18,23,6,40
107.7434,18,23,6,40
107.7611,18,23,6,40
107.7750,18,24,6,40
107.7894,18,24,6,40
107.8070,18,24,6,40
107.8222,19,24,6,41
107.8350,19,24,6,41
107.8499,19,24,6,41
107.8668,19,23,4,40
107.8814,19,23,4,40
107.9009,18,23,6,40
107.9311,18,23,6,40
107.9477,18,23,6,40
107.9629,18,23,6,40
107.9845,18,23,6,40
107.9987,18,23,6,40
108.0187,18,23,6,40
108.0373,21,13,2,34
108.0545,21,13,2,34
108.0706,21,13,2,34
108.0845,21,13,2,33
108.1000,21,13,2,33
108.1135,21,13,2,33
108.1308,21,14,2,34
108.1453,21,14,2,34
108.1601,21,14,2,34
108.1744,20,14,2,34
108.1936,20,14,2,34
108.2087,21,13,3,33
108.2275,21,13,3,33
108.2407,21,13,3,33
108.2569,20,14,3,33
108.2706,20,14,3,33
108.2872,20,14,3,33
108.3017,20,14,2,33
108.3204,20,14,2,33
108.3340,20,14,2,33
108.3507,21,13,2,34
108.3645,21,13,2,34
108.3810,21,13,2,34
108.3955,20,14,2,33
108.4099,20,14,2,33
108.4232,20,14,2,33
108.4413,20,14,2,33
108.4566,20,14,2,33
108.4720,20,14,2,33
108.4859,21,13,3,34
108.5012,21,13,3,34
108.5145,21,13,3,34
108.5304,20,13,3,33
108.5456,20,13,3,33
108.5610,20,13,3,33
108.5740,20,13,2,34
108.5903,20,13,2,34
108.6055,20,13,2,34
108.6208,21,14,3,34
108.6339,21,14,3,34
108.6512,21,14,3,34
108.6651,20,14,3,34
108.6808,20,14,3,34
108.6959,21,14,3,34
108.7118,21,13,3,34
108.7271,21,13,3,34
108.7411,20,14,2,34
108.7571,20,14,2,34
108.7708,20,14,2,34
108.7867,20,14,3,34
108.8047,20,14,3,34
108.8202,20,14,3,34
108.8382,21,13,3,34
108.8582,21,13,3,34
108.8738,21,14,2,34
108.8894,21,14,2,34
108.9133,21,13,3,34
108.9354,21,13,3,34
108.9501,21,13,3,34
108.9683,21,13,3,34
108.9837,21,13,3,34
109.0026,21,13,3,34
109.0174,20,13,3,34
109.0332,20,13,3,34
109.0486,20,13,3,34
109.0623,20,14,3,34
109.0773,20,14,3,34
109.0911,20,14,3,34
109.1072,20,14,3,34
109.1223,20,14,3,34
109.1359,20,14,3,34
109.1507,21,14,2,33
109.1647,21,14,2,33
109.1803,21,14,2,33
109.1954,21,14,2,33
109.2108,21,14,2,33
109.2261,21,14,2,33
109.2403,21,14,3,34
109.2547,21,14,3,34
109.2699,21,14,3,34
109.2838,20,13,3,33
109.3012,20,13,3,33
109.3145,20,13,3,33
109.3320,20,13,2,34
109.3469,20,13,2,34
109.3603,20,13,2,34
109.3737,21,14,3,34
109.3898,21,14,3,34
109.4058,21,13,3,34
109.4206,21,13,2,34
109.4337,21,13,2,34
109.4497,21,13,2,34
109.4635,20,14,3,34
109.4820,20,14,3,34
109.4960,21,14,2,33
109.5108,21,14,2,33
109.5260,21,14,2,33
109.5405,21,14,2,33
109.5529,21,13,2,34
109.5702,21,13,2,34
109.5843,20,14,3,34
109.6018,20,14,3,34
109.6153,20,14,3,34
109.6294,21,13,3,34
109.6455,21,13,3,34
109.6678,21,13,3,34
109.6872,21,13,3,34
109.7023,21,13,3,34
109.7212,21,14,3,34
109.7342,21,14,3,34
109.7529,21,14,3,34
109.7695,20,13,3,33
109.7848,20,13,3,33
109.8012,20,13,3,33
109.8196,20,13,2,34
109.8377,20,13,2,34
109.8533,21,14,3,34
109.8716,21,14,3,34
109.8869,21,14,3,34
109.9081,21,13,2,34
109.9280,21,13,2,34
109.9456,21,14,3,34
109.9630,21,14,3,34
109.9756,21,14,3,34
109.9901,21,13,3,34
110.0067,21,13,3,34
110.0218,21,13,3,34
110.0353,4,33,28,55
110.0493,4,33,28,55
110.0641,4,33,28,55
110.0804,0,36,28,58
110.0959,0,36,28,58
110.1103,0,36,28,58
110.1241,0,36,26,59
110.1411,0,36,26,59
110.1560,0,36,26,59
110.1708,0,36,30,59
110.1849,0,36,30,59
110.2005,0,36,30,59
110.2144,1,35,29,59
110.2293,1,35,29,59
110.2455,1,35,29,59
110.2614,1,35,26,59
110.2749,1,35,26,59
110.2892,1,35,26,59
110.3016,0,36,28,59
110.3187,0,36,28,59
110.3323,0,36,28,59
110.3479,1,35,26,59
110.3622,1,35,26,59
110.3779,1,35,26,59
110.3909,1,35,26,59
110.4101,1,35,26,59
110.4256,0,36,26,59
110.4408,0,36,28,58
110.4548,0,36,28,58
110.4713,1,36,30,58
110.4863,1,36,30,58
110.5000,1,36,30,58
110.5146,1,36,30,58
110.5283,1,35,28,58
110.5418,1,35,28,58
110.5587,1,35,28,58
110.5728,1,35,28,59
110.5860,1,35,28,59
110.6018,1,35,28,59
110.6161,1,35,26,59
110.6311,1,35,26,59
110.6452,1,35,26,59
110.6660,1,35,28,58
110.6794,1,35,28,58
110.6963,1,36,28,59
110.7111,1,36,28,59
110.7276,1,36,28,59
110.7410,1,35,28,58
110.7631,1,35,28,58
110.7772,1,35,28,58
110.7923,0,36,28,58
110.8178,0,36,28,58
110.8319,0,36,30,59
110.8512,0,36,30,59
110.8651,0,36,30,59
110.8796,1,35,26,59
110.8982,1,35,26,59
110.9175,1,35,26,59
110.9350,1,35,26,59
110.9516,1,35,26,59
110.9688,0,36,29,58
110.9856,0,36,29,58
111.0027,1,35,26,58
111.0196,1,35,26,58
111.0355,1,35,26,58
111.0515,0,36,26,59
111.0674,0,36,26,59
111.0819,0,36,26,59
111.0966,1,36,30,59
111.1110,1,36,30,59
111.1272,1,36,30,59
111.1433,0,36,28,59
111.1603,0,36,28,59
111.1741,0,36,28,59
111.1907,1,35,29,59
111.2067,1,35,29,59
111.2251,0,36,30,59
111.2389,0,36,30,59
111.2561,0,36,30,59
111.2696,0,36,30,58
111.2839,0,36,30,58
111.2970,0,36,30,58
111.3121,0,36,30,58
111.3267,1,35,26,59
111.3440,1,35,26,59
111.3589,0,36,28,58
111.3720,0,36,28,58
111.3880,0,36,28,58
111.4051,0,36,26,59
111.4208,0,36,26,59
111.4339,0,36,26,59
111.4520,1,35,26,58
111.4639,1,35,26,58
111.4807,1,35,26,58
111.4954,0,36,29,58
111.5103,0,36,29,58
111.5241,0,36,29,58
111.5441,1,36,28,59
111.5575,1,36,28,59
111.5718,1,36,28,59
111.5862,1,35,26,59
111.6016,1,35,26,59
111.6163,1,35,26,59
111.6302,0,36,28,58
111.6463,0,36,28,58
111.6673,0,36,28,58
111.6810,1,36,28,59
111.6982,1,36,28,59
111.7136,0,36,29,58
111.7306,0,36,29,58
111.7450,0,36,29,58
111.7609,1,35,28,58
111.7740,1,35,28,58
111.7913,1,35,28,58
111.8077,1,36,28,59
111.8280,1,36,28,59
111.8486,1,35,30,59
111.8613,1,35,30,59
111.8821,1,35,30,59
111.9056,0,36,29,59
111.9245,0,36,29,59
111.9400,1,36,30,58
111.9591,1,36,30,58
111.9727,1,36,30,58
111.9873,1,35,29,58
112.0027,1,35,29,58
112.0198,1,35,29,58
112.0358,11,15,22,46
112.0495,11,15,22,46
112.0635,11,15,22,46
112.0785,15,5,20,41
112.0945,15,5,20,41
112.1083,15,5,20,41
112.1251,16,6,23,41
112.1393,16,6,23,41
112.1559,16,6,21,41
112.1716,16,6,21,40
112.1875,16,6,21,40
112.2012,16,6,22,40
112.2170,16,6,22,40
112.2306,16,6,22,40
112.2470,16,5,22,40
112.2611,16,5,22,40
112.2760,16,5,22,40
112.2912,15,5,20,41
112.3079,15,5,20,41
112.3218,15,5,20,41
112.3377,16,6,23,41
112.3510,16,6,23,41
112.3674,16,6,23,41
112.3829,15,5,22,40
112.4018,15,5,22,40
112.4152,15,5,22,40
112.4302,15,5,20,40
112.4456,15,5,20,40
112.4616,15,5,20,40
112.4753,16,6,23,41
112.4892,16,6,23,41
112.5066,16,6,23,41
112.5217,16,5,22,40
112.5352,16,5,22,40
112.5493,16,5,22,40
112.5642,15,5,20,40
112.5801,15,5,20,40
112.5944,15,5,20,40
112.6093,15,5,20,41
112.6216,15,5,20,41
112.6379,15,5,20,41
112.6514,15,5,20,41
112.6674,15,5,20,41
112.6828,15,5,20,41
112.7010,15,5,22,41
112.7161,15,5,22,41
112.7299,15,5,22,41
112.7492,16,5,20,41
112.7654,16,5,20,41
112.7801,16,6,23,41
112.7999,16,6,23,41
112.8191,15,5,20,40
112.8353,15,5,20,40
112.8512,15,5,20,40
112.8682,15,5,22,40
112.8838,15,5,22,40
112.9117,15,5,22,41
112.9286,15,5,22,41
112.9460,15,5,22,41
112.9683,16,5,22,40
112.9865,16,5,22,40
113.0005,15,5,20,41
113.0130,15,5,20,41
113.0313,15,5,20,41
113.0461,15,6,21,41
113.0611,15,6,21,41
113.0749,15,6,21,41
113.0900,15,5,22,40
113.1036,15,5,22,40
113.1202,15,5,22,40
113.1336,16,6,23,41
113.1493,16,6,23,41
113.1635,16,6,23,41
113.1810,15,5,22,41
113.1952,15,5,22,41
113.2099,15,5,22,41
113.2258,15,5,22,40
113.2400,15,5,22,40
113.2559,15,5,22,40
113.2707,15,5,22,40
113.2859,15,5,22,40
113.3010,15,5,22,40
113.3150,15,5,20,41
113.3291,15,5,20,41
113.3470,15,5,20,41
113.3600,15,5,22,40
113.3735,15,5,22,40
113.3912,15,5,22,40
113.4070,15,5,22,40
113.4207,15,5,22,40
113.4348,15,5,22,40
113.4482,16,5,22,40
113.4621,16,5,22,40
113.4769,16,5,22,40
113.4910,16,6,23,41
113.5058,16,6,23,41
113.5199,16,6,23,41
113.5321,16,5,20,41
113.5487,16,5,20,41
113.5617,16,5,20,41
113.5749,16,6,21,40
113.5902,16,6,21,40
113.6025,16,6,21,40
113.6206,16,6,23,44
113.6343,16,6,23,44
113.6494,16,6,23,44
113.6646,15,5,20,40
113.6806,15,5,20,40
113.6960,15,5,20,40
113.7112,15,6,23,41
113.7265,15,6,23,41
113.7450,15,6,23,41
113.7597,15,5,20,40
113.7770,15,5,20,40
113.7909,15,5,22,40
113.8096,15,5,22,40
113.8241,15,5,22,40
113.8410,16,6,23,40
113.8580,16,6,23,40
113.8737,16,6,23,40
113.8878,16,6,21,41
113.9123,16,6,21,41
113.9306,15,5,22,40
113.9458,15,5,22,40
113.9639,15,5,22,40
113.9811,16,6,23,40
113.9959,16,6,23,40
114.0142,16,6,23,40
114.0307,14,6,24,44
114.0455,14,6,24,44
114.0613,14,6,24,44
114.0743,10,9,29,43
114.0890,10,9,29,43
114.1038,10,9,29,43
114.1201,10,9,29,43
114.1346,10,9,29,43
114.1489,10,9,29,43
114.1628,11,9,30,43
114.1815,11,9,30,43
114.1956,11,9,29,43
114.2157,11,9,29,43
114.2291,11,9,29,43
114.2453,10,9,30,43
114.2587,10,9,30,43
114.2730,10,9,30,43
114.2873,11,8,30,44
114.3025,11,8,30,44
114.3162,11,8,30,44
114.3322,11,8,29,44
114.3466,11,8,29,44
114.3606,11,8,29,44
114.3737,11,8,29,43
114.3902,11,8,29,43
114.4038,11,8,29,43
114.4206,10,9,30,44
114.4337,10,9,30,44
114.4492,10,9,30,44
114.4628,11,8,30,44
114.4823,11,8,30,44
114.4963,11,8,30,44
114.5101,10,9,30,44
114.5247,10,9,30,44
114.5407,10,9,30,44
114.5538,10,9,29,44
114.5700,10,9,29,44
114.5848,10,9,29,44
114.6022,10,9,29,43
114.6159,10,9,29,43
114.6323,10,9,29,43
114.6472,10,9,29,43
114.6676,10,9,29,43
114.6891,11,8,29,43
114.7072,11,8,29,43
114.7222,11,8,29,43
114.7361,10,9,30,44
114.7502,10,9,30,44
114.7681,10,9,30,44
114.7823,11,8,30,44
114.7965,11,8,30,44
114.8167,11,8,30,44
114.8289,10,9,30,44
114.8444,10,9,30,44
114.8590,10,8,30,44
114.8781,10,8,30,44
114.9015,11,8,30,44
114.9206,11,8,30,44
114.9404,11,8,30,44
114.9608,10,9,29,43
114.9763,10,9,29,43
114.9901,10,9,29,43
115.0082,11,8,29,43
115.0275,11,8,29,43
115.0407,10,9,29,43
115.0596,10,9,29,43
115.0725,10,9,29,43
115.0857,11,8,30,44
115.1018,11,8,30,44
115.1155,11,8,30,44
115.1299,10,9,29,43
115.1453,10,9,29,43
115.1602,10,9,29,43
115.1746,11,8,30,44
115.1898,11,8,30,44
115.2043,11,8,30,44
115.2200,11,8,30,44
115.2340,11,8,30,44
115.2499,11,8,30,44
115.2617,11,8,30,44
115.2776,11,8,30,44
115.2908,11,8,30,44
115.3077,11,9,30,43
115.3216,11,9,30,43
115.3376,11,9,30,43
115.3514,11,9,29,43
115.3677,11,9,29,43
115.3827,11,9,29,43
115.4017,10,9,29,43
115.4152,10,9,29,43
115.4292,10,9,29,43
115.4442,10,9,30,44
115.4613,10,9,30,44
115.4747,10,9,30,44
115.4891,10,9,30,43
115.5066,10,9,30,43
115.5216,10,9,30,43
115.5350,11,8,29,44
115.5515,11,8,29,44
115.5638,11,8,29,44
115.5802,11,9,29,43
115.5955,11,9,29,43
115.6101,11,9,29,43
115.6238,10,9,29,44
115.6401,10,9,29,44
115.6542,10,9,29,44
115.6709,11,9,29,44
115.6853,11,9,29,44
115.7007,11,9,29,44
115.7153,10,9,30,44
115.7311,10,9,30,44
115.7492,10,9,29,44
115.7666,10,9,29,44
115.7801,10,9,29,44
115.8028,11,8,29,44
115.8216,11,8,29,44
115.8362,11,8,30,44
115.8556,11,8,30,44
115.8712,11,8,30,44
115.8861,10,9,30,43
115.9063,10,9,30,43
115.9260,11,8,30,44
115.9417,11,8,30,44
115.9615,11,8,30,44
115.9766,11,8,29,44
115.9916,11,8,29,44
116.0090,11,8,29,44
116.0263,11,14,25,43
116.0401,11,14,25,43
116.0575,8,39,7,46
116.0711,8,39,7,46
116.0861,8,39,7,46
116.0996,8,39,7,46
116.1168,8,38,7,46
116.1309,8,38,7,46
116.1481,8,35,7,46
116.1619,8,35,7,46
116.1799,8,35,7,46
116.1954,9,38,8,45
116.2101,9,38,8,45
116.2250,9,38,8,45
116.2401,9,38,7,46
116.2519,9,38,7,46
116.2707,9,38,7,46
116.2842,8,38,7,46
116.3011,8,38,7,46
116.3131,8,38,7,46
116.3269,9,38,8,45
116.3419,9,38,8,45
116.3580,9,38,8,45
116.3718,8,38,7,46
116.3870,8,38,7,46
116.4055,8,38,7,46
116.4190,9,38,7,46
116.4349,9,38,7,46
116.4496,9,38,7,46
116.4641,9,38,8,45
116.4772,9,38,8,45
116.4916,9,38,8,45
116.5092,9,38,7,45
116.5242,9,38,7,45
116.5403,9,38,7,45
116.5573,9,38,8,45
116.5735,9,38,8,45
116.5868,9,38,8,45
116.6029,9,38,8,45
116.6165,9,38,8,45
116.6305,9,38,8,45
116.6453,8,38,7,46
116.6666,8,38,7,46
116.6805,8,38,7,45
116.6988,8,38,7,45
116.7115,8,38,7,45
116.7267,9,39,7,45
116.7448,9,39,7,45
116.7609,9,39,7,45
116.7778,9,38,7,46
116.7979,9,38,7,46
116.8132,9,38,8,45
116.8299,9,38,8,45
116.8468,9,38,8,45
116.8618,9,38,7,45
116.8791,9,38,7,45
116.9019,9,38,8,46
116.9227,9,38,8,46
116.9367,9,38,8,46
116.9542,9,39,7,45
116.9685,9,39,7,45
116.9841,9,39,7,45
116.9984,9,38,8,46
117.0178,9,38,8,46
117.0369,9,35,7,46
117.0500,9,35,7,46
117.0676,9,35,7,46
117.0841,9,35,7,45
117.1025,9,35,7,45
117.1160,9,35,7,45
117.1304,8,39,7,45
117.1472,8,39,7,45
117.1604,8,39,7,45
117.1737,9,38,8,45
117.1901,9,38,8,45
117.2035,9,38,8,45
117.2217,8,39,8,45
117.2348,8,39,8,45
117.2492,8,39,8,45
117.2626,8,39,7,46
117.2806,8,39,7,46
117.2955,8,39,7,46
117.3108,9,39,7,45
117.3246,9,39,7,45
117.3406,9,39,7,45
117.3550,8,35,7,45
117.3704,8,35,7,45
117.3833,8,39,7,46
117.4021,8,39,7,46
117.4150,8,39,7,46
117.4291,8,39,7,46
117.4441,9,35,7,45
117.4611,9,35,7,45
117.4753,9,35,7,45
117.4883,9,39,7,45
117.5061,9,39,7,45
117.5272,9,35,7,46
117.5410,9,35,7,46
117.5605,9,35,7,46
117.5745,8,36,8,45
117.5901,8,36,8,45
117.6069,8,36,8,45
117.6208,9,38,8,45
117.6357,9,38,8,45
117.6505,9,38,8,45
117.6652,8,39,7,46
117.6800,8,39,7,46
117.6960,8,39,7,46
117.7102,9,38,8,45
117.7243,9,38,8,45
117.7412,9,35,7,46
117.7609,9,35,7,46
117.7757,9,35,7,46
117.7893,9,38,8,45
117.8097,9,38,8,45
117.8243,9,38,8,45
117.8401,9,38,7,46
117.8579,9,38,7,46
117.8745,9,39,7,46
117.8925,9,39,7,46
117.9220,9,38,7,45
117.9489,9,38,7,45
117.9677,9,36,7,45
117.9809,9,36,7,45
118.0010,9,36,7,45
118.0149,9,38,7,45
118.0305,9,38,7,45
118.0451,9,38,7,45
118.0614,14,26,14,49
118.0753,14,26,14,49
118.0900,14,26,14,49
118.1040,13,25,13,48
118.1196,13,25,13,48
118.1339,13,25,13,48
118.1501,14,25,13,48
118.1630,14,25,13,48
118.1802,14,25,13,48
118.1941,14,26,14,48
118.2098,14,26,14,48
118.2239,14,26,14,48
118.2391,13,26,14,49
118.2512,13,26,14,49
118.2699,13,26,14,49
118.2831,13,25,14,49
118.3000,13,25,14,49
118.3146,13,25,14,49
118.3298,13,25,13,49
118.3456,13,25,13,49
118.3594,13,25,13,49
118.3750,14,25,13,48
118.3898,14,25,13,48
118.4051,14,25,13,48
118.4199,13,25,13,48
118.4325,13,25,13,48
118.4461,13,25,13,48
118.4611,13,26,14,49
118.4749,13,26,14,49
118.4894,13,26,14,49
118.5060,13,25,13,48
118.5201,13,25,13,48
118.5335,13,25,13,48
118.5511,13,26,14,49
118.5648,13,26,14,49
118.5800,13,26,14,49
118.5955,13,26,14,49
118.6105,13,26,14,49
118.6247,13,26,14,49
118.6416,13,25,14,49
118.6669,13,25,14,49
118.6795,14,26,13,48
118.6978,14,26,13,48
118.7122,14,26,13,48
118.7287,13,26,14,49
118.7464,13,26,14,49
118.7616,13,26,14,49
118.7759,13,26,14,49
118.7908,13,26,14,49
118.8102,14,25,13,48
118.8247,14,25,13,48
118.8385,14,25,13,48
118.8566,14,26,14,48
118.8773,14,26,14,48
118.8909,13,26,13,48
118.9168,13,26,13,48
118.9299,13,26,13,48
118.9468,14,26,14,48
118.9637,14,26,14,48
118.9801,14,26,14,48
118.9960,14,26,13,48
119.0127,14,26,13,48
119.0272,13,26,14,49
119.0420,13,26,14,49
119.0580,13,26,14,49
119.0721,13,25,13,48
119.0860,13,25,13,48
119.1033,13,25,13,48
119.1172,14,26,13,48
119.1309,14,26,13,48
119.1455,14,26,13,48
119.1594,14,26,13,48
119.1755,13,26,14,49
119.1903,13,26,14,49
119.2056,14,26,13,48
119.2220,14,26,13,48
119.2372,14,26,13,48
119.2503,14,25,15,48
119.2655,14,25,15,48
119.2791,14,25,15,48
119.2973,14,26,17,48
119.3102,14,26,17,48
119.3252,14,26,17,48
119.3393,14,26,17,48
119.3567,14,26,17,48
119.3705,14,26,17,48
119.3856,13,25,15,49
119.3997,13,25,15,49
119.4170,13,25,15,49
119.4315,14,26,13,48
119.4501,14,26,13,48
119.4632,14,26,13,48
119.4788,13,25,15,48
119.4939,13,25,15,48
119.5102,13,25,15,48
119.5241,13,25,15,49
119.5387,13,25,15,49
119.5530,13,25,15,49
119.5701,13,26,15,48
119.5840,13,26,15,48
119.6002,13,26,15,48
119.6139,13,25,17,48
119.6323,13,25,17,48
119.6463,14,25,15,48
119.6653,14,25,15,48
119.6800,14,25,15,48
119.6959,14,26,15,48
119.7115,14,26,15,48
119.7285,14,26,15,48
119.7483,13,25,15,49
119.7631,13,25,15,49
119.7800,14,26,17,48
119.8003,14,26,17,48
119.8192,14,26,17,48
119.8327,14,25,15,49
119.8472,14,25,15,49
119.8668,14,26,15,49
119.8892,14,26,15,49
119.9046,14,26,15,49
119.9234,14,26,17,48
119.9400,14,26,17,48
119.9574,13,26,17,49
119.9793,13,26,17,49
119.9961,13,26,17,49
